Prism Launcher version: 10.0.5 (official)




Launched instance in online mode


login.microsoftonline.com resolves to:
    [20.190.166.131, 20.190.166.68, 40.126.38.22, 20.190.166.133, 40.126.38.21, 40.126.38.20, 20.190.166.66, 20.190.166.132]




session.minecraft.net resolves to:
    [150.171.110.137]




textures.minecraft.net resolves to:
    [150.171.110.136]




api.mojang.com resolves to:
    [150.171.110.136]




Minecraft folder is:
C:/Users/********/AppData/Roaming/PrismLauncher/instances/Fabric 1.21.11/minecraft




Java path is:
C:/Users/********/AppData/Roaming/PrismLauncher/java/java-runtime-delta/bin/javaw.exe




Java is version 21.0.7, using 64 (amd64) architecture, from Microsoft.




Main Class:
  net.fabricmc.loader.impl.launch.knot.KnotClient


Native path:
  C:/Users/********/AppData/Roaming/PrismLauncher/instances/Fabric 1.21.11/natives


Traits:
traits FirstThreadOnMacOS
traits feature:is_quick_play_multiplayer
traits feature:is_quick_play_singleplayer
traits XR:Initial


Libraries:
  C:/Users/********/AppData/Roaming/PrismLauncher/libraries/org/lwjgl/lwjgl-freetype-natives-windows-arm64/3.3.3/lwjgl-freetype-natives-windows-arm64-3.3.3.jar
  C:/Users/********/AppData/Roaming/PrismLauncher/libraries/org/lwjgl/lwjgl-freetype-natives-windows-x86/3.3.3/lwjgl-freetype-natives-windows-x86-3.3.3.jar
  C:/Users/********/AppData/Roaming/PrismLauncher/libraries/org/lwjgl/lwjgl-freetype-natives-windows/3.3.3/lwjgl-freetype-natives-windows-3.3.3.jar
  C:/Users/********/AppData/Roaming/PrismLauncher/libraries/org/lwjgl/lwjgl-freetype/3.3.3/lwjgl-freetype-3.3.3.jar
  C:/Users/********/AppData/Roaming/PrismLauncher/libraries/org/lwjgl/lwjgl-glfw-natives-windows-arm64/3.3.3/lwjgl-glfw-natives-windows-arm64-3.3.3.jar
  C:/Users/********/AppData/Roaming/PrismLauncher/libraries/org/lwjgl/lwjgl-glfw-natives-windows-x86/3.3.3/lwjgl-glfw-natives-windows-x86-3.3.3.jar
  C:/Users/********/AppData/Roaming/PrismLauncher/libraries/org/lwjgl/lwjgl-glfw-natives-windows/3.3.3/lwjgl-glfw-natives-windows-3.3.3.jar
  C:/Users/********/AppData/Roaming/PrismLauncher/libraries/org/lwjgl/lwjgl-glfw/3.3.3/lwjgl-glfw-3.3.3.jar
  C:/Users/********/AppData/Roaming/PrismLauncher/libraries/org/lwjgl/lwjgl-jemalloc-natives-windows-arm64/3.3.3/lwjgl-jemalloc-natives-windows-arm64-3.3.3.jar
  C:/Users/********/AppData/Roaming/PrismLauncher/libraries/org/lwjgl/lwjgl-jemalloc-natives-windows-x86/3.3.3/lwjgl-jemalloc-natives-windows-x86-3.3.3.jar
  C:/Users/********/AppData/Roaming/PrismLauncher/libraries/org/lwjgl/lwjgl-jemalloc-natives-windows/3.3.3/lwjgl-jemalloc-natives-windows-3.3.3.jar
  C:/Users/********/AppData/Roaming/PrismLauncher/libraries/org/lwjgl/lwjgl-jemalloc/3.3.3/lwjgl-jemalloc-3.3.3.jar
  C:/Users/********/AppData/Roaming/PrismLauncher/libraries/org/lwjgl/lwjgl-natives-windows-arm64/3.3.3/lwjgl-natives-windows-arm64-3.3.3.jar
  C:/Users/********/AppData/Roaming/PrismLauncher/libraries/org/lwjgl/lwjgl-natives-windows-x86/3.3.3/lwjgl-natives-windows-x86-3.3.3.jar
  C:/Users/********/AppData/Roaming/PrismLauncher/libraries/org/lwjgl/lwjgl-natives-windows/3.3.3/lwjgl-natives-windows-3.3.3.jar
  C:/Users/********/AppData/Roaming/PrismLauncher/libraries/org/lwjgl/lwjgl-openal-natives-windows-arm64/3.3.3/lwjgl-openal-natives-windows-arm64-3.3.3.jar
  C:/Users/********/AppData/Roaming/PrismLauncher/libraries/org/lwjgl/lwjgl-openal-natives-windows-x86/3.3.3/lwjgl-openal-natives-windows-x86-3.3.3.jar
  C:/Users/********/AppData/Roaming/PrismLauncher/libraries/org/lwjgl/lwjgl-openal-natives-windows/3.3.3/lwjgl-openal-natives-windows-3.3.3.jar
  C:/Users/********/AppData/Roaming/PrismLauncher/libraries/org/lwjgl/lwjgl-openal/3.3.3/lwjgl-openal-3.3.3.jar
  C:/Users/********/AppData/Roaming/PrismLauncher/libraries/org/lwjgl/lwjgl-opengl-natives-windows-arm64/3.3.3/lwjgl-opengl-natives-windows-arm64-3.3.3.jar
  C:/Users/********/AppData/Roaming/PrismLauncher/libraries/org/lwjgl/lwjgl-opengl-natives-windows-x86/3.3.3/lwjgl-opengl-natives-windows-x86-3.3.3.jar
  C:/Users/********/AppData/Roaming/PrismLauncher/libraries/org/lwjgl/lwjgl-opengl-natives-windows/3.3.3/lwjgl-opengl-natives-windows-3.3.3.jar
  C:/Users/********/AppData/Roaming/PrismLauncher/libraries/org/lwjgl/lwjgl-opengl/3.3.3/lwjgl-opengl-3.3.3.jar
  C:/Users/********/AppData/Roaming/PrismLauncher/libraries/org/lwjgl/lwjgl-stb-natives-windows-arm64/3.3.3/lwjgl-stb-natives-windows-arm64-3.3.3.jar
  C:/Users/********/AppData/Roaming/PrismLauncher/libraries/org/lwjgl/lwjgl-stb-natives-windows-x86/3.3.3/lwjgl-stb-natives-windows-x86-3.3.3.jar
  C:/Users/********/AppData/Roaming/PrismLauncher/libraries/org/lwjgl/lwjgl-stb-natives-windows/3.3.3/lwjgl-stb-natives-windows-3.3.3.jar
  C:/Users/********/AppData/Roaming/PrismLauncher/libraries/org/lwjgl/lwjgl-stb/3.3.3/lwjgl-stb-3.3.3.jar
  C:/Users/********/AppData/Roaming/PrismLauncher/libraries/org/lwjgl/lwjgl-tinyfd-natives-windows-arm64/3.3.3/lwjgl-tinyfd-natives-windows-arm64-3.3.3.jar
  C:/Users/********/AppData/Roaming/PrismLauncher/libraries/org/lwjgl/lwjgl-tinyfd-natives-windows-x86/3.3.3/lwjgl-tinyfd-natives-windows-x86-3.3.3.jar
  C:/Users/********/AppData/Roaming/PrismLauncher/libraries/org/lwjgl/lwjgl-tinyfd-natives-windows/3.3.3/lwjgl-tinyfd-natives-windows-3.3.3.jar
  C:/Users/********/AppData/Roaming/PrismLauncher/libraries/org/lwjgl/lwjgl-tinyfd/3.3.3/lwjgl-tinyfd-3.3.3.jar
  C:/Users/********/AppData/Roaming/PrismLauncher/libraries/org/lwjgl/lwjgl/3.3.3/lwjgl-3.3.3.jar
  C:/Users/********/AppData/Roaming/PrismLauncher/libraries/at/yawk/lz4/lz4-java/1.8.1/lz4-java-1.8.1.jar
  C:/Users/********/AppData/Roaming/PrismLauncher/libraries/com/azure/azure-json/1.4.0/azure-json-1.4.0.jar
  C:/Users/********/AppData/Roaming/PrismLauncher/libraries/com/github/oshi/oshi-core/6.9.0/oshi-core-6.9.0.jar
  C:/Users/********/AppData/Roaming/PrismLauncher/libraries/com/google/code/gson/gson/2.13.2/gson-2.13.2.jar
  C:/Users/********/AppData/Roaming/PrismLauncher/libraries/com/google/guava/failureaccess/1.0.3/failureaccess-1.0.3.jar
  C:/Users/********/AppData/Roaming/PrismLauncher/libraries/com/google/guava/guava/33.5.0-jre/guava-33.5.0-jre.jar
  C:/Users/********/AppData/Roaming/PrismLauncher/libraries/com/ibm/icu/icu4j/77.1/icu4j-77.1.jar
  C:/Users/********/AppData/Roaming/PrismLauncher/libraries/com/microsoft/azure/msal4j/1.23.1/msal4j-1.23.1.jar
  C:/Users/********/AppData/Roaming/PrismLauncher/libraries/com/mojang/authlib/7.0.61/authlib-7.0.61.jar
  C:/Users/********/AppData/Roaming/PrismLauncher/libraries/com/mojang/blocklist/1.0.10/blocklist-1.0.10.jar
  C:/Users/********/AppData/Roaming/PrismLauncher/libraries/com/mojang/brigadier/1.3.10/brigadier-1.3.10.jar
  C:/Users/********/AppData/Roaming/PrismLauncher/libraries/com/mojang/datafixerupper/9.0.19/datafixerupper-9.0.19.jar
  C:/Users/********/AppData/Roaming/PrismLauncher/libraries/com/mojang/jtracy/1.0.37/jtracy-1.0.37.jar
  C:/Users/********/AppData/Roaming/PrismLauncher/libraries/com/mojang/jtracy-natives-windows/1.0.37/jtracy-natives-windows-1.0.37.jar
  C:/Users/********/AppData/Roaming/PrismLauncher/libraries/com/mojang/logging/1.6.11/logging-1.6.11.jar
  C:/Users/********/AppData/Roaming/PrismLauncher/libraries/com/mojang/patchy/2.2.10/patchy-2.2.10.jar
  C:/Users/********/AppData/Roaming/PrismLauncher/libraries/com/mojang/text2speech/1.18.11/text2speech-1.18.11.jar
  C:/Users/********/AppData/Roaming/PrismLauncher/libraries/commons-codec/commons-codec/1.19.0/commons-codec-1.19.0.jar
  C:/Users/********/AppData/Roaming/PrismLauncher/libraries/commons-io/commons-io/2.20.0/commons-io-2.20.0.jar
  C:/Users/********/AppData/Roaming/PrismLauncher/libraries/io/netty/netty-buffer/4.2.7.Final/netty-buffer-4.2.7.Final.jar
  C:/Users/********/AppData/Roaming/PrismLauncher/libraries/io/netty/netty-codec-base/4.2.7.Final/netty-codec-base-4.2.7.Final.jar
  C:/Users/********/AppData/Roaming/PrismLauncher/libraries/io/netty/netty-codec-compression/4.2.7.Final/netty-codec-compression-4.2.7.Final.jar
  C:/Users/********/AppData/Roaming/PrismLauncher/libraries/io/netty/netty-codec-http/4.2.7.Final/netty-codec-http-4.2.7.Final.jar
  C:/Users/********/AppData/Roaming/PrismLauncher/libraries/io/netty/netty-common/4.2.7.Final/netty-common-4.2.7.Final.jar
  C:/Users/********/AppData/Roaming/PrismLauncher/libraries/io/netty/netty-handler/4.2.7.Final/netty-handler-4.2.7.Final.jar
  C:/Users/********/AppData/Roaming/PrismLauncher/libraries/io/netty/netty-resolver/4.2.7.Final/netty-resolver-4.2.7.Final.jar
  C:/Users/********/AppData/Roaming/PrismLauncher/libraries/io/netty/netty-transport-classes-epoll/4.2.7.Final/netty-transport-classes-epoll-4.2.7.Final.jar
  C:/Users/********/AppData/Roaming/PrismLauncher/libraries/io/netty/netty-transport-classes-kqueue/4.2.7.Final/netty-transport-classes-kqueue-4.2.7.Final.jar
  C:/Users/********/AppData/Roaming/PrismLauncher/libraries/io/netty/netty-transport-native-unix-common/4.2.7.Final/netty-transport-native-unix-common-4.2.7.Final.jar
  C:/Users/********/AppData/Roaming/PrismLauncher/libraries/io/netty/netty-transport/4.2.7.Final/netty-transport-4.2.7.Final.jar
  C:/Users/********/AppData/Roaming/PrismLauncher/libraries/it/unimi/dsi/fastutil/8.5.18/fastutil-8.5.18.jar
  C:/Users/********/AppData/Roaming/PrismLauncher/libraries/net/java/dev/jna/jna-platform/5.17.0/jna-platform-5.17.0.jar
  C:/Users/********/AppData/Roaming/PrismLauncher/libraries/net/java/dev/jna/jna/5.17.0/jna-5.17.0.jar
  C:/Users/********/AppData/Roaming/PrismLauncher/libraries/net/sf/jopt-simple/jopt-simple/5.0.4/jopt-simple-5.0.4.jar
  C:/Users/********/AppData/Roaming/PrismLauncher/libraries/org/apache/commons/commons-compress/1.28.0/commons-compress-1.28.0.jar
  C:/Users/********/AppData/Roaming/PrismLauncher/libraries/org/apache/commons/commons-lang3/3.19.0/commons-lang3-3.19.0.jar
  C:/Users/********/AppData/Roaming/PrismLauncher/libraries/org/apache/logging/log4j/log4j-api/2.25.2/log4j-api-2.25.2.jar
  C:/Users/********/AppData/Roaming/PrismLauncher/libraries/org/apache/logging/log4j/log4j-core/2.25.2/log4j-core-2.25.2.jar
  C:/Users/********/AppData/Roaming/PrismLauncher/libraries/org/apache/logging/log4j/log4j-slf4j2-impl/2.25.2/log4j-slf4j2-impl-2.25.2.jar
  C:/Users/********/AppData/Roaming/PrismLauncher/libraries/org/jcraft/jorbis/0.0.17/jorbis-0.0.17.jar
  C:/Users/********/AppData/Roaming/PrismLauncher/libraries/org/joml/joml/1.10.8/joml-1.10.8.jar
  C:/Users/********/AppData/Roaming/PrismLauncher/libraries/org/jspecify/jspecify/1.0.0/jspecify-1.0.0.jar
  C:/Users/********/AppData/Roaming/PrismLauncher/libraries/org/slf4j/slf4j-api/2.0.17/slf4j-api-2.0.17.jar
  C:/Users/********/AppData/Roaming/PrismLauncher/libraries/net/fabricmc/intermediary/1.21.11/intermediary-1.21.11.jar
  C:/Users/********/AppData/Roaming/PrismLauncher/libraries/org/ow2/asm/asm/9.9/asm-9.9.jar
  C:/Users/********/AppData/Roaming/PrismLauncher/libraries/org/ow2/asm/asm-analysis/9.9/asm-analysis-9.9.jar
  C:/Users/********/AppData/Roaming/PrismLauncher/libraries/org/ow2/asm/asm-commons/9.9/asm-commons-9.9.jar
  C:/Users/********/AppData/Roaming/PrismLauncher/libraries/org/ow2/asm/asm-tree/9.9/asm-tree-9.9.jar
  C:/Users/********/AppData/Roaming/PrismLauncher/libraries/org/ow2/asm/asm-util/9.9/asm-util-9.9.jar
  C:/Users/********/AppData/Roaming/PrismLauncher/libraries/net/fabricmc/sponge-mixin/0.17.0+mixin.0.8.7/sponge-mixin-0.17.0+mixin.0.8.7.jar
  C:/Users/********/AppData/Roaming/PrismLauncher/libraries/net/fabricmc/fabric-loader/0.18.5/fabric-loader-0.18.5.jar
  C:/Users/********/AppData/Roaming/PrismLauncher/libraries/com/mojang/minecraft/1.21.11/minecraft-1.21.11-client.jar


Native libraries:


Mods:
  [✘] AntiAfk-1.2.5,1.21.11.jar (disabled)
  [✘] appleskin-fabric-mc1.21.11-3.0.8.jar (disabled)
  [✔] architectury-19.0.1-fabric
  [✘] armorhud-8.1.1.3-1.21.11-fabric.jar (disabled)
  [✘] auto-log-remover-fabric-1.0.0.jar (disabled)
  [✘] autoreconnectrf-fabric-2.0.1+1.21.11.jar (disabled)
  [✘] autorun-mc1.21.9-v1.3.1.jar (disabled)
  [✘] axeshieldswap-1.1.0.jar (disabled)
  [✘] axeshieldswap-1.2.0.jar (disabled)
  [✔] better-ping-display-fabric-1.21.11-1.2.0
  [✘] chat_heads-1.2.6-fabric-1.21.11.jar (disabled)
  [✘] chatanimation-fabric-1.3.0+mc1.21.11.jar (disabled)
  [✔] cloth-config-21.11.153-fabric
  [✘] Clumps-fabric-1.21.11-29.0.0.1.jar (disabled)
  [✘] CrosshairAddons-2.1.0-1.21.11.jar (disabled)
  [✔] damagetintplus-1.0.6 (1)
  [✘] disablefog-fabric-1.21.11-2.2.0.jar (disabled)
  [✘] dynamiccrosshair-9.11+1.21.11-fabric.jar (disabled)
  [✔] dynamic-fps-3.11.6+minecraft-1.21.11-fabric
  [✔] entityculling-fabric-1.10.5-mc1.21.11
  [✔] fabric-api-0.141.6+1.21.11
  [✔] fabric-carpet-1.21.11-1.4.194+v251223.jar
  [✘] fabric-carpet-1.21.11-1.4.194+v251223.jar (disabled)
  [✔] fabric-language-kotlin-1.13.13+kotlin.2.4.10
  [✔] fast-ip-ping-v1.0.11-mc1.21.11-fabric
  [✔] ferritecore-8.2.0-fabric
  [✘] Flashback-0.39.7-for-MC1.21.11.jar (disabled)
  [✔] fullbright-3.1.0+1.21.11
  [✔] HealthIndicators-21.11.1
  [✘] herobot-1.21.11-1.4.3+v260315.jar (disabled)
  [✘] hitrange-1.6.0+mc1.21.11.jar (disabled)
  [✔] ifuto-armor-hud-1.4.10
  [✔] ifuto-zoom-1.1.1
  [✔] ImmediatelyFast-Fabric-1.14.3+1.21.11
  [✘] inventoryhud.fabric.1.21.11-3.4.29.jar (disabled)
  [✘] Inventory-Hud-Mod-Fabric-1.21.11.jar (disabled)
  [✔] inventory-saver-1.0.0
  [✔] krypton-0.2.10
  [✔] lithium-fabric-0.21.4+mc1.21.11
  [✘] maptooltip-5.0.0+1.21.11-fabric.jar (disabled)
  [✘] Marlow Crystal Optimizer.jar (disabled)
  [✘] meteor-client-1.21.11-78.jar (disabled)
  [✔] modmenu-17.0.1-beta.1
  [✔] moreculling-fabric-1.21.11-1.6.2
  [✘] naturalmotionblur-1.4.3+mc1.21.11.jar (disabled)
  [✔] opsec-1.21.11+v1.1.7.1
  [✘] placeholder-api-2.8.2+1.21.10.jar (disabled)
  [✘] ShieldStatus-4.1.2-1.21.11.jar (disabled)
  [✘] shulkerboxtooltip-fabric-5.2.16+1.21.11.jar (disabled)
  [✘] smoothhud-1.21.6-1.21.11.jar (disabled)
  [✘] sodium-extra-fabric-0.9.3+mc1.21.11.jar (disabled)
  [✔] sodium-fabric-0.8.14-beta.1+mc1.21.11
  [✘] TierTagger-2.4.1+mc1.21.11.jar (disabled)
  [✘] tierview-1.21.11-1.7.8+mc1.21.11.jar (disabled)
  [✘] totemcounter-1.11.2+mc1.21.11.jar (disabled)
  [✔] ukulib-1.10.2+1.21.11
  [✘] voicechat-fabric-1.21.11-2.6.21.jar (disabled)
  [✔] WalksyLib-0.9.992+1.21.11
  [✘] WI-Zoom-1.7-MC1.21.11.jar (disabled)
  [✘] worldedit-fabric-mc1.21.11-2.15.1-SNAPSHOT-dist.jar (disabled)
  [✔] worldedit-mod-7.4.2
  [✔] yet_another_config_lib_v3-3.8.2+1.21.11-fabric


Params:
  --username  --version 1.21.11 --gameDir C:/Users/********/AppData/Roaming/PrismLauncher/instances/Fabric 1.21.11/minecraft --assetsDir C:/Users/********/AppData/Roaming/PrismLauncher/assets --assetIndex 29 --uuid  --accessToken  --versionType release


Window size: 854 x 480


Launcher: standard


Java Arguments:
[-XX:HeapDumpPath=MojangTricksIntelDriversForPerformance_javaw.exe_minecraft.exe.heapdump, -Xms51m, -Xmx1024m, -Duser.language=en]




Minecraft process ID: 19744




[20:24:42] [main/INFO]: Loading Minecraft 1.21.11 with Fabric Loader 0.18.5
[20:24:42] [main/INFO]: Loading 107 mods:
	- architectury 19.0.1
	- betterpingdisplay 1.2.0
	- cloth-config 21.11.153
	   \-- cloth-basic-math 0.6.1
	- damagetintplus 1.0.6
	- dynamic_fps 3.11.6
	   \-- net_lostluma_battery 2.0.0
	- entityculling 1.10.5
	   |-- transition 1.0.21
	   \-- trender 1.0.15
	- fabric-api 0.141.6+1.21.11
	   |-- fabric-api-base 1.0.5+4ebb5c083e
	   |-- fabric-api-lookup-api-v1 1.6.114+20dc27073e
	   |-- fabric-biome-api-v1 17.1.1+4fc5413f3e
	   |-- fabric-block-api-v1 1.1.10+4ebb5c083e
	   |-- fabric-block-view-api-v2 1.0.39+4ebb5c083e
	   |-- fabric-command-api-v2 2.4.7+6b42a6003e
	   |-- fabric-content-registries-v0 10.2.14+4fc5413f3e
	   |-- fabric-convention-tags-v1 2.1.55+7f945d5b3e
	   |-- fabric-convention-tags-v2 2.17.3+8ef948ba3e
	   |-- fabric-crash-report-info-v1 0.3.23+4ebb5c083e
	   |-- fabric-data-attachment-api-v1 1.8.48+eed0806f3e
	   |-- fabric-data-generation-api-v1 23.5.0+88d7da613e
	   |-- fabric-dimensions-v1 4.0.28+4fc5413f3e
	   |-- fabric-entity-events-v1 3.1.1+1d0ab4303e
	   |-- fabric-events-interaction-v0 4.1.1+3b89ecf63e
	   |-- fabric-game-rule-api-v1 2.0.3+4fc5413f3e
	   |-- fabric-item-api-v1 11.6.0+67f17bb43e
	   |-- fabric-item-group-api-v1 4.2.36+4fc5413f3e
	   |-- fabric-key-binding-api-v1 1.1.7+4fc5413f3e
	   |-- fabric-lifecycle-events-v1 2.6.15+4ebb5c083e
	   |-- fabric-loot-api-v2 3.0.73+3f89f5a53e
	   |-- fabric-loot-api-v3 2.0.20+78c8b4663e
	   |-- fabric-message-api-v1 6.1.12+4ebb5c083e
	   |-- fabric-model-loading-api-v1 6.0.15+4fc5413f3e
	   |-- fabric-networking-api-v1 5.1.6+6b6d71a53e
	   |-- fabric-object-builder-api-v1 21.1.40+4fc5413f3e
	   |-- fabric-particles-v1 4.2.12+4fc5413f3e
	   |-- fabric-recipe-api-v1 8.2.4+4ebb5c083e
	   |-- fabric-registry-sync-v0 6.2.6+1718722b3e
	   |-- fabric-renderer-api-v1 8.0.3+f4ffd2e53e
	   |-- fabric-renderer-indigo 5.0.3+f4ffd2e53e
	   |-- fabric-rendering-fluids-v1 3.1.43+4ebb5c083e
	   |-- fabric-rendering-v1 16.2.10+0290ad933e
	   |-- fabric-resource-conditions-api-v1 5.0.35+4fc5413f3e
	   |-- fabric-resource-loader-v0 3.3.4+4fc5413f3e
	   |-- fabric-resource-loader-v1 1.0.10+78c8b4663e
	   |-- fabric-screen-api-v1 3.1.7+4ebb5c083e
	   |-- fabric-screen-handler-api-v1 1.3.162+4fc5413f3e
	   |-- fabric-serialization-api-v1 1.0.5+4ebb5c083e
	   |-- fabric-sound-api-v1 1.0.51+4fc5413f3e
	   |-- fabric-tag-api-v1 1.3.0+88d7da613e
	   |-- fabric-transfer-api-v1 6.0.25+4fc5413f3e
	   \-- fabric-transitive-access-wideners-v1 7.1.0+014c8cec3e
	- fabric-language-kotlin 1.13.13+kotlin.2.4.10
	   |-- org_jetbrains_kotlin_kotlin-reflect 2.4.10
	   |-- org_jetbrains_kotlin_kotlin-stdlib 2.4.10
	   |-- org_jetbrains_kotlin_kotlin-stdlib-jdk7 2.4.10
	   |-- org_jetbrains_kotlin_kotlin-stdlib-jdk8 2.4.10
	   |-- org_jetbrains_kotlinx_atomicfu-jvm 0.33.0
	   |-- org_jetbrains_kotlinx_kotlinx-coroutines-core-jvm 1.11.0
	   |-- org_jetbrains_kotlinx_kotlinx-coroutines-jdk8 1.11.0
	   |-- org_jetbrains_kotlinx_kotlinx-datetime-jvm 0.8.0
	   |-- org_jetbrains_kotlinx_kotlinx-io-bytestring-jvm 0.9.1
	   |-- org_jetbrains_kotlinx_kotlinx-io-core-jvm 0.9.1
	   |-- org_jetbrains_kotlinx_kotlinx-serialization-cbor-jvm 1.11.0
	   |-- org_jetbrains_kotlinx_kotlinx-serialization-core-jvm 1.11.0
	   \-- org_jetbrains_kotlinx_kotlinx-serialization-json-jvm 1.11.0
	- fabricloader 0.18.5
	   \-- mixinextras 0.5.3
	- fastipping 1.0.11
	- ferritecore 8.2.0
	- fullbright 3.1.0
	   |-- elementa 714
	   \-- universalcraft 446
	- healthindicators 21.11.1
	- ifuto-armor-hud 1.4.10
	- ifuto-zoom 1.1.1
	- immediatelyfast 1.14.3+1.21.11
	   \-- net_lenni0451_reflect 1.6.2
	- inventorysaver 1.0.0
	- java 21
	- krypton 0.2.10
	   \-- com_velocitypowered_velocity-native 3.4.0-SNAPSHOT
	- lithium 0.21.4+mc1.21.11
	- minecraft 1.21.11
	- modmenu 17.0.1-beta.1
	   \-- placeholder-api 2.8.2+1.21.10
	- moreculling 1.6.2
	   \-- conditional-mixin 0.6.3
	- opsec 1.1.7.1
	   \-- mixinsquared 0.3.7-beta.1
	- sodium 0.8.14-beta.1+mc1.21.11
	- ukulib 1.10.2+1.21.11
	   \-- com_moandjiezana_toml_toml4j 0.7.2
	- walksylib 0.9.992+1.21.11
	- worldedit 7.4.2+7450-eb8e82c
	   \-- worldeditcui_protocol 4.0.2
	- yet_another_config_lib_v3 3.8.2+1.21.11-fabric
	   |-- com_twelvemonkeys_common_common-image 3.12.0
	   |-- com_twelvemonkeys_common_common-io 3.12.0
	   |-- com_twelvemonkeys_common_common-lang 3.12.0
	   |-- com_twelvemonkeys_imageio_imageio-core 3.12.0
	   |-- com_twelvemonkeys_imageio_imageio-metadata 3.12.0
	   |-- com_twelvemonkeys_imageio_imageio-webp 3.12.0
	   |-- org_quiltmc_parsers_gson 0.2.1
	   \-- org_quiltmc_parsers_json 0.2.1
[20:24:43] [main/INFO]: SpongePowered MIXIN Subsystem Version=0.8.7 Source=file:/C:/Users/********/AppData/Roaming/PrismLauncher/libraries/net/fabricmc/sponge-mixin/0.17.0+mixin.0.8.7/sponge-mixin-0.17.0+mixin.0.8.7.jar Service=Knot/Fabric Env=CLIENT
[20:24:43] [main/INFO]: Compatibility level set to JAVA_16
[20:24:43] [main/INFO]: Compatibility level set to JAVA_21
[20:24:43] [main/WARN]: Reference map 'HealthIndicators-common-common-refmap.json' for fabric-healthindicators.mixins.json could not be read. If this is a development environment you can ignore this message
[20:24:43] [main/INFO]: Loaded configuration file for Lithium: 171 options available, 1 override(s) found.
[20:24:43] [main/WARN]: Reference map 'moreculling.refmap.json' for moreculling.mixins.json could not be read. If this is a development environment you can ignore this message
[20:24:43] [main/WARN]: Reference map 'moreculling.refmap.json' for moreculling.fabric.mixins.json could not be read. If this is a development environment you can ignore this message
[20:24:43] [main/INFO]: Loaded configuration file for Sodium: 36 options available, 0 override(s) found
[20:24:43] [main/WARN]: Reference map 'yet_another_config_lib_v3.refmap.json' for yacl.mixins.json could not be read. If this is a development environment you can ignore this message
[20:24:43] [main/WARN]: Reference map 'yet_another_config_lib_v3.refmap.json' for yacl-fabric.mixins.json could not be read. If this is a development environment you can ignore this message
[20:24:44] [main/INFO]: Force-enabling mixin 'compat.worldedit.LevelChunkMixin' as rule 'mixin.compat.worldedit' (added by mods [lithium]) enables it
[20:24:44] [main/WARN]: Error loading class: net/caffeinemc/mods/sodium/client/render/chunk/compile/pipeline/BlockOcclusionCache (java.lang.ClassNotFoundException: net/caffeinemc/mods/sodium/client/render/chunk/compile/pipeline/BlockOcclusionCache)
[20:24:44] [main/INFO]: Searching for graphics cards...
[20:24:45] [main/INFO]: Found graphics adapter: AdapterInfo{vendor=INTEL, description='Intel(R) HD Graphics 530', adapterType=0x0000012B, openglIcdFilePath='C:\Windows\System32\DriverStore\FileRepository\iigd_dch.inf_amd64_51f685305808e3a5\ig9icd64.dll', openglIcdVersion=31.0.101.2111}
[20:24:45] [main/INFO]: Initializing MixinExtras via com.llamalad7.mixinextras.service.MixinExtrasServiceImpl(version=0.5.3).
[20:24:48] [Datafixer Bootstrap/INFO]: 287 Datafixer optimizations took 1668 milliseconds
[20:24:58] [Render thread/INFO]: Environment: Environment[sessionHost=https://sessionserver.mojang.com, servicesHost=https://api.minecraftservices.com, profilesHost=https://api.mojang.com, name=PROD]
[20:24:58] [Render thread/INFO]: Setting user: Ifuto_mitai
[20:24:58] [Render thread/INFO]: BetterPingDisplay mod loaded
[20:24:58] [Render thread/INFO]: ping & connect fast!
[20:24:58] [Render thread/INFO]: Compression will use Java, encryption will use Java
[20:24:59] [Render thread/INFO]: Got request to register class com.sk89q.worldedit.fabric.FabricPlatform with WorldEdit [com.sk89q.worldedit.extension.platform.PlatformManager@6c12b00]
[20:24:59] [Render thread/INFO]: WorldEdit for Fabric (version 7.4.2+7450-eb8e82c) is loaded
[20:24:59] [Render thread/INFO]: Registering S2C receiver with id architectury:spawn_entity_packet
[20:24:59] [Render thread/INFO]: [Indigo] Different rendering plugin detected; not applying Indigo.
[20:24:59] [Render thread/INFO]: Fullbright config loaded from C:\Users\********\AppData\Roaming\PrismLauncher\instances\Fabric 1.21.11\minecraft\config\fullbright.properties (toggled=false, strength=10)
[20:24:59] [fullbright-config-writer/INFO]: Fullbright config saved to C:\Users\********\AppData\Roaming\PrismLauncher\instances\Fabric 1.21.11\minecraft\config\fullbright.properties
[20:24:59] [Render thread/INFO]: Fullbright Initialized
[20:24:59] [Render thread/INFO]: Deserializing ModConfig from 'C:\Users\********\AppData\Roaming\PrismLauncher\instances\Fabric 1.21.11\minecraft\config\health_indicators_config.json'
[20:24:59] [Render thread/INFO]: Never be heartless!
[20:24:59] [Render thread/INFO]: [ifuto-armor-hud] initialized
[20:24:59] [Render thread/INFO]: [ifuto-zoom] initialized
[20:24:59] [Render thread/INFO]: Inventory Saver client ready
[20:24:59] [Render thread/INFO]: Krypton is now accelerating your Minecraft client's networking stack 🚀
[20:25:00] [Render thread/INFO]: Note that Krypton is most effective on servers, not the client.
[20:25:00] [Render thread/INFO]: Checking mod updates...
[20:25:00] [Render thread/INFO]: OpSec v1.1.7.1 - Privacy protection for Minecraft
[20:25:00] [Render thread/INFO]: Protecting against: TrackPack, Key Resolution Exploit, Client Fingerprinting
[20:25:00] [Render thread/INFO]: [OpSec] Loaded config - spoofAsVanilla: false
[20:25:00] [Render thread/INFO]: OpSec client protection initialized
[20:25:00] [Render thread/INFO]: [STDOUT]: [TRender] Initializing Client...
[20:25:00] [Render thread/INFO]: Deserializing YACLConfig from 'C:\Users\********\AppData\Roaming\PrismLauncher\instances\Fabric 1.21.11\minecraft\config\yacl.json5'
[20:25:00] [ModMenu/Update Checker/Fabric Loader/INFO]: Update available for 'fabricloader@0.18.5'
[20:25:00] [Download-2/INFO]: Update available for 'fastipping@1.0.11', (-> v1.0.12-mc1.21.11-fabric)
[20:25:00] [Download-2/INFO]: Update available for 'sodium@0.8.14-beta.1+mc1.21.11', (-> mc1.21.11-0.8.14-fabric)
[20:25:00] [Download-2/INFO]: Update available for 'fabric-language-kotlin@1.13.13+kotlin.2.4.10', (-> 1.14.1+kotlin.2.4.20)
[20:25:01] [Render thread/INFO]: Backend library: LWJGL version 3.3.3-snapshot
[20:25:02] [Render thread/INFO]: Initializing ImmediatelyFast 1.14.3+1.21.11 on Intel(R) HD Graphics 530 (Intel) with OpenGL 3.3.0 - Build 31.0.101.2111
[20:25:02] [Render thread/INFO]: OpenGL Vendor: Intel
[20:25:02] [Render thread/INFO]: OpenGL Renderer: Intel(R) HD Graphics 530
[20:25:02] [Render thread/INFO]: OpenGL Version: 3.3.0 - Build 31.0.101.2111
[20:25:02] [Render thread/INFO]: Using optional rendering extensions: GL_ARB_buffer_storage, GL_KHR_debug, GL_ARB_vertex_attrib_binding, GL_ARB_direct_state_access, GL_EXT_texture_filter_anisotropic
[20:25:02] [Render thread/INFO]: Found non-pack entry 'C:\Users\********\AppData\Roaming\PrismLauncher\instances\Fabric 1.21.11\minecraft\resourcepacks\Harluuuu_SMP_Pack.zip.disabled', ignoring
[20:25:02] [Render thread/INFO]: Found non-pack entry 'C:\Users\********\AppData\Roaming\PrismLauncher\instances\Fabric 1.21.11\minecraft\resourcepacks\Ifuto_GoodASMR_Pack.zip.disabled', ignoring
[20:25:02] [Render thread/INFO]: Found non-pack entry 'C:\Users\********\AppData\Roaming\PrismLauncher\instances\Fabric 1.21.11\minecraft\resourcepacks\Xray_Ultimate_26.X_v5.4.2.zip.disabled', ignoring
[20:25:03] [Render thread/INFO]: Reloading ResourceManager: vanilla, betterpingdisplay, cloth-config, conditional-mixin, damagetintplus, dynamic_fps, entityculling, fabric-api, fabric-api-base, fabric-api-lookup-api-v1, fabric-biome-api-v1, fabric-block-api-v1, fabric-block-view-api-v2, fabric-command-api-v2, fabric-content-registries-v0, fabric-convention-tags-v1, fabric-convention-tags-v2, fabric-crash-report-info-v1, fabric-data-attachment-api-v1, fabric-data-generation-api-v1, fabric-dimensions-v1, fabric-entity-events-v1, fabric-events-interaction-v0, fabric-game-rule-api-v1, fabric-item-api-v1, fabric-item-group-api-v1, fabric-key-binding-api-v1, fabric-language-kotlin, fabric-lifecycle-events-v1, fabric-loot-api-v2, fabric-loot-api-v3, fabric-message-api-v1, fabric-model-loading-api-v1, fabric-networking-api-v1, fabric-object-builder-api-v1, fabric-particles-v1, fabric-recipe-api-v1, fabric-registry-sync-v0, fabric-renderer-api-v1, fabric-renderer-indigo, fabric-rendering-fluids-v1, fabric-rendering-v1, fabric-resource-conditions-api-v1, fabric-resource-loader-v0, fabric-resource-loader-v1, fabric-screen-api-v1, fabric-screen-handler-api-v1, fabric-serialization-api-v1, fabric-sound-api-v1, fabric-tag-api-v1, fabric-transfer-api-v1, fabric-transitive-access-wideners-v1, fabricloader, fullbright, healthindicators, ifuto-armor-hud, ifuto-zoom, immediatelyfast, inventorysaver, krypton, lithium, modmenu, moreculling, opsec, placeholder-api, sodium, trender, ukulib, walksylib, worldedit, yet_another_config_lib_v3, file/Vanilla+ 1.21.11.zip
[20:25:04] [Worker-Main-2/WARN]: Invalid path in datapack: minecraft:sounds/._.DS_Store, ignoring
[20:25:04] [Worker-Main-2/WARN]: Invalid path in datapack: minecraft:sounds/.DS_Store, ignoring
[20:25:04] [Render thread/WARN]: Invalid path in datapack: minecraft:textures/entity/end_crystal/.DS_Store, ignoring
[20:25:04] [Render thread/INFO]: Cached all modded block culling states
[20:25:04] [IO-Worker-1/INFO]: Preferred audio device has become available!
[20:25:04] [Render thread/WARN]: Missing sound for event: minecraft:entity.allay.ambient_with_item
[20:25:04] [Render thread/WARN]: Missing sound for event: minecraft:entity.allay.ambient_without_item
[20:25:04] [Render thread/WARN]: Missing sound for event: minecraft:entity.allay.death
[20:25:04] [Render thread/WARN]: Missing sound for event: minecraft:entity.allay.hurt
[20:25:04] [Render thread/WARN]: Missing sound for event: minecraft:entity.allay.item_given
[20:25:04] [Render thread/WARN]: Missing sound for event: minecraft:entity.allay.item_taken
[20:25:04] [Render thread/WARN]: Missing sound for event: minecraft:entity.allay.item_thrown
[20:25:04] [Render thread/WARN]: Missing sound for event: minecraft:ambient.cave
[20:25:04] [Render thread/WARN]: Missing sound for event: minecraft:ambient.basalt_deltas.additions
[20:25:04] [Render thread/WARN]: Missing sound for event: minecraft:ambient.basalt_deltas.loop
[20:25:04] [Render thread/WARN]: Missing sound for event: minecraft:ambient.basalt_deltas.mood
[20:25:04] [Render thread/WARN]: Missing sound for event: minecraft:ambient.crimson_forest.additions
[20:25:04] [Render thread/WARN]: Missing sound for event: minecraft:ambient.crimson_forest.loop
[20:25:04] [Render thread/WARN]: Missing sound for event: minecraft:ambient.crimson_forest.mood
[20:25:04] [Render thread/WARN]: Missing sound for event: minecraft:ambient.nether_wastes.additions
[20:25:04] [Render thread/WARN]: Missing sound for event: minecraft:ambient.nether_wastes.loop
[20:25:04] [Render thread/WARN]: Missing sound for event: minecraft:ambient.nether_wastes.mood
[20:25:04] [Render thread/WARN]: Missing sound for event: minecraft:ambient.soul_sand_valley.additions
[20:25:04] [Render thread/WARN]: Missing sound for event: minecraft:ambient.soul_sand_valley.loop
[20:25:04] [Render thread/WARN]: Missing sound for event: minecraft:ambient.soul_sand_valley.mood
[20:25:04] [Render thread/WARN]: Missing sound for event: minecraft:ambient.warped_forest.additions
[20:25:04] [Render thread/WARN]: Missing sound for event: minecraft:ambient.warped_forest.loop
[20:25:04] [Render thread/WARN]: Missing sound for event: minecraft:ambient.warped_forest.mood
[20:25:04] [Render thread/WARN]: Missing sound for event: minecraft:ambient.underwater.enter
[20:25:04] [Render thread/WARN]: Missing sound for event: minecraft:ambient.underwater.exit
[20:25:04] [Render thread/WARN]: Missing sound for event: minecraft:ambient.underwater.loop
[20:25:04] [Render thread/WARN]: Missing sound for event: minecraft:ambient.underwater.loop.additions
[20:25:04] [Render thread/WARN]: Missing sound for event: minecraft:ambient.underwater.loop.additions.rare
[20:25:04] [Render thread/WARN]: Missing sound for event: minecraft:ambient.underwater.loop.additions.ultra_rare
[20:25:04] [Render thread/WARN]: Missing sound for event: minecraft:block.amethyst_block.break
[20:25:04] [Render thread/WARN]: Missing sound for event: minecraft:block.amethyst_block.chime
[20:25:04] [Render thread/WARN]: Missing sound for event: minecraft:block.amethyst_block.fall
[20:25:04] [Render thread/WARN]: Missing sound for event: minecraft:block.amethyst_block.hit
[20:25:04] [Render thread/WARN]: Missing sound for event: minecraft:block.amethyst_block.place
[20:25:04] [Render thread/WARN]: Missing sound for event: minecraft:block.amethyst_block.resonate
[20:25:04] [Render thread/WARN]: Missing sound for event: minecraft:block.amethyst_block.step
[20:25:04] [Render thread/WARN]: Missing sound for event: minecraft:block.amethyst_cluster.break
[20:25:04] [Render thread/WARN]: Missing sound for event: minecraft:block.amethyst_cluster.fall
[20:25:04] [Render thread/WARN]: Missing sound for event: minecraft:block.amethyst_cluster.hit
[20:25:04] [Render thread/WARN]: Missing sound for event: minecraft:block.amethyst_cluster.place
[20:25:04] [Render thread/WARN]: Missing sound for event: minecraft:block.amethyst_cluster.step
[20:25:04] [Render thread/WARN]: Missing sound for event: minecraft:block.ancient_debris.break
[20:25:04] [Render thread/WARN]: Missing sound for event: minecraft:block.ancient_debris.step
[20:25:04] [Render thread/WARN]: Missing sound for event: minecraft:block.ancient_debris.place
[20:25:04] [Render thread/WARN]: Missing sound for event: minecraft:block.ancient_debris.hit
[20:25:04] [Render thread/WARN]: Missing sound for event: minecraft:block.ancient_debris.fall
[20:25:04] [Render thread/WARN]: Missing sound for event: minecraft:block.anvil.break
[20:25:04] [Render thread/WARN]: Missing sound for event: minecraft:block.anvil.destroy
[20:25:04] [Render thread/WARN]: Missing sound for event: minecraft:block.anvil.fall
[20:25:04] [Render thread/WARN]: Missing sound for event: minecraft:block.anvil.hit
[20:25:04] [Render thread/WARN]: Missing sound for event: minecraft:block.anvil.land
[20:25:04] [Render thread/WARN]: Missing sound for event: minecraft:block.anvil.place
[20:25:04] [Render thread/WARN]: Missing sound for event: minecraft:block.anvil.step
[20:25:04] [Render thread/WARN]: Missing sound for event: minecraft:block.anvil.use
[20:25:04] [Render thread/WARN]: Missing sound for event: minecraft:entity.armadillo.eat
[20:25:04] [Render thread/WARN]: Missing sound for event: minecraft:entity.armadillo.hurt
[20:25:04] [Render thread/WARN]: Missing sound for event: minecraft:entity.armadillo.hurt_reduced
[20:25:04] [Render thread/WARN]: Missing sound for event: minecraft:entity.armadillo.ambient
[20:25:04] [Render thread/WARN]: Missing sound for event: minecraft:entity.armadillo.step
[20:25:04] [Render thread/WARN]: Missing sound for event: minecraft:entity.armadillo.death
[20:25:04] [Render thread/WARN]: Missing sound for event: minecraft:entity.armadillo.roll
[20:25:04] [Render thread/WARN]: Missing sound for event: minecraft:entity.armadillo.land
[20:25:04] [Render thread/WARN]: Missing sound for event: minecraft:entity.armadillo.scute_drop
[20:25:04] [Render thread/WARN]: Missing sound for event: minecraft:entity.armadillo.unroll_finish
[20:25:04] [Render thread/WARN]: Missing sound for event: minecraft:entity.armadillo.peek
[20:25:04] [Render thread/WARN]: Missing sound for event: minecraft:entity.armadillo.unroll_start
[20:25:04] [Render thread/WARN]: Missing sound for event: minecraft:entity.armadillo.brush
[20:25:04] [Render thread/WARN]: Missing sound for event: minecraft:item.armor.equip_chain
[20:25:04] [Render thread/WARN]: Missing sound for event: minecraft:item.armor.equip_diamond
[20:25:04] [Render thread/WARN]: Missing sound for event: minecraft:item.armor.equip_elytra
[20:25:04] [Render thread/WARN]: Missing sound for event: minecraft:item.armor.equip_generic
[20:25:04] [Render thread/WARN]: Missing sound for event: minecraft:item.armor.equip_gold
[20:25:04] [Render thread/WARN]: Missing sound for event: minecraft:item.armor.equip_iron
[20:25:04] [Render thread/WARN]: Missing sound for event: minecraft:item.armor.equip_leather
[20:25:04] [Render thread/WARN]: Missing sound for event: minecraft:item.armor.equip_copper
[20:25:04] [Render thread/WARN]: Missing sound for event: minecraft:item.armor.equip_netherite
[20:25:04] [Render thread/WARN]: Missing sound for event: minecraft:item.armor.equip_turtle
[20:25:04] [Render thread/WARN]: Missing sound for event: minecraft:item.armor.equip_wolf
[20:25:04] [Render thread/WARN]: Missing sound for event: minecraft:item.armor.unequip_wolf
[20:25:04] [Render thread/WARN]: Missing sound for event: minecraft:item.armor.equip_nautilus
[20:25:04] [Render thread/WARN]: Missing sound for event: minecraft:item.armor.unequip_nautilus
[20:25:04] [Render thread/WARN]: Missing sound for event: minecraft:entity.armor_stand.break
[20:25:04] [Render thread/WARN]: Missing sound for event: minecraft:entity.armor_stand.fall
[20:25:04] [Render thread/WARN]: Missing sound for event: minecraft:entity.armor_stand.hit
[20:25:04] [Render thread/WARN]: Missing sound for event: minecraft:entity.armor_stand.place
[20:25:04] [Render thread/WARN]: Missing sound for event: minecraft:entity.arrow.hit
[20:25:04] [Render thread/WARN]: Missing sound for event: minecraft:entity.arrow.hit_player
[20:25:04] [Render thread/WARN]: Missing sound for event: minecraft:entity.arrow.shoot
[20:25:04] [Render thread/WARN]: Missing sound for event: minecraft:item.axe.strip
[20:25:04] [Render thread/WARN]: Missing sound for event: minecraft:item.axe.scrape
[20:25:04] [Render thread/WARN]: Missing sound for event: minecraft:item.axe.wax_off
[20:25:04] [Render thread/WARN]: Missing sound for event: minecraft:entity.axolotl.attack
[20:25:04] [Render thread/WARN]: Missing sound for event: minecraft:entity.axolotl.death
[20:25:04] [Render thread/WARN]: Missing sound for event: minecraft:entity.axolotl.hurt
[20:25:04] [Render thread/WARN]: Missing sound for event: minecraft:entity.axolotl.idle_air
[20:25:04] [Render thread/WARN]: Missing sound for event: minecraft:entity.axolotl.idle_water
[20:25:04] [Render thread/WARN]: Missing sound for event: minecraft:entity.axolotl.splash
[20:25:04] [Render thread/WARN]: Missing sound for event: minecraft:entity.axolotl.swim
[20:25:04] [Render thread/WARN]: Missing sound for event: minecraft:block.azalea.break
[20:25:04] [Render thread/WARN]: Missing sound for event: minecraft:block.azalea.fall
[20:25:04] [Render thread/WARN]: Missing sound for event: minecraft:block.azalea.hit
[20:25:04] [Render thread/WARN]: Missing sound for event: minecraft:block.azalea.place
[20:25:04] [Render thread/WARN]: Missing sound for event: minecraft:block.azalea.step
[20:25:04] [Render thread/WARN]: Missing sound for event: minecraft:block.azalea_leaves.break
[20:25:04] [Render thread/WARN]: Missing sound for event: minecraft:block.azalea_leaves.fall
[20:25:04] [Render thread/WARN]: Missing sound for event: minecraft:block.azalea_leaves.hit
[20:25:04] [Render thread/WARN]: Missing sound for event: minecraft:block.azalea_leaves.place
[20:25:04] [Render thread/WARN]: Missing sound for event: minecraft:block.azalea_leaves.step
[20:25:04] [Render thread/WARN]: Missing sound for event: minecraft:entity.baby_nautilus.ambient
[20:25:04] [Render thread/WARN]: Missing sound for event: minecraft:entity.baby_nautilus.ambient_land
[20:25:04] [Render thread/WARN]: Missing sound for event: minecraft:entity.baby_nautilus.death
[20:25:04] [Render thread/WARN]: Missing sound for event: minecraft:entity.baby_nautilus.death_land
[20:25:04] [Render thread/WARN]: Missing sound for event: minecraft:entity.baby_nautilus.eat
[20:25:04] [Render thread/WARN]: Missing sound for event: minecraft:entity.baby_nautilus.hurt
[20:25:04] [Render thread/WARN]: Missing sound for event: minecraft:entity.baby_nautilus.hurt_land
[20:25:04] [Render thread/WARN]: Missing sound for event: minecraft:entity.nautilus.riding
[20:25:04] [Render thread/WARN]: Missing sound for event: minecraft:entity.baby_nautilus.swim
[20:25:04] [Render thread/WARN]: Missing sound for event: minecraft:block.bamboo.break
[20:25:04] [Render thread/WARN]: Missing sound for event: minecraft:block.bamboo.fall
[20:25:04] [Render thread/WARN]: Missing sound for event: minecraft:block.bamboo.hit
[20:25:04] [Render thread/WARN]: Missing sound for event: minecraft:block.bamboo.place
[20:25:04] [Render thread/WARN]: Missing sound for event: minecraft:block.bamboo.step
[20:25:04] [Render thread/WARN]: Missing sound for event: minecraft:block.bamboo_sapling.break
[20:25:04] [Render thread/WARN]: Missing sound for event: minecraft:block.bamboo_sapling.hit
[20:25:04] [Render thread/WARN]: Missing sound for event: minecraft:block.bamboo_sapling.place
[20:25:04] [Render thread/WARN]: Missing sound for event: minecraft:block.bamboo_wood.break
[20:25:04] [Render thread/WARN]: Missing sound for event: minecraft:block.bamboo_wood.fall
[20:25:04] [Render thread/WARN]: Missing sound for event: minecraft:block.bamboo_wood.hit
[20:25:04] [Render thread/WARN]: Missing sound for event: minecraft:block.bamboo_wood.place
[20:25:04] [Render thread/WARN]: Missing sound for event: minecraft:block.bamboo_wood.step
[20:25:04] [Render thread/WARN]: Missing sound for event: minecraft:block.bamboo_wood_door.close
[20:25:04] [Render thread/WARN]: Missing sound for event: minecraft:block.bamboo_wood_door.open
[20:25:04] [Render thread/WARN]: Missing sound for event: minecraft:block.bamboo_wood_trapdoor.close
[20:25:04] [Render thread/WARN]: Missing sound for event: minecraft:block.bamboo_wood_trapdoor.open
[20:25:04] [Render thread/WARN]: Missing sound for event: minecraft:block.bamboo_wood_button.click_off
[20:25:04] [Render thread/WARN]: Missing sound for event: minecraft:block.bamboo_wood_button.click_on
[20:25:04] [Render thread/WARN]: Missing sound for event: minecraft:block.bamboo_wood_pressure_plate.click_off
[20:25:04] [Render thread/WARN]: Missing sound for event: minecraft:block.bamboo_wood_pressure_plate.click_on
[20:25:04] [Render thread/WARN]: Missing sound for event: minecraft:block.bamboo_wood_fence_gate.close
[20:25:04] [Render thread/WARN]: Missing sound for event: minecraft:block.bamboo_wood_fence_gate.open
[20:25:04] [Render thread/WARN]: Missing sound for event: minecraft:block.barrel.close
[20:25:04] [Render thread/WARN]: Missing sound for event: minecraft:block.barrel.open
[20:25:04] [Render thread/WARN]: Missing sound for event: minecraft:block.basalt.break
[20:25:04] [Render thread/WARN]: Missing sound for event: minecraft:block.basalt.step
[20:25:04] [Render thread/WARN]: Missing sound for event: minecraft:block.basalt.place
[20:25:04] [Render thread/WARN]: Missing sound for event: minecraft:block.basalt.hit
[20:25:04] [Render thread/WARN]: Missing sound for event: minecraft:block.basalt.fall
[20:25:04] [Render thread/WARN]: Missing sound for event: minecraft:entity.bat.ambient
[20:25:04] [Render thread/WARN]: Missing sound for event: minecraft:entity.bat.death
[20:25:04] [Render thread/WARN]: Missing sound for event: minecraft:entity.bat.hurt
[20:25:04] [Render thread/WARN]: Missing sound for event: minecraft:entity.bat.loop
[20:25:04] [Render thread/WARN]: Missing sound for event: minecraft:entity.bat.takeoff
[20:25:04] [Render thread/WARN]: Missing sound for event: minecraft:block.beacon.activate
[20:25:04] [Render thread/WARN]: Missing sound for event: minecraft:block.beacon.ambient
[20:25:04] [Render thread/WARN]: Missing sound for event: minecraft:block.beacon.deactivate
[20:25:04] [Render thread/WARN]: Missing sound for event: minecraft:block.beacon.power_select
[20:25:04] [Render thread/WARN]: Missing sound for event: minecraft:entity.bee.death
[20:25:04] [Render thread/WARN]: Missing sound for event: minecraft:entity.bee.hurt
[20:25:04] [Render thread/WARN]: Missing sound for event: minecraft:entity.bee.loop_aggressive
[20:25:04] [Render thread/WARN]: Missing sound for event: minecraft:entity.bee.loop
[20:25:04] [Render thread/WARN]: Missing sound for event: minecraft:entity.bee.sting
[20:25:04] [Render thread/WARN]: Missing sound for event: minecraft:entity.bee.pollinate
[20:25:04] [Render thread/WARN]: Missing sound for event: minecraft:block.beehive.drip
[20:25:04] [Render thread/WARN]: Missing sound for event: minecraft:block.beehive.enter
[20:25:04] [Render thread/WARN]: Missing sound for event: minecraft:block.beehive.exit
[20:25:04] [Render thread/WARN]: Missing sound for event: minecraft:block.beehive.shear
[20:25:04] [Render thread/WARN]: Missing sound for event: minecraft:block.beehive.work
[20:25:04] [Render thread/WARN]: Missing sound for event: minecraft:block.bell.use
[20:25:04] [Render thread/WARN]: Missing sound for event: minecraft:block.bell.resonate
[20:25:04] [Render thread/WARN]: Missing sound for event: minecraft:block.big_dripleaf.break
[20:25:04] [Render thread/WARN]: Missing sound for event: minecraft:block.big_dripleaf.fall
[20:25:04] [Render thread/WARN]: Missing sound for event: minecraft:block.big_dripleaf.hit
[20:25:04] [Render thread/WARN]: Missing sound for event: minecraft:block.big_dripleaf.place
[20:25:04] [Render thread/WARN]: Missing sound for event: minecraft:block.big_dripleaf.step
[20:25:04] [Render thread/WARN]: Missing sound for event: minecraft:entity.blaze.ambient
[20:25:04] [Render thread/WARN]: Missing sound for event: minecraft:entity.blaze.burn
[20:25:04] [Render thread/WARN]: Missing sound for event: minecraft:entity.blaze.death
[20:25:04] [Render thread/WARN]: Missing sound for event: minecraft:entity.blaze.hurt
[20:25:04] [Render thread/WARN]: Missing sound for event: minecraft:entity.blaze.shoot
[20:25:04] [Render thread/WARN]: Missing sound for event: minecraft:entity.boat.paddle_land
[20:25:04] [Render thread/WARN]: Missing sound for event: minecraft:entity.boat.paddle_water
[20:25:04] [Render thread/WARN]: Missing sound for event: minecraft:entity.bogged.ambient
[20:25:04] [Render thread/WARN]: Missing sound for event: minecraft:entity.bogged.death
[20:25:04] [Render thread/WARN]: Missing sound for event: minecraft:entity.bogged.hurt
[20:25:04] [Render thread/WARN]: Missing sound for event: minecraft:entity.bogged.shear
[20:25:04] [Render thread/WARN]: Missing sound for event: minecraft:entity.bogged.step
[20:25:04] [Render thread/WARN]: Missing sound for event: minecraft:block.bone_block.break
[20:25:04] [Render thread/WARN]: Missing sound for event: minecraft:block.bone_block.fall
[20:25:04] [Render thread/WARN]: Missing sound for event: minecraft:block.bone_block.hit
[20:25:04] [Render thread/WARN]: Missing sound for event: minecraft:block.bone_block.place
[20:25:04] [Render thread/WARN]: Missing sound for event: minecraft:block.bone_block.step
[20:25:04] [Render thread/WARN]: Missing sound for event: minecraft:item.bone_meal.use
[20:25:04] [Render thread/WARN]: Missing sound for event: minecraft:item.book.page_turn
[20:25:04] [Render thread/WARN]: Missing sound for event: minecraft:item.book.put
[20:25:04] [Render thread/WARN]: Missing sound for event: minecraft:block.blastfurnace.fire_crackle
[20:25:04] [Render thread/WARN]: Missing sound for event: minecraft:item.bottle.empty
[20:25:04] [Render thread/WARN]: Missing sound for event: minecraft:item.bottle.fill
[20:25:04] [Render thread/WARN]: Missing sound for event: minecraft:item.bottle.fill_dragonbreath
[20:25:04] [Render thread/WARN]: Missing sound for event: minecraft:entity.breeze.charge
[20:25:04] [Render thread/WARN]: Missing sound for event: minecraft:entity.breeze.deflect
[20:25:04] [Render thread/WARN]: Missing sound for event: minecraft:entity.breeze.inhale
[20:25:04] [Render thread/WARN]: Missing sound for event: minecraft:entity.breeze.idle_ground
[20:25:04] [Render thread/WARN]: Missing sound for event: minecraft:entity.breeze.idle_air
[20:25:04] [Render thread/WARN]: Missing sound for event: minecraft:entity.breeze.shoot
[20:25:04] [Render thread/WARN]: Missing sound for event: minecraft:entity.breeze.jump
[20:25:04] [Render thread/WARN]: Missing sound for event: minecraft:entity.breeze.land
[20:25:04] [Render thread/WARN]: Missing sound for event: minecraft:entity.breeze.slide
[20:25:04] [Render thread/WARN]: Missing sound for event: minecraft:entity.breeze.death
[20:25:04] [Render thread/WARN]: Missing sound for event: minecraft:entity.breeze.hurt
[20:25:04] [Render thread/WARN]: Missing sound for event: minecraft:entity.breeze.whirl
[20:25:04] [Render thread/WARN]: Missing sound for event: minecraft:entity.breeze.wind_burst
[20:25:04] [Render thread/WARN]: Missing sound for event: minecraft:block.brewing_stand.brew
[20:25:04] [Render thread/WARN]: Missing sound for event: minecraft:item.brush.brushing.generic
[20:25:04] [Render thread/WARN]: Missing sound for event: minecraft:item.brush.brushing.sand
[20:25:04] [Render thread/WARN]: Missing sound for event: minecraft:item.brush.brushing.gravel
[20:25:04] [Render thread/WARN]: Missing sound for event: minecraft:item.brush.brushing.sand.complete
[20:25:04] [Render thread/WARN]: Missing sound for event: minecraft:item.brush.brushing.gravel.complete
[20:25:04] [Render thread/WARN]: Missing sound for event: minecraft:block.bubble_column.bubble_pop
[20:25:04] [Render thread/WARN]: Missing sound for event: minecraft:block.bubble_column.upwards_ambient
[20:25:04] [Render thread/WARN]: Missing sound for event: minecraft:block.bubble_column.upwards_inside
[20:25:04] [Render thread/WARN]: Missing sound for event: minecraft:block.bubble_column.whirlpool_ambient
[20:25:04] [Render thread/WARN]: Missing sound for event: minecraft:block.bubble_column.whirlpool_inside
[20:25:04] [Render thread/WARN]: Missing sound for event: minecraft:ui.hud.bubble_pop
[20:25:04] [Render thread/WARN]: Missing sound for event: minecraft:item.bucket.empty
[20:25:04] [Render thread/WARN]: Missing sound for event: minecraft:item.bucket.empty_axolotl
[20:25:04] [Render thread/WARN]: Missing sound for event: minecraft:item.bucket.empty_fish
[20:25:04] [Render thread/WARN]: Missing sound for event: minecraft:item.bucket.empty_lava
[20:25:04] [Render thread/WARN]: Missing sound for event: minecraft:item.bucket.empty_powder_snow
[20:25:04] [Render thread/WARN]: Missing sound for event: minecraft:item.bucket.empty_tadpole
[20:25:04] [Render thread/WARN]: Missing sound for event: minecraft:item.bucket.fill
[20:25:04] [Render thread/WARN]: Missing sound for event: minecraft:item.bucket.fill_axolotl
[20:25:04] [Render thread/WARN]: Missing sound for event: minecraft:item.bucket.fill_fish
[20:25:04] [Render thread/WARN]: Missing sound for event: minecraft:item.bucket.fill_lava
[20:25:04] [Render thread/WARN]: Missing sound for event: minecraft:item.bucket.fill_powder_snow
[20:25:04] [Render thread/WARN]: Missing sound for event: minecraft:item.bucket.fill_tadpole
[20:25:04] [Render thread/WARN]: Missing sound for event: minecraft:item.bundle.drop_contents
[20:25:04] [Render thread/WARN]: Missing sound for event: minecraft:item.bundle.insert
[20:25:04] [Render thread/WARN]: Missing sound for event: minecraft:item.bundle.insert_fail
[20:25:04] [Render thread/WARN]: Missing sound for event: minecraft:item.bundle.remove_one
[20:25:04] [Render thread/WARN]: Missing sound for event: minecraft:block.cactus_flower.break
[20:25:04] [Render thread/WARN]: Missing sound for event: minecraft:block.cactus_flower.place
[20:25:04] [Render thread/WARN]: Missing sound for event: minecraft:block.cake.add_candle
[20:25:04] [Render thread/WARN]: Missing sound for event: minecraft:block.calcite.break
[20:25:04] [Render thread/WARN]: Missing sound for event: minecraft:block.calcite.step
[20:25:04] [Render thread/WARN]: Missing sound for event: minecraft:block.calcite.place
[20:25:04] [Render thread/WARN]: Missing sound for event: minecraft:block.calcite.hit
[20:25:04] [Render thread/WARN]: Missing sound for event: minecraft:block.calcite.fall
[20:25:04] [Render thread/WARN]: Missing sound for event: minecraft:entity.camel_husk.ambient
[20:25:04] [Render thread/WARN]: Missing sound for event: minecraft:entity.camel_husk.dash
[20:25:04] [Render thread/WARN]: Missing sound for event: minecraft:entity.camel_husk.dash_ready
[20:25:04] [Render thread/WARN]: Missing sound for event: minecraft:entity.camel_husk.death
[20:25:04] [Render thread/WARN]: Missing sound for event: minecraft:entity.camel_husk.eat
[20:25:04] [Render thread/WARN]: Missing sound for event: minecraft:entity.camel_husk.hurt
[20:25:04] [Render thread/WARN]: Missing sound for event: minecraft:entity.camel_husk.saddle
[20:25:04] [Render thread/WARN]: Missing sound for event: minecraft:entity.camel_husk.sit
[20:25:04] [Render thread/WARN]: Missing sound for event: minecraft:entity.camel_husk.stand
[20:25:04] [Render thread/WARN]: Missing sound for event: minecraft:entity.camel_husk.step
[20:25:04] [Render thread/WARN]: Missing sound for event: minecraft:entity.camel_husk.step_sand
[20:25:04] [Render thread/WARN]: Missing sound for event: minecraft:entity.camel.ambient
[20:25:04] [Render thread/WARN]: Missing sound for event: minecraft:entity.camel.dash
[20:25:04] [Render thread/WARN]: Missing sound for event: minecraft:entity.camel.dash_ready
[20:25:04] [Render thread/WARN]: Missing sound for event: minecraft:entity.camel.death
[20:25:04] [Render thread/WARN]: Missing sound for event: minecraft:entity.camel.eat
[20:25:04] [Render thread/WARN]: Missing sound for event: minecraft:entity.camel.hurt
[20:25:04] [Render thread/WARN]: Missing sound for event: minecraft:entity.camel.saddle
[20:25:04] [Render thread/WARN]: Missing sound for event: minecraft:entity.camel.sit
[20:25:04] [Render thread/WARN]: Missing sound for event: minecraft:entity.camel.stand
[20:25:04] [Render thread/WARN]: Missing sound for event: minecraft:entity.camel.step
[20:25:04] [Render thread/WARN]: Missing sound for event: minecraft:entity.camel.step_sand
[20:25:04] [Render thread/WARN]: Missing sound for event: minecraft:block.campfire.crackle
[20:25:04] [Render thread/WARN]: Missing sound for event: minecraft:block.candle.ambient
[20:25:04] [Render thread/WARN]: Missing sound for event: minecraft:block.candle.break
[20:25:04] [Render thread/WARN]: Missing sound for event: minecraft:block.candle.extinguish
[20:25:04] [Render thread/WARN]: Missing sound for event: minecraft:block.candle.fall
[20:25:04] [Render thread/WARN]: Missing sound for event: minecraft:block.candle.hit
[20:25:04] [Render thread/WARN]: Missing sound for event: minecraft:block.candle.place
[20:25:04] [Render thread/WARN]: Missing sound for event: minecraft:block.candle.step
[20:25:04] [Render thread/WARN]: Missing sound for event: minecraft:entity.cat.ambient
[20:25:04] [Render thread/WARN]: Missing sound for event: minecraft:entity.cat.stray_ambient
[20:25:04] [Render thread/WARN]: Missing sound for event: minecraft:entity.cat.death
[20:25:04] [Render thread/WARN]: Missing sound for event: minecraft:entity.cat.eat
[20:25:04] [Render thread/WARN]: Missing sound for event: minecraft:entity.cat.hiss
[20:25:04] [Render thread/WARN]: Missing sound for event: minecraft:entity.cat.beg_for_food
[20:25:04] [Render thread/WARN]: Missing sound for event: minecraft:entity.cat.hurt
[20:25:04] [Render thread/WARN]: Missing sound for event: minecraft:entity.cat.purr
[20:25:04] [Render thread/WARN]: Missing sound for event: minecraft:entity.cat.purreow
[20:25:04] [Render thread/WARN]: Missing sound for event: minecraft:block.cave_vines.break
[20:25:04] [Render thread/WARN]: Missing sound for event: minecraft:block.cave_vines.fall
[20:25:04] [Render thread/WARN]: Missing sound for event: minecraft:block.cave_vines.hit
[20:25:04] [Render thread/WARN]: Missing sound for event: minecraft:block.cave_vines.place
[20:25:04] [Render thread/WARN]: Missing sound for event: minecraft:block.cave_vines.step
[20:25:04] [Render thread/WARN]: Missing sound for event: minecraft:block.cave_vines.pick_berries
[20:25:04] [Render thread/WARN]: Missing sound for event: minecraft:block.chain.break
[20:25:04] [Render thread/WARN]: Missing sound for event: minecraft:block.chain.fall
[20:25:04] [Render thread/WARN]: Missing sound for event: minecraft:block.chain.hit
[20:25:04] [Render thread/WARN]: Missing sound for event: minecraft:block.chain.place
[20:25:04] [Render thread/WARN]: Missing sound for event: minecraft:block.chain.step
[20:25:04] [Render thread/WARN]: Missing sound for event: minecraft:block.cherry_wood.break
[20:25:04] [Render thread/WARN]: Missing sound for event: minecraft:block.cherry_wood.fall
[20:25:04] [Render thread/WARN]: Missing sound for event: minecraft:block.cherry_wood.hit
[20:25:04] [Render thread/WARN]: Missing sound for event: minecraft:block.cherry_wood.place
[20:25:04] [Render thread/WARN]: Missing sound for event: minecraft:block.cherry_wood.step
[20:25:04] [Render thread/WARN]: Missing sound for event: minecraft:block.cherry_sapling.break
[20:25:04] [Render thread/WARN]: Missing sound for event: minecraft:block.cherry_sapling.fall
[20:25:04] [Render thread/WARN]: Missing sound for event: minecraft:block.cherry_sapling.hit
[20:25:04] [Render thread/WARN]: Missing sound for event: minecraft:block.cherry_sapling.place
[20:25:04] [Render thread/WARN]: Missing sound for event: minecraft:block.cherry_sapling.step
[20:25:04] [Render thread/WARN]: Missing sound for event: minecraft:block.cherry_leaves.break
[20:25:04] [Render thread/WARN]: Missing sound for event: minecraft:block.cherry_leaves.fall
[20:25:04] [Render thread/WARN]: Missing sound for event: minecraft:block.cherry_leaves.hit
[20:25:04] [Render thread/WARN]: Missing sound for event: minecraft:block.cherry_leaves.place
[20:25:04] [Render thread/WARN]: Missing sound for event: minecraft:block.cherry_leaves.step
[20:25:04] [Render thread/WARN]: Missing sound for event: minecraft:block.cherry_wood_hanging_sign.step
[20:25:04] [Render thread/WARN]: Missing sound for event: minecraft:block.cherry_wood_hanging_sign.break
[20:25:04] [Render thread/WARN]: Missing sound for event: minecraft:block.cherry_wood_hanging_sign.fall
[20:25:04] [Render thread/WARN]: Missing sound for event: minecraft:block.cherry_wood_hanging_sign.hit
[20:25:04] [Render thread/WARN]: Missing sound for event: minecraft:block.cherry_wood_hanging_sign.place
[20:25:04] [Render thread/WARN]: Missing sound for event: minecraft:block.cherry_wood_door.close
[20:25:04] [Render thread/WARN]: Missing sound for event: minecraft:block.cherry_wood_door.open
[20:25:04] [Render thread/WARN]: Missing sound for event: minecraft:block.cherry_wood_trapdoor.close
[20:25:04] [Render thread/WARN]: Missing sound for event: minecraft:block.cherry_wood_trapdoor.open
[20:25:04] [Render thread/WARN]: Missing sound for event: minecraft:block.cherry_wood_button.click_off
[20:25:04] [Render thread/WARN]: Missing sound for event: minecraft:block.cherry_wood_button.click_on
[20:25:04] [Render thread/WARN]: Missing sound for event: minecraft:block.cherry_wood_pressure_plate.click_off
[20:25:04] [Render thread/WARN]: Missing sound for event: minecraft:block.cherry_wood_pressure_plate.click_on
[20:25:04] [Render thread/WARN]: Missing sound for event: minecraft:block.cherry_wood_fence_gate.close
[20:25:04] [Render thread/WARN]: Missing sound for event: minecraft:block.cherry_wood_fence_gate.open
[20:25:04] [Render thread/WARN]: Missing sound for event: minecraft:block.chest.close
[20:25:04] [Render thread/WARN]: Missing sound for event: minecraft:block.chest.locked
[20:25:04] [Render thread/WARN]: Missing sound for event: minecraft:block.chest.open
[20:25:04] [Render thread/WARN]: Missing sound for event: minecraft:entity.chicken.ambient
[20:25:04] [Render thread/WARN]: Missing sound for event: minecraft:entity.chicken.death
[20:25:04] [Render thread/WARN]: Missing sound for event: minecraft:entity.chicken.egg
[20:25:04] [Render thread/WARN]: Missing sound for event: minecraft:entity.chicken.hurt
[20:25:04] [Render thread/WARN]: Missing sound for event: minecraft:entity.chicken.step
[20:25:04] [Render thread/WARN]: Missing sound for event: minecraft:block.chiseled_bookshelf.break
[20:25:04] [Render thread/WARN]: Missing sound for event: minecraft:block.chiseled_bookshelf.fall
[20:25:04] [Render thread/WARN]: Missing sound for event: minecraft:block.chiseled_bookshelf.hit
[20:25:04] [Render thread/WARN]: Missing sound for event: minecraft:block.chiseled_bookshelf.insert
[20:25:04] [Render thread/WARN]: Missing sound for event: minecraft:block.chiseled_bookshelf.insert.enchanted
[20:25:04] [Render thread/WARN]: Missing sound for event: minecraft:block.chiseled_bookshelf.step
[20:25:04] [Render thread/WARN]: Missing sound for event: minecraft:block.chiseled_bookshelf.pickup
[20:25:04] [Render thread/WARN]: Missing sound for event: minecraft:block.chiseled_bookshelf.pickup.enchanted
[20:25:04] [Render thread/WARN]: Missing sound for event: minecraft:block.chiseled_bookshelf.place
[20:25:04] [Render thread/WARN]: Missing sound for event: minecraft:block.chorus_flower.death
[20:25:04] [Render thread/WARN]: Missing sound for event: minecraft:block.chorus_flower.grow
[20:25:04] [Render thread/WARN]: Missing sound for event: minecraft:item.chorus_fruit.teleport
[20:25:04] [Render thread/WARN]: Missing sound for event: minecraft:block.cobweb.break
[20:25:04] [Render thread/WARN]: Missing sound for event: minecraft:block.cobweb.step
[20:25:04] [Render thread/WARN]: Missing sound for event: minecraft:block.cobweb.place
[20:25:04] [Render thread/WARN]: Missing sound for event: minecraft:block.cobweb.hit
[20:25:04] [Render thread/WARN]: Missing sound for event: minecraft:block.cobweb.fall
[20:25:04] [Render thread/WARN]: Missing sound for event: minecraft:entity.cod.ambient
[20:25:04] [Render thread/WARN]: Missing sound for event: minecraft:entity.cod.death
[20:25:04] [Render thread/WARN]: Missing sound for event: minecraft:entity.cod.flop
[20:25:04] [Render thread/WARN]: Missing sound for event: minecraft:entity.cod.hurt
[20:25:04] [Render thread/WARN]: Missing sound for event: minecraft:block.comparator.click
[20:25:04] [Render thread/WARN]: Missing sound for event: minecraft:block.composter.empty
[20:25:04] [Render thread/WARN]: Missing sound for event: minecraft:block.composter.fill
[20:25:04] [Render thread/WARN]: Missing sound for event: minecraft:block.composter.fill_success
[20:25:04] [Render thread/WARN]: Missing sound for event: minecraft:block.composter.ready
[20:25:04] [Render thread/WARN]: Missing sound for event: minecraft:block.conduit.activate
[20:25:04] [Render thread/WARN]: Missing sound for event: minecraft:block.conduit.ambient
[20:25:04] [Render thread/WARN]: Missing sound for event: minecraft:block.conduit.ambient.short
[20:25:04] [Render thread/WARN]: Missing sound for event: minecraft:block.conduit.attack.target
[20:25:04] [Render thread/WARN]: Missing sound for event: minecraft:block.conduit.deactivate
[20:25:04] [Render thread/WARN]: Missing sound for event: minecraft:block.copper_bulb.break
[20:25:04] [Render thread/WARN]: Missing sound for event: minecraft:block.copper_bulb.step
[20:25:04] [Render thread/WARN]: Missing sound for event: minecraft:block.copper_bulb.place
[20:25:04] [Render thread/WARN]: Missing sound for event: minecraft:block.copper_bulb.hit
[20:25:04] [Render thread/WARN]: Missing sound for event: minecraft:block.copper_bulb.fall
[20:25:04] [Render thread/WARN]: Missing sound for event: minecraft:block.copper_bulb.turn_on
[20:25:04] [Render thread/WARN]: Missing sound for event: minecraft:block.copper_bulb.turn_off
[20:25:04] [Render thread/WARN]: Missing sound for event: minecraft:block.copper.break
[20:25:04] [Render thread/WARN]: Missing sound for event: minecraft:block.copper.step
[20:25:04] [Render thread/WARN]: Missing sound for event: minecraft:block.copper.place
[20:25:04] [Render thread/WARN]: Missing sound for event: minecraft:block.copper.hit
[20:25:04] [Render thread/WARN]: Missing sound for event: minecraft:block.copper.fall
[20:25:04] [Render thread/WARN]: Missing sound for event: minecraft:block.copper_chest.close
[20:25:04] [Render thread/WARN]: Missing sound for event: minecraft:block.copper_chest.open
[20:25:04] [Render thread/WARN]: Missing sound for event: minecraft:block.copper_chest_weathered.close
[20:25:04] [Render thread/WARN]: Missing sound for event: minecraft:block.copper_chest_weathered.open
[20:25:04] [Render thread/WARN]: Missing sound for event: minecraft:block.copper_chest_oxidized.close
[20:25:04] [Render thread/WARN]: Missing sound for event: minecraft:block.copper_chest_oxidized.open
[20:25:04] [Render thread/WARN]: Missing sound for event: minecraft:block.copper_door.close
[20:25:04] [Render thread/WARN]: Missing sound for event: minecraft:block.copper_door.open
[20:25:04] [Render thread/WARN]: Missing sound for event: minecraft:entity.copper_golem.step
[20:25:04] [Render thread/WARN]: Missing sound for event: minecraft:entity.copper_golem.hurt
[20:25:04] [Render thread/WARN]: Missing sound for event: minecraft:entity.copper_golem.death
[20:25:04] [Render thread/WARN]: Missing sound for event: minecraft:entity.copper_golem_weathered.step
[20:25:04] [Render thread/WARN]: Missing sound for event: minecraft:entity.copper_golem_weathered.hurt
[20:25:04] [Render thread/WARN]: Missing sound for event: minecraft:entity.copper_golem_weathered.death
[20:25:04] [Render thread/WARN]: Missing sound for event: minecraft:entity.copper_golem_oxidized.step
[20:25:04] [Render thread/WARN]: Missing sound for event: minecraft:entity.copper_golem_oxidized.hurt
[20:25:04] [Render thread/WARN]: Missing sound for event: minecraft:entity.copper_golem_oxidized.death
[20:25:04] [Render thread/WARN]: Missing sound for event: minecraft:entity.copper_golem.spin
[20:25:04] [Render thread/WARN]: Missing sound for event: minecraft:entity.copper_golem_weathered.spin
[20:25:04] [Render thread/WARN]: Missing sound for event: minecraft:entity.copper_golem_oxidized.spin
[20:25:04] [Render thread/WARN]: Missing sound for event: minecraft:entity.copper_golem.no_item_get
[20:25:04] [Render thread/WARN]: Missing sound for event: minecraft:entity.copper_golem.no_item_no_get
[20:25:04] [Render thread/WARN]: Missing sound for event: minecraft:entity.copper_golem.item_drop
[20:25:04] [Render thread/WARN]: Missing sound for event: minecraft:entity.copper_golem.item_no_drop
[20:25:04] [Render thread/WARN]: Missing sound for event: minecraft:entity.copper_golem_become_statue
[20:25:04] [Render thread/WARN]: Missing sound for event: minecraft:block.copper_golem_statue.break
[20:25:04] [Render thread/WARN]: Missing sound for event: minecraft:block.copper_golem_statue.place
[20:25:04] [Render thread/WARN]: Missing sound for event: minecraft:block.copper_golem_statue.hit
[20:25:04] [Render thread/WARN]: Missing sound for event: minecraft:block.copper_golem_statue.step
[20:25:04] [Render thread/WARN]: Missing sound for event: minecraft:block.copper_golem_statue.fall
[20:25:04] [Render thread/WARN]: Missing sound for event: minecraft:entity.copper_golem.spawn
[20:25:04] [Render thread/WARN]: Missing sound for event: minecraft:entity.copper_golem.shear
[20:25:04] [Render thread/WARN]: Missing sound for event: minecraft:block.copper_grate.break
[20:25:04] [Render thread/WARN]: Missing sound for event: minecraft:block.copper_grate.step
[20:25:04] [Render thread/WARN]: Missing sound for event: minecraft:block.copper_grate.place
[20:25:04] [Render thread/WARN]: Missing sound for event: minecraft:block.copper_grate.hit
[20:25:04] [Render thread/WARN]: Missing sound for event: minecraft:block.copper_grate.fall
[20:25:04] [Render thread/WARN]: Missing sound for event: minecraft:block.copper_trapdoor.close
[20:25:04] [Render thread/WARN]: Missing sound for event: minecraft:block.copper_trapdoor.open
[20:25:04] [Render thread/WARN]: Missing sound for event: minecraft:block.coral_block.break
[20:25:04] [Render thread/WARN]: Missing sound for event: minecraft:block.coral_block.fall
[20:25:04] [Render thread/WARN]: Missing sound for event: minecraft:block.coral_block.hit
[20:25:04] [Render thread/WARN]: Missing sound for event: minecraft:block.coral_block.place
[20:25:04] [Render thread/WARN]: Missing sound for event: minecraft:block.coral_block.step
[20:25:04] [Render thread/WARN]: Missing sound for event: minecraft:entity.cow.ambient
[20:25:04] [Render thread/WARN]: Missing sound for event: minecraft:entity.cow.death
[20:25:04] [Render thread/WARN]: Missing sound for event: minecraft:entity.cow.hurt
[20:25:04] [Render thread/WARN]: Missing sound for event: minecraft:entity.cow.milk
[20:25:04] [Render thread/WARN]: Missing sound for event: minecraft:entity.cow.step
[20:25:04] [Render thread/WARN]: Missing sound for event: minecraft:block.crafter.craft
[20:25:04] [Render thread/WARN]: Missing sound for event: minecraft:block.crafter.fail
[20:25:04] [Render thread/WARN]: Missing sound for event: minecraft:entity.creaking.ambient
[20:25:04] [Render thread/WARN]: Missing sound for event: minecraft:entity.creaking.activate
[20:25:04] [Render thread/WARN]: Missing sound for event: minecraft:entity.creaking.deactivate
[20:25:04] [Render thread/WARN]: Missing sound for event: minecraft:entity.creaking.attack
[20:25:04] [Render thread/WARN]: Missing sound for event: minecraft:entity.creaking.death
[20:25:04] [Render thread/WARN]: Missing sound for event: minecraft:entity.creaking.step
[20:25:04] [Render thread/WARN]: Missing sound for event: minecraft:entity.creaking.freeze
[20:25:04] [Render thread/WARN]: Missing sound for event: minecraft:entity.creaking.unfreeze
[20:25:04] [Render thread/WARN]: Missing sound for event: minecraft:entity.creaking.spawn
[20:25:04] [Render thread/WARN]: Missing sound for event: minecraft:entity.creaking.sway
[20:25:04] [Render thread/WARN]: Missing sound for event: minecraft:entity.creaking.twitch
[20:25:04] [Render thread/WARN]: Missing sound for event: minecraft:block.creaking_heart.break
[20:25:04] [Render thread/WARN]: Missing sound for event: minecraft:block.creaking_heart.fall
[20:25:04] [Render thread/WARN]: Missing sound for event: minecraft:block.creaking_heart.hit
[20:25:04] [Render thread/WARN]: Missing sound for event: minecraft:block.creaking_heart.hurt
[20:25:04] [Render thread/WARN]: Missing sound for event: minecraft:block.creaking_heart.place
[20:25:04] [Render thread/WARN]: Missing sound for event: minecraft:block.creaking_heart.step
[20:25:04] [Render thread/WARN]: Missing sound for event: minecraft:block.creaking_heart.idle
[20:25:04] [Render thread/WARN]: Missing sound for event: minecraft:block.creaking_heart.spawn
[20:25:04] [Render thread/WARN]: Missing sound for event: minecraft:entity.creeper.death
[20:25:04] [Render thread/WARN]: Missing sound for event: minecraft:entity.creeper.hurt
[20:25:04] [Render thread/WARN]: Missing sound for event: minecraft:entity.creeper.primed
[20:25:04] [Render thread/WARN]: Missing sound for event: minecraft:block.crop.break
[20:25:04] [Render thread/WARN]: Missing sound for event: minecraft:item.crop.plant
[20:25:04] [Render thread/WARN]: Missing sound for event: minecraft:item.crossbow.hit
[20:25:04] [Render thread/WARN]: Missing sound for event: minecraft:item.crossbow.loading_end
[20:25:04] [Render thread/WARN]: Missing sound for event: minecraft:item.crossbow.loading_middle
[20:25:04] [Render thread/WARN]: Missing sound for event: minecraft:item.crossbow.loading_start
[20:25:04] [Render thread/WARN]: Missing sound for event: minecraft:item.crossbow.quick_charge_1
[20:25:04] [Render thread/WARN]: Missing sound for event: minecraft:item.crossbow.quick_charge_2
[20:25:04] [Render thread/WARN]: Missing sound for event: minecraft:item.crossbow.quick_charge_3
[20:25:04] [Render thread/WARN]: Missing sound for event: minecraft:item.crossbow.shoot
[20:25:04] [Render thread/WARN]: Missing sound for event: minecraft:block.deadbush.idle
[20:25:04] [Render thread/WARN]: Missing sound for event: minecraft:block.decorated_pot.break
[20:25:04] [Render thread/WARN]: Missing sound for event: minecraft:block.decorated_pot.fall
[20:25:04] [Render thread/WARN]: Missing sound for event: minecraft:block.decorated_pot.hit
[20:25:04] [Render thread/WARN]: Missing sound for event: minecraft:block.decorated_pot.insert
[20:25:04] [Render thread/WARN]: Missing sound for event: minecraft:block.decorated_pot.insert_fail
[20:25:04] [Render thread/WARN]: Missing sound for event: minecraft:block.decorated_pot.step
[20:25:04] [Render thread/WARN]: Missing sound for event: minecraft:block.decorated_pot.place
[20:25:04] [Render thread/WARN]: Missing sound for event: minecraft:block.decorated_pot.shatter
[20:25:04] [Render thread/WARN]: Missing sound for event: minecraft:block.deepslate_bricks.break
[20:25:04] [Render thread/WARN]: Missing sound for event: minecraft:block.deepslate_bricks.fall
[20:25:04] [Render thread/WARN]: Missing sound for event: minecraft:block.deepslate_bricks.hit
[20:25:04] [Render thread/WARN]: Missing sound for event: minecraft:block.deepslate_bricks.place
[20:25:04] [Render thread/WARN]: Missing sound for event: minecraft:block.deepslate_bricks.step
[20:25:04] [Render thread/WARN]: Missing sound for event: minecraft:block.deepslate.break
[20:25:04] [Render thread/WARN]: Missing sound for event: minecraft:block.deepslate.fall
[20:25:04] [Render thread/WARN]: Missing sound for event: minecraft:block.deepslate.hit
[20:25:04] [Render thread/WARN]: Missing sound for event: minecraft:block.deepslate.place
[20:25:04] [Render thread/WARN]: Missing sound for event: minecraft:block.deepslate.step
[20:25:04] [Render thread/WARN]: Missing sound for event: minecraft:block.deepslate_tiles.break
[20:25:04] [Render thread/WARN]: Missing sound for event: minecraft:block.deepslate_tiles.fall
[20:25:04] [Render thread/WARN]: Missing sound for event: minecraft:block.deepslate_tiles.hit
[20:25:04] [Render thread/WARN]: Missing sound for event: minecraft:block.deepslate_tiles.place
[20:25:04] [Render thread/WARN]: Missing sound for event: minecraft:block.deepslate_tiles.step
[20:25:04] [Render thread/WARN]: Missing sound for event: minecraft:block.dispenser.dispense
[20:25:04] [Render thread/WARN]: Missing sound for event: minecraft:block.dispenser.fail
[20:25:04] [Render thread/WARN]: Missing sound for event: minecraft:block.dispenser.launch
[20:25:04] [Render thread/WARN]: Missing sound for event: minecraft:entity.dolphin.ambient
[20:25:04] [Render thread/WARN]: Missing sound for event: minecraft:entity.dolphin.ambient_water
[20:25:04] [Render thread/WARN]: Missing sound for event: minecraft:entity.dolphin.attack
[20:25:04] [Render thread/WARN]: Missing sound for event: minecraft:entity.dolphin.death
[20:25:04] [Render thread/WARN]: Missing sound for event: minecraft:entity.dolphin.eat
[20:25:04] [Render thread/WARN]: Missing sound for event: minecraft:entity.dolphin.hurt
[20:25:04] [Render thread/WARN]: Missing sound for event: minecraft:entity.dolphin.jump
[20:25:04] [Render thread/WARN]: Missing sound for event: minecraft:entity.dolphin.play
[20:25:04] [Render thread/WARN]: Missing sound for event: minecraft:entity.dolphin.splash
[20:25:04] [Render thread/WARN]: Missing sound for event: minecraft:entity.dolphin.swim
[20:25:04] [Render thread/WARN]: Missing sound for event: minecraft:entity.donkey.ambient
[20:25:04] [Render thread/WARN]: Missing sound for event: minecraft:entity.donkey.angry
[20:25:04] [Render thread/WARN]: Missing sound for event: minecraft:entity.donkey.chest
[20:25:04] [Render thread/WARN]: Missing sound for event: minecraft:entity.donkey.death
[20:25:04] [Render thread/WARN]: Missing sound for event: minecraft:entity.donkey.eat
[20:25:04] [Render thread/WARN]: Missing sound for event: minecraft:entity.donkey.hurt
[20:25:04] [Render thread/WARN]: Missing sound for event: minecraft:entity.donkey.jump
[20:25:04] [Render thread/WARN]: Missing sound for event: minecraft:block.dried_ghast.break
[20:25:04] [Render thread/WARN]: Missing sound for event: minecraft:block.dried_ghast.step
[20:25:04] [Render thread/WARN]: Missing sound for event: minecraft:block.dried_ghast.fall
[20:25:04] [Render thread/WARN]: Missing sound for event: minecraft:block.dried_ghast.ambient
[20:25:04] [Render thread/WARN]: Missing sound for event: minecraft:block.dried_ghast.ambient_water
[20:25:04] [Render thread/WARN]: Missing sound for event: minecraft:block.dried_ghast.place
[20:25:04] [Render thread/WARN]: Missing sound for event: minecraft:block.dried_ghast.place_in_water
[20:25:04] [Render thread/WARN]: Missing sound for event: minecraft:block.dried_ghast.transition
[20:25:04] [Render thread/WARN]: Missing sound for event: minecraft:block.dripstone_block.break
[20:25:04] [Render thread/WARN]: Missing sound for event: minecraft:block.dripstone_block.step
[20:25:04] [Render thread/WARN]: Missing sound for event: minecraft:block.dripstone_block.place
[20:25:04] [Render thread/WARN]: Missing sound for event: minecraft:block.dripstone_block.hit
[20:25:04] [Render thread/WARN]: Missing sound for event: minecraft:block.dripstone_block.fall
[20:25:04] [Render thread/WARN]: Missing sound for event: minecraft:block.dry_grass.ambient
[20:25:04] [Render thread/WARN]: Missing sound for event: minecraft:block.pointed_dripstone.break
[20:25:04] [Render thread/WARN]: Missing sound for event: minecraft:block.pointed_dripstone.step
[20:25:04] [Render thread/WARN]: Missing sound for event: minecraft:block.pointed_dripstone.place
[20:25:04] [Render thread/WARN]: Missing sound for event: minecraft:block.pointed_dripstone.hit
[20:25:04] [Render thread/WARN]: Missing sound for event: minecraft:block.pointed_dripstone.fall
[20:25:04] [Render thread/WARN]: Missing sound for event: minecraft:block.pointed_dripstone.land
[20:25:04] [Render thread/WARN]: Missing sound for event: minecraft:block.pointed_dripstone.drip_lava
[20:25:04] [Render thread/WARN]: Missing sound for event: minecraft:block.pointed_dripstone.drip_water
[20:25:04] [Render thread/WARN]: Missing sound for event: minecraft:block.pointed_dripstone.drip_lava_into_cauldron
[20:25:04] [Render thread/WARN]: Missing sound for event: minecraft:block.pointed_dripstone.drip_water_into_cauldron
[20:25:04] [Render thread/WARN]: Missing sound for event: minecraft:block.big_dripleaf.tilt_down
[20:25:04] [Render thread/WARN]: Missing sound for event: minecraft:block.big_dripleaf.tilt_up
[20:25:04] [Render thread/WARN]: Missing sound for event: minecraft:entity.drowned.ambient
[20:25:04] [Render thread/WARN]: Missing sound for event: minecraft:entity.drowned.ambient_water
[20:25:04] [Render thread/WARN]: Missing sound for event: minecraft:entity.drowned.death
[20:25:04] [Render thread/WARN]: Missing sound for event: minecraft:entity.drowned.death_water
[20:25:04] [Render thread/WARN]: Missing sound for event: minecraft:entity.drowned.hurt
[20:25:04] [Render thread/WARN]: Missing sound for event: minecraft:entity.drowned.hurt_water
[20:25:04] [Render thread/WARN]: Missing sound for event: minecraft:entity.drowned.shoot
[20:25:04] [Render thread/WARN]: Missing sound for event: minecraft:entity.drowned.step
[20:25:04] [Render thread/WARN]: Missing sound for event: minecraft:entity.drowned.swim
[20:25:04] [Render thread/WARN]: Missing sound for event: minecraft:item.dye.use
[20:25:04] [Render thread/WARN]: Missing sound for event: minecraft:entity.egg.throw
[20:25:04] [Render thread/WARN]: Missing sound for event: minecraft:entity.elder_guardian.ambient
[20:25:04] [Render thread/WARN]: Missing sound for event: minecraft:entity.elder_guardian.ambient_land
[20:25:04] [Render thread/WARN]: Missing sound for event: minecraft:entity.elder_guardian.curse
[20:25:04] [Render thread/WARN]: Missing sound for event: minecraft:entity.elder_guardian.death
[20:25:04] [Render thread/WARN]: Missing sound for event: minecraft:entity.elder_guardian.death_land
[20:25:04] [Render thread/WARN]: Missing sound for event: minecraft:entity.elder_guardian.flop
[20:25:04] [Render thread/WARN]: Missing sound for event: minecraft:entity.elder_guardian.hurt
[20:25:04] [Render thread/WARN]: Missing sound for event: minecraft:entity.elder_guardian.hurt_land
[20:25:04] [Render thread/WARN]: Missing sound for event: minecraft:item.elytra.flying
[20:25:04] [Render thread/WARN]: Missing sound for event: minecraft:block.enchantment_table.use
[20:25:04] [Render thread/WARN]: Missing sound for event: minecraft:block.ender_chest.close
[20:25:04] [Render thread/WARN]: Missing sound for event: minecraft:block.ender_chest.open
[20:25:04] [Render thread/WARN]: Missing sound for event: minecraft:entity.ender_dragon.ambient
[20:25:04] [Render thread/WARN]: Missing sound for event: minecraft:entity.ender_dragon.death
[20:25:04] [Render thread/WARN]: Missing sound for event: minecraft:entity.dragon_fireball.explode
[20:25:04] [Render thread/WARN]: Missing sound for event: minecraft:entity.ender_dragon.flap
[20:25:04] [Render thread/WARN]: Missing sound for event: minecraft:entity.ender_dragon.growl
[20:25:04] [Render thread/WARN]: Missing sound for event: minecraft:entity.ender_dragon.hurt
[20:25:04] [Render thread/WARN]: Missing sound for event: minecraft:entity.ender_dragon.shoot
[20:25:04] [Render thread/WARN]: Missing sound for event: minecraft:entity.ender_eye.death
[20:25:04] [Render thread/WARN]: Missing sound for event: minecraft:entity.ender_eye.launch
[20:25:04] [Render thread/WARN]: Missing sound for event: minecraft:entity.enderman.ambient
[20:25:04] [Render thread/WARN]: Missing sound for event: minecraft:entity.enderman.death
[20:25:04] [Render thread/WARN]: Missing sound for event: minecraft:entity.enderman.hurt
[20:25:04] [Render thread/WARN]: Missing sound for event: minecraft:entity.enderman.scream
[20:25:04] [Render thread/WARN]: Missing sound for event: minecraft:entity.enderman.stare
[20:25:04] [Render thread/WARN]: Missing sound for event: minecraft:entity.enderman.teleport
[20:25:04] [Render thread/WARN]: Missing sound for event: minecraft:entity.endermite.ambient
[20:25:04] [Render thread/WARN]: Missing sound for event: minecraft:entity.endermite.death
[20:25:04] [Render thread/WARN]: Missing sound for event: minecraft:entity.endermite.hurt
[20:25:04] [Render thread/WARN]: Missing sound for event: minecraft:entity.endermite.step
[20:25:04] [Render thread/WARN]: Missing sound for event: minecraft:entity.ender_pearl.throw
[20:25:04] [Render thread/WARN]: Missing sound for event: minecraft:block.end_gateway.spawn
[20:25:04] [Render thread/WARN]: Missing sound for event: minecraft:block.end_portal_frame.fill
[20:25:04] [Render thread/WARN]: Missing sound for event: minecraft:block.end_portal.spawn
[20:25:04] [Render thread/WARN]: Missing sound for event: minecraft:entity.evoker.ambient
[20:25:04] [Render thread/WARN]: Missing sound for event: minecraft:entity.evoker.cast_spell
[20:25:04] [Render thread/WARN]: Missing sound for event: minecraft:entity.evoker.celebrate
[20:25:04] [Render thread/WARN]: Missing sound for event: minecraft:entity.evoker.death
[20:25:04] [Render thread/WARN]: Missing sound for event: minecraft:entity.evoker_fangs.attack
[20:25:04] [Render thread/WARN]: Missing sound for event: minecraft:entity.evoker.hurt
[20:25:04] [Render thread/WARN]: Missing sound for event: minecraft:entity.evoker.prepare_attack
[20:25:04] [Render thread/WARN]: Missing sound for event: minecraft:entity.evoker.prepare_summon
[20:25:04] [Render thread/WARN]: Missing sound for event: minecraft:entity.evoker.prepare_wololo
[20:25:04] [Render thread/WARN]: Missing sound for event: minecraft:entity.experience_bottle.throw
[20:25:04] [Render thread/WARN]: Missing sound for event: minecraft:entity.experience_orb.pickup
[20:25:04] [Render thread/WARN]: Missing sound for event: minecraft:block.eyeblossom.open_long
[20:25:04] [Render thread/WARN]: Missing sound for event: minecraft:block.eyeblossom.open
[20:25:04] [Render thread/WARN]: Missing sound for event: minecraft:block.eyeblossom.close_long
[20:25:04] [Render thread/WARN]: Missing sound for event: minecraft:block.eyeblossom.close
[20:25:04] [Render thread/WARN]: Missing sound for event: minecraft:block.eyeblossom.idle
[20:25:04] [Render thread/WARN]: Missing sound for event: minecraft:block.fence_gate.close
[20:25:04] [Render thread/WARN]: Missing sound for event: minecraft:block.fence_gate.open
[20:25:04] [Render thread/WARN]: Missing sound for event: minecraft:item.firecharge.use
[20:25:04] [Render thread/WARN]: Missing sound for event: minecraft:block.firefly_bush.idle
[20:25:04] [Render thread/WARN]: Missing sound for event: minecraft:entity.firework_rocket.blast
[20:25:04] [Render thread/WARN]: Missing sound for event: minecraft:entity.firework_rocket.blast_far
[20:25:04] [Render thread/WARN]: Missing sound for event: minecraft:entity.firework_rocket.large_blast
[20:25:04] [Render thread/WARN]: Missing sound for event: minecraft:entity.firework_rocket.large_blast_far
[20:25:04] [Render thread/WARN]: Missing sound for event: minecraft:entity.firework_rocket.launch
[20:25:04] [Render thread/WARN]: Missing sound for event: minecraft:entity.firework_rocket.shoot
[20:25:04] [Render thread/WARN]: Missing sound for event: minecraft:entity.firework_rocket.twinkle
[20:25:04] [Render thread/WARN]: Missing sound for event: minecraft:entity.firework_rocket.twinkle_far
[20:25:04] [Render thread/WARN]: Missing sound for event: minecraft:block.fire.ambient
[20:25:04] [Render thread/WARN]: Missing sound for event: minecraft:block.fire.extinguish
[20:25:04] [Render thread/WARN]: Missing sound for event: minecraft:entity.fish.swim
[20:25:04] [Render thread/WARN]: Missing sound for event: minecraft:entity.fishing_bobber.retrieve
[20:25:04] [Render thread/WARN]: Missing sound for event: minecraft:entity.fishing_bobber.splash
[20:25:04] [Render thread/WARN]: Missing sound for event: minecraft:entity.fishing_bobber.throw
[20:25:04] [Render thread/WARN]: Missing sound for event: minecraft:item.flintandsteel.use
[20:25:04] [Render thread/WARN]: Missing sound for event: minecraft:block.flowering_azalea.break
[20:25:04] [Render thread/WARN]: Missing sound for event: minecraft:block.flowering_azalea.fall
[20:25:04] [Render thread/WARN]: Missing sound for event: minecraft:block.flowering_azalea.hit
[20:25:04] [Render thread/WARN]: Missing sound for event: minecraft:block.flowering_azalea.place
[20:25:04] [Render thread/WARN]: Missing sound for event: minecraft:block.flowering_azalea.step
[20:25:04] [Render thread/WARN]: Missing sound for event: minecraft:entity.fox.aggro
[20:25:04] [Render thread/WARN]: Missing sound for event: minecraft:entity.fox.ambient
[20:25:04] [Render thread/WARN]: Missing sound for event: minecraft:entity.fox.bite
[20:25:04] [Render thread/WARN]: Missing sound for event: minecraft:entity.fox.death
[20:25:04] [Render thread/WARN]: Missing sound for event: minecraft:entity.fox.eat
[20:25:04] [Render thread/WARN]: Missing sound for event: minecraft:entity.fox.hurt
[20:25:04] [Render thread/WARN]: Missing sound for event: minecraft:entity.fox.screech
[20:25:04] [Render thread/WARN]: Missing sound for event: minecraft:entity.fox.sleep
[20:25:04] [Render thread/WARN]: Missing sound for event: minecraft:entity.fox.sniff
[20:25:04] [Render thread/WARN]: Missing sound for event: minecraft:entity.fox.spit
[20:25:04] [Render thread/WARN]: Missing sound for event: minecraft:entity.fox.teleport
[20:25:04] [Render thread/WARN]: Missing sound for event: minecraft:block.suspicious_sand.break
[20:25:04] [Render thread/WARN]: Missing sound for event: minecraft:block.suspicious_sand.step
[20:25:04] [Render thread/WARN]: Missing sound for event: minecraft:block.suspicious_sand.place
[20:25:04] [Render thread/WARN]: Missing sound for event: minecraft:block.suspicious_sand.hit
[20:25:04] [Render thread/WARN]: Missing sound for event: minecraft:block.suspicious_sand.fall
[20:25:04] [Render thread/WARN]: Missing sound for event: minecraft:block.suspicious_gravel.break
[20:25:04] [Render thread/WARN]: Missing sound for event: minecraft:block.suspicious_gravel.step
[20:25:04] [Render thread/WARN]: Missing sound for event: minecraft:block.suspicious_gravel.place
[20:25:04] [Render thread/WARN]: Missing sound for event: minecraft:block.suspicious_gravel.hit
[20:25:04] [Render thread/WARN]: Missing sound for event: minecraft:block.suspicious_gravel.fall
[20:25:04] [Render thread/WARN]: Missing sound for event: minecraft:block.froglight.break
[20:25:04] [Render thread/WARN]: Missing sound for event: minecraft:block.froglight.fall
[20:25:04] [Render thread/WARN]: Missing sound for event: minecraft:block.froglight.hit
[20:25:04] [Render thread/WARN]: Missing sound for event: minecraft:block.froglight.place
[20:25:04] [Render thread/WARN]: Missing sound for event: minecraft:block.froglight.step
[20:25:04] [Render thread/WARN]: Missing sound for event: minecraft:block.frogspawn.step
[20:25:04] [Render thread/WARN]: Missing sound for event: minecraft:block.frogspawn.break
[20:25:04] [Render thread/WARN]: Missing sound for event: minecraft:block.frogspawn.fall
[20:25:04] [Render thread/WARN]: Missing sound for event: minecraft:block.frogspawn.hatch
[20:25:04] [Render thread/WARN]: Missing sound for event: minecraft:block.frogspawn.hit
[20:25:04] [Render thread/WARN]: Missing sound for event: minecraft:block.frogspawn.place
[20:25:04] [Render thread/WARN]: Missing sound for event: minecraft:entity.frog.ambient
[20:25:04] [Render thread/WARN]: Missing sound for event: minecraft:entity.frog.death
[20:25:04] [Render thread/WARN]: Missing sound for event: minecraft:entity.frog.eat
[20:25:04] [Render thread/WARN]: Missing sound for event: minecraft:entity.frog.hurt
[20:25:04] [Render thread/WARN]: Missing sound for event: minecraft:entity.frog.lay_spawn
[20:25:04] [Render thread/WARN]: Missing sound for event: minecraft:entity.frog.long_jump
[20:25:04] [Render thread/WARN]: Missing sound for event: minecraft:entity.frog.step
[20:25:04] [Render thread/WARN]: Missing sound for event: minecraft:entity.frog.tongue
[20:25:04] [Render thread/WARN]: Missing sound for event: minecraft:block.roots.break
[20:25:04] [Render thread/WARN]: Missing sound for event: minecraft:block.roots.step
[20:25:04] [Render thread/WARN]: Missing sound for event: minecraft:block.roots.place
[20:25:04] [Render thread/WARN]: Missing sound for event: minecraft:block.roots.hit
[20:25:04] [Render thread/WARN]: Missing sound for event: minecraft:block.roots.fall
[20:25:04] [Render thread/WARN]: Missing sound for event: minecraft:block.furnace.fire_crackle
[20:25:04] [Render thread/WARN]: Missing sound for event: minecraft:entity.generic.big_fall
[20:25:04] [Render thread/WARN]: Missing sound for event: minecraft:entity.generic.burn
[20:25:04] [Render thread/WARN]: Missing sound for event: minecraft:entity.generic.death
[20:25:04] [Render thread/WARN]: Missing sound for event: minecraft:entity.generic.drink
[20:25:04] [Render thread/WARN]: Missing sound for event: minecraft:entity.generic.eat
[20:25:04] [Render thread/WARN]: Missing sound for event: minecraft:entity.generic.explode
[20:25:04] [Render thread/WARN]: Missing sound for event: minecraft:entity.generic.extinguish_fire
[20:25:04] [Render thread/WARN]: Missing sound for event: minecraft:entity.generic.hurt
[20:25:04] [Render thread/WARN]: Missing sound for event: minecraft:entity.generic.small_fall
[20:25:04] [Render thread/WARN]: Missing sound for event: minecraft:entity.generic.splash
[20:25:04] [Render thread/WARN]: Missing sound for event: minecraft:entity.generic.swim
[20:25:04] [Render thread/WARN]: Missing sound for event: minecraft:entity.ghast.ambient
[20:25:04] [Render thread/WARN]: Missing sound for event: minecraft:entity.ghast.death
[20:25:04] [Render thread/WARN]: Missing sound for event: minecraft:entity.ghast.hurt
[20:25:04] [Render thread/WARN]: Missing sound for event: minecraft:entity.ghast.scream
[20:25:04] [Render thread/WARN]: Missing sound for event: minecraft:entity.ghast.shoot
[20:25:04] [Render thread/WARN]: Missing sound for event: minecraft:entity.ghast.warn
[20:25:04] [Render thread/WARN]: Missing sound for event: minecraft:entity.ghastling.ambient
[20:25:04] [Render thread/WARN]: Missing sound for event: minecraft:entity.ghastling.death
[20:25:04] [Render thread/WARN]: Missing sound for event: minecraft:entity.ghastling.hurt
[20:25:04] [Render thread/WARN]: Missing sound for event: minecraft:entity.ghastling.spawn
[20:25:04] [Render thread/WARN]: Missing sound for event: minecraft:block.gilded_blackstone.break
[20:25:04] [Render thread/WARN]: Missing sound for event: minecraft:block.gilded_blackstone.fall
[20:25:04] [Render thread/WARN]: Missing sound for event: minecraft:block.gilded_blackstone.hit
[20:25:04] [Render thread/WARN]: Missing sound for event: minecraft:block.gilded_blackstone.place
[20:25:04] [Render thread/WARN]: Missing sound for event: minecraft:block.gilded_blackstone.step
[20:25:04] [Render thread/WARN]: Missing sound for event: minecraft:block.glass.break
[20:25:04] [Render thread/WARN]: Missing sound for event: minecraft:block.glass.fall
[20:25:04] [Render thread/WARN]: Missing sound for event: minecraft:block.glass.hit
[20:25:04] [Render thread/WARN]: Missing sound for event: minecraft:block.glass.place
[20:25:04] [Render thread/WARN]: Missing sound for event: minecraft:block.glass.step
[20:25:04] [Render thread/WARN]: Missing sound for event: minecraft:item.glow_ink_sac.use
[20:25:04] [Render thread/WARN]: Missing sound for event: minecraft:entity.glow_item_frame.add_item
[20:25:04] [Render thread/WARN]: Missing sound for event: minecraft:entity.glow_item_frame.break
[20:25:04] [Render thread/WARN]: Missing sound for event: minecraft:entity.glow_item_frame.place
[20:25:04] [Render thread/WARN]: Missing sound for event: minecraft:entity.glow_item_frame.remove_item
[20:25:04] [Render thread/WARN]: Missing sound for event: minecraft:entity.glow_item_frame.rotate_item
[20:25:04] [Render thread/WARN]: Missing sound for event: minecraft:entity.glow_squid.ambient
[20:25:04] [Render thread/WARN]: Missing sound for event: minecraft:entity.glow_squid.death
[20:25:04] [Render thread/WARN]: Missing sound for event: minecraft:entity.glow_squid.hurt
[20:25:04] [Render thread/WARN]: Missing sound for event: minecraft:entity.glow_squid.squirt
[20:25:04] [Render thread/WARN]: Missing sound for event: minecraft:entity.goat.ambient
[20:25:04] [Render thread/WARN]: Missing sound for event: minecraft:entity.goat.death
[20:25:04] [Render thread/WARN]: Missing sound for event: minecraft:entity.goat.eat
[20:25:04] [Render thread/WARN]: Missing sound for event: minecraft:entity.goat.hurt
[20:25:04] [Render thread/WARN]: Missing sound for event: minecraft:entity.goat.long_jump
[20:25:04] [Render thread/WARN]: Missing sound for event: minecraft:entity.goat.milk
[20:25:04] [Render thread/WARN]: Missing sound for event: minecraft:entity.goat.prepare_ram
[20:25:04] [Render thread/WARN]: Missing sound for event: minecraft:entity.goat.ram_impact
[20:25:04] [Render thread/WARN]: Missing sound for event: minecraft:entity.goat.horn_break
[20:25:04] [Render thread/WARN]: Missing sound for event: minecraft:entity.goat.screaming.ambient
[20:25:04] [Render thread/WARN]: Missing sound for event: minecraft:entity.goat.screaming.death
[20:25:04] [Render thread/WARN]: Missing sound for event: minecraft:entity.goat.screaming.eat
[20:25:04] [Render thread/WARN]: Missing sound for event: minecraft:entity.goat.screaming.hurt
[20:25:04] [Render thread/WARN]: Missing sound for event: minecraft:entity.goat.screaming.long_jump
[20:25:04] [Render thread/WARN]: Missing sound for event: minecraft:entity.goat.screaming.milk
[20:25:04] [Render thread/WARN]: Missing sound for event: minecraft:entity.goat.screaming.prepare_ram
[20:25:04] [Render thread/WARN]: Missing sound for event: minecraft:entity.goat.screaming.ram_impact
[20:25:04] [Render thread/WARN]: Missing sound for event: minecraft:entity.goat.step
[20:25:04] [Render thread/WARN]: Missing sound for event: minecraft:block.grass.break
[20:25:04] [Render thread/WARN]: Missing sound for event: minecraft:block.grass.fall
[20:25:04] [Render thread/WARN]: Missing sound for event: minecraft:block.grass.hit
[20:25:04] [Render thread/WARN]: Missing sound for event: minecraft:block.grass.place
[20:25:04] [Render thread/WARN]: Missing sound for event: minecraft:block.grass.step
[20:25:04] [Render thread/WARN]: Missing sound for event: minecraft:block.gravel.break
[20:25:04] [Render thread/WARN]: Missing sound for event: minecraft:block.gravel.fall
[20:25:04] [Render thread/WARN]: Missing sound for event: minecraft:block.gravel.hit
[20:25:04] [Render thread/WARN]: Missing sound for event: minecraft:block.gravel.place
[20:25:04] [Render thread/WARN]: Missing sound for event: minecraft:block.gravel.step
[20:25:04] [Render thread/WARN]: Missing sound for event: minecraft:block.grindstone.use
[20:25:04] [Render thread/WARN]: Missing sound for event: minecraft:block.growing_plant.crop
[20:25:04] [Render thread/WARN]: Missing sound for event: minecraft:entity.guardian.ambient
[20:25:04] [Render thread/WARN]: Missing sound for event: minecraft:entity.guardian.ambient_land
[20:25:04] [Render thread/WARN]: Missing sound for event: minecraft:entity.guardian.attack
[20:25:04] [Render thread/WARN]: Missing sound for event: minecraft:entity.guardian.death
[20:25:04] [Render thread/WARN]: Missing sound for event: minecraft:entity.guardian.death_land
[20:25:04] [Render thread/WARN]: Missing sound for event: minecraft:entity.guardian.flop
[20:25:04] [Render thread/WARN]: Missing sound for event: minecraft:entity.guardian.hurt
[20:25:04] [Render thread/WARN]: Missing sound for event: minecraft:entity.guardian.hurt_land
[20:25:04] [Render thread/WARN]: Missing sound for event: minecraft:block.hanging_roots.break
[20:25:04] [Render thread/WARN]: Missing sound for event: minecraft:block.hanging_roots.fall
[20:25:04] [Render thread/WARN]: Missing sound for event: minecraft:block.hanging_roots.hit
[20:25:04] [Render thread/WARN]: Missing sound for event: minecraft:block.hanging_roots.place
[20:25:04] [Render thread/WARN]: Missing sound for event: minecraft:block.hanging_roots.step
[20:25:04] [Render thread/WARN]: Missing sound for event: minecraft:block.hanging_sign.step
[20:25:04] [Render thread/WARN]: Missing sound for event: minecraft:block.hanging_sign.break
[20:25:04] [Render thread/WARN]: Missing sound for event: minecraft:block.hanging_sign.fall
[20:25:04] [Render thread/WARN]: Missing sound for event: minecraft:block.hanging_sign.hit
[20:25:04] [Render thread/WARN]: Missing sound for event: minecraft:block.hanging_sign.place
[20:25:04] [Render thread/WARN]: Missing sound for event: minecraft:entity.happy_ghast.ambient
[20:25:04] [Render thread/WARN]: Missing sound for event: minecraft:entity.happy_ghast.death
[20:25:04] [Render thread/WARN]: Missing sound for event: minecraft:entity.happy_ghast.hurt
[20:25:04] [Render thread/WARN]: Missing sound for event: minecraft:entity.happy_ghast.riding
[20:25:04] [Render thread/WARN]: Missing sound for event: minecraft:block.heavy_core.break
[20:25:04] [Render thread/WARN]: Missing sound for event: minecraft:block.heavy_core.fall
[20:25:04] [Render thread/WARN]: Missing sound for event: minecraft:block.heavy_core.hit
[20:25:04] [Render thread/WARN]: Missing sound for event: minecraft:block.heavy_core.place
[20:25:04] [Render thread/WARN]: Missing sound for event: minecraft:block.heavy_core.step
[20:25:04] [Render thread/WARN]: Missing sound for event: minecraft:block.nether_wood_hanging_sign.step
[20:25:04] [Render thread/WARN]: Missing sound for event: minecraft:block.nether_wood_hanging_sign.break
[20:25:04] [Render thread/WARN]: Missing sound for event: minecraft:block.nether_wood_hanging_sign.fall
[20:25:04] [Render thread/WARN]: Missing sound for event: minecraft:block.nether_wood_hanging_sign.hit
[20:25:04] [Render thread/WARN]: Missing sound for event: minecraft:block.nether_wood_hanging_sign.place
[20:25:04] [Render thread/WARN]: Missing sound for event: minecraft:block.bamboo_wood_hanging_sign.step
[20:25:04] [Render thread/WARN]: Missing sound for event: minecraft:block.bamboo_wood_hanging_sign.break
[20:25:04] [Render thread/WARN]: Missing sound for event: minecraft:block.bamboo_wood_hanging_sign.fall
[20:25:04] [Render thread/WARN]: Missing sound for event: minecraft:block.bamboo_wood_hanging_sign.hit
[20:25:04] [Render thread/WARN]: Missing sound for event: minecraft:block.bamboo_wood_hanging_sign.place
[20:25:04] [Render thread/WARN]: Missing sound for event: minecraft:block.trial_spawner.break
[20:25:04] [Render thread/WARN]: Missing sound for event: minecraft:block.trial_spawner.step
[20:25:04] [Render thread/WARN]: Missing sound for event: minecraft:block.trial_spawner.place
[20:25:04] [Render thread/WARN]: Missing sound for event: minecraft:block.trial_spawner.hit
[20:25:04] [Render thread/WARN]: Missing sound for event: minecraft:block.trial_spawner.fall
[20:25:04] [Render thread/WARN]: Missing sound for event: minecraft:block.trial_spawner.spawn_mob
[20:25:04] [Render thread/WARN]: Missing sound for event: minecraft:block.trial_spawner.about_to_spawn_item
[20:25:04] [Render thread/WARN]: Missing sound for event: minecraft:block.trial_spawner.spawn_item
[20:25:04] [Render thread/WARN]: Missing sound for event: minecraft:block.trial_spawner.spawn_item_begin
[20:25:04] [Render thread/WARN]: Missing sound for event: minecraft:block.trial_spawner.detect_player
[20:25:04] [Render thread/WARN]: Missing sound for event: minecraft:block.trial_spawner.ominous_activate
[20:25:04] [Render thread/WARN]: Missing sound for event: minecraft:block.trial_spawner.ambient
[20:25:04] [Render thread/WARN]: Missing sound for event: minecraft:block.trial_spawner.ambient_ominous
[20:25:04] [Render thread/WARN]: Missing sound for event: minecraft:block.trial_spawner.open_shutter
[20:25:04] [Render thread/WARN]: Missing sound for event: minecraft:block.trial_spawner.close_shutter
[20:25:04] [Render thread/WARN]: Missing sound for event: minecraft:block.trial_spawner.eject_item
[20:25:04] [Render thread/WARN]: Missing sound for event: minecraft:entity.happy_ghast.equip
[20:25:04] [Render thread/WARN]: Missing sound for event: minecraft:entity.happy_ghast.unequip
[20:25:04] [Render thread/WARN]: Missing sound for event: minecraft:entity.happy_ghast.harness_goggles_up
[20:25:04] [Render thread/WARN]: Missing sound for event: minecraft:entity.happy_ghast.harness_goggles_down
[20:25:04] [Render thread/WARN]: Missing sound for event: minecraft:item.hoe.till
[20:25:04] [Render thread/WARN]: Missing sound for event: minecraft:entity.hoglin.ambient
[20:25:04] [Render thread/WARN]: Missing sound for event: minecraft:entity.hoglin.angry
[20:25:04] [Render thread/WARN]: Missing sound for event: minecraft:entity.hoglin.attack
[20:25:04] [Render thread/WARN]: Missing sound for event: minecraft:entity.hoglin.converted_to_zombified
[20:25:04] [Render thread/WARN]: Missing sound for event: minecraft:entity.hoglin.death
[20:25:04] [Render thread/WARN]: Missing sound for event: minecraft:entity.hoglin.hurt
[20:25:04] [Render thread/WARN]: Missing sound for event: minecraft:entity.hoglin.retreat
[20:25:04] [Render thread/WARN]: Missing sound for event: minecraft:entity.hoglin.step
[20:25:04] [Render thread/WARN]: Missing sound for event: minecraft:block.honey_block.break
[20:25:04] [Render thread/WARN]: Missing sound for event: minecraft:block.honey_block.fall
[20:25:04] [Render thread/WARN]: Missing sound for event: minecraft:block.honey_block.hit
[20:25:04] [Render thread/WARN]: Missing sound for event: minecraft:block.honey_block.place
[20:25:04] [Render thread/WARN]: Missing sound for event: minecraft:block.honey_block.slide
[20:25:04] [Render thread/WARN]: Missing sound for event: minecraft:block.honey_block.step
[20:25:04] [Render thread/WARN]: Missing sound for event: minecraft:item.honeycomb.wax_on
[20:25:04] [Render thread/WARN]: Missing sound for event: minecraft:item.honey_bottle.drink
[20:25:04] [Render thread/WARN]: Missing sound for event: minecraft:item.goat_horn.sound.0
[20:25:04] [Render thread/WARN]: Missing sound for event: minecraft:item.goat_horn.sound.1
[20:25:04] [Render thread/WARN]: Missing sound for event: minecraft:item.goat_horn.sound.2
[20:25:04] [Render thread/WARN]: Missing sound for event: minecraft:item.goat_horn.sound.3
[20:25:04] [Render thread/WARN]: Missing sound for event: minecraft:item.goat_horn.sound.4
[20:25:04] [Render thread/WARN]: Missing sound for event: minecraft:item.goat_horn.sound.5
[20:25:04] [Render thread/WARN]: Missing sound for event: minecraft:item.goat_horn.sound.6
[20:25:04] [Render thread/WARN]: Missing sound for event: minecraft:item.goat_horn.sound.7
[20:25:04] [Render thread/WARN]: Missing sound for event: minecraft:entity.horse.ambient
[20:25:04] [Render thread/WARN]: Missing sound for event: minecraft:entity.horse.angry
[20:25:04] [Render thread/WARN]: Missing sound for event: minecraft:entity.horse.armor
[20:25:04] [Render thread/WARN]: Missing sound for event: minecraft:item.horse_armor.unequip
[20:25:04] [Render thread/WARN]: Missing sound for event: minecraft:entity.horse.breathe
[20:25:04] [Render thread/WARN]: Missing sound for event: minecraft:entity.horse.death
[20:25:04] [Render thread/WARN]: Missing sound for event: minecraft:entity.horse.eat
[20:25:04] [Render thread/WARN]: Missing sound for event: minecraft:entity.horse.gallop
[20:25:04] [Render thread/WARN]: Missing sound for event: minecraft:entity.horse.hurt
[20:25:04] [Render thread/WARN]: Missing sound for event: minecraft:entity.horse.jump
[20:25:04] [Render thread/WARN]: Missing sound for event: minecraft:entity.horse.land
[20:25:04] [Render thread/WARN]: Missing sound for event: minecraft:entity.horse.saddle
[20:25:04] [Render thread/WARN]: Missing sound for event: minecraft:entity.horse.step
[20:25:04] [Render thread/WARN]: Missing sound for event: minecraft:entity.horse.step_wood
[20:25:04] [Render thread/WARN]: Missing sound for event: minecraft:entity.hostile.big_fall
[20:25:04] [Render thread/WARN]: Missing sound for event: minecraft:entity.hostile.death
[20:25:04] [Render thread/WARN]: Missing sound for event: minecraft:entity.hostile.hurt
[20:25:04] [Render thread/WARN]: Missing sound for event: minecraft:entity.hostile.small_fall
[20:25:04] [Render thread/WARN]: Missing sound for event: minecraft:entity.hostile.splash
[20:25:04] [Render thread/WARN]: Missing sound for event: minecraft:entity.hostile.swim
[20:25:04] [Render thread/WARN]: Missing sound for event: minecraft:entity.husk.ambient
[20:25:04] [Render thread/WARN]: Missing sound for event: minecraft:entity.husk.converted_to_zombie
[20:25:04] [Render thread/WARN]: Missing sound for event: minecraft:entity.husk.death
[20:25:04] [Render thread/WARN]: Missing sound for event: minecraft:entity.husk.hurt
[20:25:04] [Render thread/WARN]: Missing sound for event: minecraft:entity.husk.step
[20:25:04] [Render thread/WARN]: Missing sound for event: minecraft:entity.illusioner.ambient
[20:25:04] [Render thread/WARN]: Missing sound for event: minecraft:entity.illusioner.cast_spell
[20:25:04] [Render thread/WARN]: Missing sound for event: minecraft:entity.illusioner.death
[20:25:04] [Render thread/WARN]: Missing sound for event: minecraft:entity.illusioner.hurt
[20:25:04] [Render thread/WARN]: Missing sound for event: minecraft:entity.illusioner.mirror_move
[20:25:04] [Render thread/WARN]: Missing sound for event: minecraft:entity.illusioner.prepare_blindness
[20:25:04] [Render thread/WARN]: Missing sound for event: minecraft:entity.illusioner.prepare_mirror
[20:25:04] [Render thread/WARN]: Missing sound for event: minecraft:item.ink_sac.use
[20:25:04] [Render thread/WARN]: Missing sound for event: minecraft:block.iron.break
[20:25:04] [Render thread/WARN]: Missing sound for event: minecraft:block.iron.step
[20:25:04] [Render thread/WARN]: Missing sound for event: minecraft:block.iron.place
[20:25:04] [Render thread/WARN]: Missing sound for event: minecraft:block.iron.hit
[20:25:04] [Render thread/WARN]: Missing sound for event: minecraft:block.iron.fall
[20:25:04] [Render thread/WARN]: Missing sound for event: minecraft:block.iron_door.close
[20:25:04] [Render thread/WARN]: Missing sound for event: minecraft:block.iron_door.open
[20:25:04] [Render thread/WARN]: Missing sound for event: minecraft:entity.iron_golem.attack
[20:25:04] [Render thread/WARN]: Missing sound for event: minecraft:entity.iron_golem.damage
[20:25:04] [Render thread/WARN]: Missing sound for event: minecraft:entity.iron_golem.death
[20:25:04] [Render thread/WARN]: Missing sound for event: minecraft:entity.iron_golem.hurt
[20:25:04] [Render thread/WARN]: Missing sound for event: minecraft:entity.iron_golem.repair
[20:25:04] [Render thread/WARN]: Missing sound for event: minecraft:entity.iron_golem.step
[20:25:04] [Render thread/WARN]: Missing sound for event: minecraft:block.iron_trapdoor.close
[20:25:04] [Render thread/WARN]: Missing sound for event: minecraft:block.iron_trapdoor.open
[20:25:04] [Render thread/WARN]: Missing sound for event: minecraft:entity.item_frame.add_item
[20:25:04] [Render thread/WARN]: Missing sound for event: minecraft:entity.item_frame.break
[20:25:04] [Render thread/WARN]: Missing sound for event: minecraft:entity.item_frame.place
[20:25:04] [Render thread/WARN]: Missing sound for event: minecraft:entity.item_frame.remove_item
[20:25:04] [Render thread/WARN]: Missing sound for event: minecraft:entity.item_frame.rotate_item
[20:25:04] [Render thread/WARN]: Missing sound for event: minecraft:entity.item.break
[20:25:04] [Render thread/WARN]: Missing sound for event: minecraft:entity.item.pickup
[20:25:04] [Render thread/WARN]: Missing sound for event: minecraft:block.ladder.break
[20:25:04] [Render thread/WARN]: Missing sound for event: minecraft:block.ladder.fall
[20:25:04] [Render thread/WARN]: Missing sound for event: minecraft:block.ladder.hit
[20:25:04] [Render thread/WARN]: Missing sound for event: minecraft:block.ladder.place
[20:25:04] [Render thread/WARN]: Missing sound for event: minecraft:block.ladder.step
[20:25:04] [Render thread/WARN]: Missing sound for event: minecraft:block.lantern.break
[20:25:04] [Render thread/WARN]: Missing sound for event: minecraft:block.lantern.fall
[20:25:04] [Render thread/WARN]: Missing sound for event: minecraft:block.lantern.hit
[20:25:04] [Render thread/WARN]: Missing sound for event: minecraft:block.lantern.place
[20:25:04] [Render thread/WARN]: Missing sound for event: minecraft:block.lantern.step
[20:25:04] [Render thread/WARN]: Missing sound for event: minecraft:block.large_amethyst_bud.break
[20:25:04] [Render thread/WARN]: Missing sound for event: minecraft:block.large_amethyst_bud.place
[20:25:04] [Render thread/WARN]: Missing sound for event: minecraft:block.lava.ambient
[20:25:04] [Render thread/WARN]: Missing sound for event: minecraft:block.lava.extinguish
[20:25:04] [Render thread/WARN]: Missing sound for event: minecraft:block.lava.pop
[20:25:04] [Render thread/WARN]: Missing sound for event: minecraft:block.leaf_litter.break
[20:25:04] [Render thread/WARN]: Missing sound for event: minecraft:block.leaf_litter.step
[20:25:04] [Render thread/WARN]: Missing sound for event: minecraft:block.leaf_litter.place
[20:25:04] [Render thread/WARN]: Missing sound for event: minecraft:block.leaf_litter.hit
[20:25:04] [Render thread/WARN]: Missing sound for event: minecraft:block.leaf_litter.fall
[20:25:04] [Render thread/WARN]: Missing sound for event: minecraft:item.lead.untied
[20:25:04] [Render thread/WARN]: Missing sound for event: minecraft:item.lead.tied
[20:25:04] [Render thread/WARN]: Missing sound for event: minecraft:item.lead.break
[20:25:04] [Render thread/WARN]: Missing sound for event: minecraft:block.lever.click
[20:25:04] [Render thread/WARN]: Missing sound for event: minecraft:entity.lightning_bolt.impact
[20:25:04] [Render thread/WARN]: Missing sound for event: minecraft:entity.lightning_bolt.thunder
[20:25:04] [Render thread/WARN]: Missing sound for event: minecraft:entity.lingering_potion.throw
[20:25:04] [Render thread/WARN]: Missing sound for event: minecraft:entity.llama.ambient
[20:25:04] [Render thread/WARN]: Missing sound for event: minecraft:entity.llama.angry
[20:25:04] [Render thread/WARN]: Missing sound for event: minecraft:entity.llama.chest
[20:25:04] [Render thread/WARN]: Missing sound for event: minecraft:entity.llama.death
[20:25:04] [Render thread/WARN]: Missing sound for event: minecraft:entity.llama.eat
[20:25:04] [Render thread/WARN]: Missing sound for event: minecraft:entity.llama.hurt
[20:25:04] [Render thread/WARN]: Missing sound for event: minecraft:entity.llama.spit
[20:25:04] [Render thread/WARN]: Missing sound for event: minecraft:entity.llama.step
[20:25:04] [Render thread/WARN]: Missing sound for event: minecraft:entity.llama.swag
[20:25:04] [Render thread/WARN]: Missing sound for event: minecraft:item.llama_carpet.unequip
[20:25:04] [Render thread/WARN]: Missing sound for event: minecraft:entity.magma_cube.death_small
[20:25:04] [Render thread/WARN]: Missing sound for event: minecraft:block.lodestone.break
[20:25:04] [Render thread/WARN]: Missing sound for event: minecraft:block.lodestone.step
[20:25:04] [Render thread/WARN]: Missing sound for event: minecraft:block.lodestone.place
[20:25:04] [Render thread/WARN]: Missing sound for event: minecraft:block.lodestone.hit
[20:25:04] [Render thread/WARN]: Missing sound for event: minecraft:block.lodestone.fall
[20:25:04] [Render thread/WARN]: Missing sound for event: minecraft:item.lodestone_compass.lock
[20:25:04] [Render thread/WARN]: Missing sound for event: minecraft:item.spear.lunge_1
[20:25:04] [Render thread/WARN]: Missing sound for event: minecraft:item.spear.lunge_2
[20:25:04] [Render thread/WARN]: Missing sound for event: minecraft:item.spear.lunge_3
[20:25:04] [Render thread/WARN]: Missing sound for event: minecraft:item.mace.smash_air
[20:25:04] [Render thread/WARN]: Missing sound for event: minecraft:item.mace.smash_ground
[20:25:04] [Render thread/WARN]: Missing sound for event: minecraft:item.mace.smash_ground_heavy
[20:25:04] [Render thread/WARN]: Missing sound for event: minecraft:entity.magma_cube.death
[20:25:04] [Render thread/WARN]: Missing sound for event: minecraft:entity.magma_cube.hurt
[20:25:04] [Render thread/WARN]: Missing sound for event: minecraft:entity.magma_cube.hurt_small
[20:25:04] [Render thread/WARN]: Missing sound for event: minecraft:entity.magma_cube.jump
[20:25:04] [Render thread/WARN]: Missing sound for event: minecraft:entity.magma_cube.squish
[20:25:04] [Render thread/WARN]: Missing sound for event: minecraft:entity.magma_cube.squish_small
[20:25:04] [Render thread/WARN]: Missing sound for event: minecraft:block.mangrove_roots.break
[20:25:04] [Render thread/WARN]: Missing sound for event: minecraft:block.mangrove_roots.fall
[20:25:04] [Render thread/WARN]: Missing sound for event: minecraft:block.mangrove_roots.hit
[20:25:04] [Render thread/WARN]: Missing sound for event: minecraft:block.mangrove_roots.place
[20:25:04] [Render thread/WARN]: Missing sound for event: minecraft:block.mangrove_roots.step
[20:25:04] [Render thread/WARN]: Missing sound for event: minecraft:block.medium_amethyst_bud.break
[20:25:04] [Render thread/WARN]: Missing sound for event: minecraft:block.medium_amethyst_bud.place
[20:25:04] [Render thread/WARN]: Missing sound for event: minecraft:block.metal.break
[20:25:04] [Render thread/WARN]: Missing sound for event: minecraft:block.metal.fall
[20:25:04] [Render thread/WARN]: Missing sound for event: minecraft:block.metal.hit
[20:25:04] [Render thread/WARN]: Missing sound for event: minecraft:block.metal.place
[20:25:04] [Render thread/WARN]: Missing sound for event: minecraft:block.metal_pressure_plate.click_off
[20:25:04] [Render thread/WARN]: Missing sound for event: minecraft:block.metal_pressure_plate.click_on
[20:25:04] [Render thread/WARN]: Missing sound for event: minecraft:block.metal.step
[20:25:04] [Render thread/WARN]: Missing sound for event: minecraft:entity.minecart.inside.underwater
[20:25:04] [Render thread/WARN]: Missing sound for event: minecraft:entity.minecart.inside
[20:25:04] [Render thread/WARN]: Missing sound for event: minecraft:entity.minecart.riding
[20:25:04] [Render thread/WARN]: Missing sound for event: minecraft:entity.mooshroom.convert
[20:25:04] [Render thread/WARN]: Missing sound for event: minecraft:entity.mooshroom.eat
[20:25:04] [Render thread/WARN]: Missing sound for event: minecraft:entity.mooshroom.milk
[20:25:04] [Render thread/WARN]: Missing sound for event: minecraft:entity.mooshroom.suspicious_milk
[20:25:04] [Render thread/WARN]: Missing sound for event: minecraft:entity.mooshroom.shear
[20:25:04] [Render thread/WARN]: Missing sound for event: minecraft:block.moss_carpet.break
[20:25:04] [Render thread/WARN]: Missing sound for event: minecraft:block.moss_carpet.fall
[20:25:04] [Render thread/WARN]: Missing sound for event: minecraft:block.moss_carpet.hit
[20:25:04] [Render thread/WARN]: Missing sound for event: minecraft:block.moss_carpet.place
[20:25:04] [Render thread/WARN]: Missing sound for event: minecraft:block.moss_carpet.step
[20:25:04] [Render thread/WARN]: Missing sound for event: minecraft:block.pink_petals.break
[20:25:04] [Render thread/WARN]: Missing sound for event: minecraft:block.pink_petals.fall
[20:25:04] [Render thread/WARN]: Missing sound for event: minecraft:block.pink_petals.hit
[20:25:04] [Render thread/WARN]: Missing sound for event: minecraft:block.pink_petals.place
[20:25:04] [Render thread/WARN]: Missing sound for event: minecraft:block.pink_petals.step
[20:25:04] [Render thread/WARN]: Missing sound for event: minecraft:block.moss.break
[20:25:04] [Render thread/WARN]: Missing sound for event: minecraft:block.moss.fall
[20:25:04] [Render thread/WARN]: Missing sound for event: minecraft:block.moss.hit
[20:25:04] [Render thread/WARN]: Missing sound for event: minecraft:block.moss.place
[20:25:04] [Render thread/WARN]: Missing sound for event: minecraft:block.moss.step
[20:25:04] [Render thread/WARN]: Missing sound for event: minecraft:block.mud.break
[20:25:04] [Render thread/WARN]: Missing sound for event: minecraft:block.mud.fall
[20:25:04] [Render thread/WARN]: Missing sound for event: minecraft:block.mud.hit
[20:25:04] [Render thread/WARN]: Missing sound for event: minecraft:block.mud.place
[20:25:04] [Render thread/WARN]: Missing sound for event: minecraft:block.mud.step
[20:25:04] [Render thread/WARN]: Missing sound for event: minecraft:block.mud_bricks.break
[20:25:04] [Render thread/WARN]: Missing sound for event: minecraft:block.mud_bricks.fall
[20:25:04] [Render thread/WARN]: Missing sound for event: minecraft:block.mud_bricks.hit
[20:25:04] [Render thread/WARN]: Missing sound for event: minecraft:block.mud_bricks.place
[20:25:04] [Render thread/WARN]: Missing sound for event: minecraft:block.mud_bricks.step
[20:25:04] [Render thread/WARN]: Missing sound for event: minecraft:block.muddy_mangrove_roots.break
[20:25:04] [Render thread/WARN]: Missing sound for event: minecraft:block.muddy_mangrove_roots.fall
[20:25:04] [Render thread/WARN]: Missing sound for event: minecraft:block.muddy_mangrove_roots.hit
[20:25:04] [Render thread/WARN]: Missing sound for event: minecraft:block.muddy_mangrove_roots.place
[20:25:04] [Render thread/WARN]: Missing sound for event: minecraft:block.muddy_mangrove_roots.step
[20:25:04] [Render thread/WARN]: Missing sound for event: minecraft:entity.mule.ambient
[20:25:04] [Render thread/WARN]: Missing sound for event: minecraft:entity.mule.angry
[20:25:04] [Render thread/WARN]: Missing sound for event: minecraft:entity.mule.chest
[20:25:04] [Render thread/WARN]: Missing sound for event: minecraft:entity.mule.death
[20:25:04] [Render thread/WARN]: Missing sound for event: minecraft:entity.mule.eat
[20:25:04] [Render thread/WARN]: Missing sound for event: minecraft:entity.mule.hurt
[20:25:04] [Render thread/WARN]: Missing sound for event: minecraft:entity.mule.jump
[20:25:04] [Render thread/WARN]: Missing sound for event: minecraft:music.creative
[20:25:04] [Render thread/WARN]: Missing sound for event: minecraft:music.credits
[20:25:04] [Render thread/WARN]: Missing sound for event: minecraft:music_disc.5
[20:25:04] [Render thread/WARN]: Missing sound for event: minecraft:music_disc.11
[20:25:04] [Render thread/WARN]: Missing sound for event: minecraft:music_disc.13
[20:25:04] [Render thread/WARN]: Missing sound for event: minecraft:music_disc.blocks
[20:25:04] [Render thread/WARN]: Missing sound for event: minecraft:music_disc.cat
[20:25:04] [Render thread/WARN]: Missing sound for event: minecraft:music_disc.chirp
[20:25:04] [Render thread/WARN]: Missing sound for event: minecraft:music_disc.far
[20:25:04] [Render thread/WARN]: Missing sound for event: minecraft:music_disc.lava_chicken
[20:25:04] [Render thread/WARN]: Missing sound for event: minecraft:music_disc.mall
[20:25:04] [Render thread/WARN]: Missing sound for event: minecraft:music_disc.mellohi
[20:25:04] [Render thread/WARN]: Missing sound for event: minecraft:music_disc.pigstep
[20:25:04] [Render thread/WARN]: Missing sound for event: minecraft:music_disc.stal
[20:25:04] [Render thread/WARN]: Missing sound for event: minecraft:music_disc.strad
[20:25:04] [Render thread/WARN]: Missing sound for event: minecraft:music_disc.wait
[20:25:04] [Render thread/WARN]: Missing sound for event: minecraft:music_disc.ward
[20:25:04] [Render thread/WARN]: Missing sound for event: minecraft:music_disc.otherside
[20:25:04] [Render thread/WARN]: Missing sound for event: minecraft:music_disc.relic
[20:25:04] [Render thread/WARN]: Missing sound for event: minecraft:music_disc.creator
[20:25:04] [Render thread/WARN]: Missing sound for event: minecraft:music_disc.creator_music_box
[20:25:04] [Render thread/WARN]: Missing sound for event: minecraft:music_disc.precipice
[20:25:04] [Render thread/WARN]: Missing sound for event: minecraft:music_disc.tears
[20:25:04] [Render thread/WARN]: Missing sound for event: minecraft:music.dragon
[20:25:04] [Render thread/WARN]: Missing sound for event: minecraft:music.end
[20:25:04] [Render thread/WARN]: Missing sound for event: minecraft:music.game
[20:25:04] [Render thread/WARN]: Missing sound for event: minecraft:music.menu
[20:25:04] [Render thread/WARN]: Missing sound for event: minecraft:music.nether.basalt_deltas
[20:25:04] [Render thread/WARN]: Missing sound for event: minecraft:music.nether.crimson_forest
[20:25:04] [Render thread/WARN]: Missing sound for event: minecraft:music.overworld.deep_dark
[20:25:04] [Render thread/WARN]: Missing sound for event: minecraft:music.overworld.dripstone_caves
[20:25:04] [Render thread/WARN]: Missing sound for event: minecraft:music.overworld.grove
[20:25:04] [Render thread/WARN]: Missing sound for event: minecraft:music.overworld.jagged_peaks
[20:25:04] [Render thread/WARN]: Missing sound for event: minecraft:music.overworld.lush_caves
[20:25:04] [Render thread/WARN]: Missing sound for event: minecraft:music.overworld.swamp
[20:25:04] [Render thread/WARN]: Missing sound for event: minecraft:music.overworld.forest
[20:25:04] [Render thread/WARN]: Missing sound for event: minecraft:music.overworld.old_growth_taiga
[20:25:04] [Render thread/WARN]: Missing sound for event: minecraft:music.overworld.meadow
[20:25:04] [Render thread/WARN]: Missing sound for event: minecraft:music.overworld.cherry_grove
[20:25:04] [Render thread/WARN]: Missing sound for event: minecraft:music.nether.nether_wastes
[20:25:04] [Render thread/WARN]: Missing sound for event: minecraft:music.overworld.frozen_peaks
[20:25:04] [Render thread/WARN]: Missing sound for event: minecraft:music.overworld.snowy_slopes
[20:25:04] [Render thread/WARN]: Missing sound for event: minecraft:music.nether.soul_sand_valley
[20:25:04] [Render thread/WARN]: Missing sound for event: minecraft:music.overworld.stony_peaks
[20:25:04] [Render thread/WARN]: Missing sound for event: minecraft:music.nether.warped_forest
[20:25:04] [Render thread/WARN]: Missing sound for event: minecraft:music.overworld.flower_forest
[20:25:04] [Render thread/WARN]: Missing sound for event: minecraft:music.overworld.desert
[20:25:04] [Render thread/WARN]: Missing sound for event: minecraft:music.overworld.badlands
[20:25:04] [Render thread/WARN]: Missing sound for event: minecraft:music.overworld.jungle
[20:25:04] [Render thread/WARN]: Missing sound for event: minecraft:music.overworld.sparse_jungle
[20:25:04] [Render thread/WARN]: Missing sound for event: minecraft:music.overworld.bamboo_jungle
[20:25:04] [Render thread/WARN]: Missing sound for event: minecraft:music.under_water
[20:25:04] [Render thread/WARN]: Missing sound for event: minecraft:entity.nautilus.ambient
[20:25:04] [Render thread/WARN]: Missing sound for event: minecraft:entity.nautilus.ambient_land
[20:25:04] [Render thread/WARN]: Missing sound for event: minecraft:entity.nautilus.dash
[20:25:04] [Render thread/WARN]: Missing sound for event: minecraft:entity.nautilus.dash_land
[20:25:04] [Render thread/WARN]: Missing sound for event: minecraft:entity.nautilus.dash_ready
[20:25:04] [Render thread/WARN]: Missing sound for event: minecraft:entity.nautilus.dash_ready_land
[20:25:04] [Render thread/WARN]: Missing sound for event: minecraft:entity.nautilus.death
[20:25:04] [Render thread/WARN]: Missing sound for event: minecraft:entity.nautilus.death_land
[20:25:04] [Render thread/WARN]: Missing sound for event: minecraft:entity.nautilus.eat
[20:25:04] [Render thread/WARN]: Missing sound for event: minecraft:entity.nautilus.hurt
[20:25:04] [Render thread/WARN]: Missing sound for event: minecraft:entity.nautilus.hurt_land
[20:25:04] [Render thread/WARN]: Missing sound for event: minecraft:entity.nautilus.swim
[20:25:04] [Render thread/WARN]: Missing sound for event: minecraft:block.nether_bricks.break
[20:25:04] [Render thread/WARN]: Missing sound for event: minecraft:block.nether_bricks.step
[20:25:04] [Render thread/WARN]: Missing sound for event: minecraft:block.nether_bricks.place
[20:25:04] [Render thread/WARN]: Missing sound for event: minecraft:block.nether_bricks.hit
[20:25:04] [Render thread/WARN]: Missing sound for event: minecraft:block.nether_bricks.fall
[20:25:04] [Render thread/WARN]: Missing sound for event: minecraft:block.nether_wart.break
[20:25:04] [Render thread/WARN]: Missing sound for event: minecraft:item.nether_wart.plant
[20:25:04] [Render thread/WARN]: Missing sound for event: minecraft:block.nether_wood.break
[20:25:04] [Render thread/WARN]: Missing sound for event: minecraft:block.nether_wood.fall
[20:25:04] [Render thread/WARN]: Missing sound for event: minecraft:block.nether_wood.hit
[20:25:04] [Render thread/WARN]: Missing sound for event: minecraft:block.nether_wood.place
[20:25:04] [Render thread/WARN]: Missing sound for event: minecraft:block.nether_wood.step
[20:25:04] [Render thread/WARN]: Missing sound for event: minecraft:block.nether_wood_door.close
[20:25:04] [Render thread/WARN]: Missing sound for event: minecraft:block.nether_wood_door.open
[20:25:04] [Render thread/WARN]: Missing sound for event: minecraft:block.nether_wood_trapdoor.close
[20:25:04] [Render thread/WARN]: Missing sound for event: minecraft:block.nether_wood_trapdoor.open
[20:25:04] [Render thread/WARN]: Missing sound for event: minecraft:block.nether_wood_button.click_off
[20:25:04] [Render thread/WARN]: Missing sound for event: minecraft:block.nether_wood_button.click_on
[20:25:04] [Render thread/WARN]: Missing sound for event: minecraft:block.nether_wood_pressure_plate.click_off
[20:25:04] [Render thread/WARN]: Missing sound for event: minecraft:block.nether_wood_pressure_plate.click_on
[20:25:04] [Render thread/WARN]: Missing sound for event: minecraft:block.nether_wood_fence_gate.close
[20:25:04] [Render thread/WARN]: Missing sound for event: minecraft:block.nether_wood_fence_gate.open
[20:25:04] [Render thread/WARN]: Missing sound for event: minecraft:block.packed_mud.break
[20:25:04] [Render thread/WARN]: Missing sound for event: minecraft:block.packed_mud.fall
[20:25:04] [Render thread/WARN]: Missing sound for event: minecraft:block.packed_mud.hit
[20:25:04] [Render thread/WARN]: Missing sound for event: minecraft:block.packed_mud.place
[20:25:04] [Render thread/WARN]: Missing sound for event: minecraft:block.packed_mud.step
[20:25:04] [Render thread/WARN]: Missing sound for event: minecraft:block.stem.break
[20:25:04] [Render thread/WARN]: Missing sound for event: minecraft:block.stem.step
[20:25:04] [Render thread/WARN]: Missing sound for event: minecraft:block.stem.place
[20:25:04] [Render thread/WARN]: Missing sound for event: minecraft:block.stem.hit
[20:25:04] [Render thread/WARN]: Missing sound for event: minecraft:block.stem.fall
[20:25:04] [Render thread/WARN]: Missing sound for event: minecraft:block.nylium.break
[20:25:04] [Render thread/WARN]: Missing sound for event: minecraft:block.nylium.step
[20:25:04] [Render thread/WARN]: Missing sound for event: minecraft:block.nylium.place
[20:25:04] [Render thread/WARN]: Missing sound for event: minecraft:block.nylium.hit
[20:25:04] [Render thread/WARN]: Missing sound for event: minecraft:block.nylium.fall
[20:25:04] [Render thread/WARN]: Missing sound for event: minecraft:block.nether_sprouts.break
[20:25:04] [Render thread/WARN]: Missing sound for event: minecraft:block.nether_sprouts.step
[20:25:04] [Render thread/WARN]: Missing sound for event: minecraft:block.nether_sprouts.place
[20:25:04] [Render thread/WARN]: Missing sound for event: minecraft:block.nether_sprouts.hit
[20:25:04] [Render thread/WARN]: Missing sound for event: minecraft:block.nether_sprouts.fall
[20:25:04] [Render thread/WARN]: Missing sound for event: minecraft:block.fungus.break
[20:25:04] [Render thread/WARN]: Missing sound for event: minecraft:block.fungus.step
[20:25:04] [Render thread/WARN]: Missing sound for event: minecraft:block.fungus.place
[20:25:04] [Render thread/WARN]: Missing sound for event: minecraft:block.fungus.hit
[20:25:04] [Render thread/WARN]: Missing sound for event: minecraft:block.fungus.fall
[20:25:04] [Render thread/WARN]: Missing sound for event: minecraft:block.weeping_vines.break
[20:25:04] [Render thread/WARN]: Missing sound for event: minecraft:block.weeping_vines.step
[20:25:04] [Render thread/WARN]: Missing sound for event: minecraft:block.weeping_vines.place
[20:25:04] [Render thread/WARN]: Missing sound for event: minecraft:block.weeping_vines.hit
[20:25:04] [Render thread/WARN]: Missing sound for event: minecraft:block.weeping_vines.fall
[20:25:04] [Render thread/WARN]: Missing sound for event: minecraft:block.wart_block.break
[20:25:04] [Render thread/WARN]: Missing sound for event: minecraft:block.wart_block.step
[20:25:04] [Render thread/WARN]: Missing sound for event: minecraft:block.wart_block.place
[20:25:04] [Render thread/WARN]: Missing sound for event: minecraft:block.wart_block.hit
[20:25:04] [Render thread/WARN]: Missing sound for event: minecraft:block.wart_block.fall
[20:25:04] [Render thread/WARN]: Missing sound for event: minecraft:block.netherite_block.break
[20:25:04] [Render thread/WARN]: Missing sound for event: minecraft:block.netherite_block.step
[20:25:04] [Render thread/WARN]: Missing sound for event: minecraft:block.netherite_block.place
[20:25:04] [Render thread/WARN]: Missing sound for event: minecraft:block.netherite_block.hit
[20:25:04] [Render thread/WARN]: Missing sound for event: minecraft:block.netherite_block.fall
[20:25:04] [Render thread/WARN]: Missing sound for event: minecraft:block.netherrack.break
[20:25:04] [Render thread/WARN]: Missing sound for event: minecraft:block.netherrack.step
[20:25:04] [Render thread/WARN]: Missing sound for event: minecraft:block.netherrack.place
[20:25:04] [Render thread/WARN]: Missing sound for event: minecraft:block.netherrack.hit
[20:25:04] [Render thread/WARN]: Missing sound for event: minecraft:block.netherrack.fall
[20:25:04] [Render thread/WARN]: Missing sound for event: minecraft:block.note_block.basedrum
[20:25:04] [Render thread/WARN]: Missing sound for event: minecraft:block.note_block.bass
[20:25:04] [Render thread/WARN]: Missing sound for event: minecraft:block.note_block.bell
[20:25:04] [Render thread/WARN]: Missing sound for event: minecraft:block.note_block.chime
[20:25:04] [Render thread/WARN]: Missing sound for event: minecraft:block.note_block.flute
[20:25:04] [Render thread/WARN]: Missing sound for event: minecraft:block.note_block.guitar
[20:25:04] [Render thread/WARN]: Missing sound for event: minecraft:block.note_block.harp
[20:25:04] [Render thread/WARN]: Missing sound for event: minecraft:block.note_block.hat
[20:25:04] [Render thread/WARN]: Missing sound for event: minecraft:block.note_block.pling
[20:25:04] [Render thread/WARN]: Missing sound for event: minecraft:block.note_block.snare
[20:25:04] [Render thread/WARN]: Missing sound for event: minecraft:block.note_block.xylophone
[20:25:04] [Render thread/WARN]: Missing sound for event: minecraft:block.note_block.iron_xylophone
[20:25:04] [Render thread/WARN]: Missing sound for event: minecraft:block.note_block.cow_bell
[20:25:04] [Render thread/WARN]: Missing sound for event: minecraft:block.note_block.didgeridoo
[20:25:04] [Render thread/WARN]: Missing sound for event: minecraft:block.note_block.bit
[20:25:04] [Render thread/WARN]: Missing sound for event: minecraft:block.note_block.banjo
[20:25:04] [Render thread/WARN]: Missing sound for event: minecraft:block.note_block.imitate.zombie
[20:25:04] [Render thread/WARN]: Missing sound for event: minecraft:block.note_block.imitate.skeleton
[20:25:04] [Render thread/WARN]: Missing sound for event: minecraft:block.note_block.imitate.creeper
[20:25:04] [Render thread/WARN]: Missing sound for event: minecraft:block.note_block.imitate.ender_dragon
[20:25:04] [Render thread/WARN]: Missing sound for event: minecraft:block.note_block.imitate.wither_skeleton
[20:25:04] [Render thread/WARN]: Missing sound for event: minecraft:block.note_block.imitate.piglin
[20:25:04] [Render thread/WARN]: Missing sound for event: minecraft:entity.ocelot.hurt
[20:25:04] [Render thread/WARN]: Missing sound for event: minecraft:entity.ocelot.ambient
[20:25:04] [Render thread/WARN]: Missing sound for event: minecraft:entity.ocelot.death
[20:25:04] [Render thread/WARN]: Missing sound for event: minecraft:item.ominous_bottle.dispose
[20:25:04] [Render thread/WARN]: Missing sound for event: minecraft:entity.painting.break
[20:25:04] [Render thread/WARN]: Missing sound for event: minecraft:entity.painting.place
[20:25:04] [Render thread/WARN]: Missing sound for event: minecraft:block.pale_hanging_moss.idle
[20:25:04] [Render thread/WARN]: Missing sound for event: minecraft:entity.panda.pre_sneeze
[20:25:04] [Render thread/WARN]: Missing sound for event: minecraft:entity.panda.sneeze
[20:25:04] [Render thread/WARN]: Missing sound for event: minecraft:entity.panda.ambient
[20:25:04] [Render thread/WARN]: Missing sound for event: minecraft:entity.panda.death
[20:25:04] [Render thread/WARN]: Missing sound for event: minecraft:entity.panda.eat
[20:25:04] [Render thread/WARN]: Missing sound for event: minecraft:entity.panda.step
[20:25:04] [Worker-Main-5/INFO]: Found unifont_all_no_pua-17.0.01.hex, loading
[20:25:04] [Render thread/WARN]: Missing sound for event: minecraft:entity.panda.cant_breed
[20:25:04] [Render thread/WARN]: Missing sound for event: minecraft:entity.panda.aggressive_ambient
[20:25:04] [Render thread/WARN]: Missing sound for event: minecraft:entity.panda.worried_ambient
[20:25:04] [Render thread/WARN]: Missing sound for event: minecraft:entity.panda.hurt
[20:25:04] [Render thread/WARN]: Missing sound for event: minecraft:entity.panda.bite
[20:25:04] [Render thread/WARN]: Missing sound for event: minecraft:entity.parched.ambient
[20:25:04] [Render thread/WARN]: Missing sound for event: minecraft:entity.parched.death
[20:25:04] [Render thread/WARN]: Missing sound for event: minecraft:entity.parched.hurt
[20:25:04] [Render thread/WARN]: Missing sound for event: minecraft:entity.parched.step
[20:25:04] [Render thread/WARN]: Missing sound for event: minecraft:entity.parrot.ambient
[20:25:04] [Render thread/WARN]: Missing sound for event: minecraft:entity.parrot.death
[20:25:04] [Render thread/WARN]: Missing sound for event: minecraft:entity.parrot.eat
[20:25:04] [Render thread/WARN]: Missing sound for event: minecraft:entity.parrot.fly
[20:25:04] [Render thread/WARN]: Missing sound for event: minecraft:entity.parrot.hurt
[20:25:04] [Render thread/WARN]: Missing sound for event: minecraft:entity.parrot.imitate.blaze
[20:25:04] [Render thread/WARN]: Missing sound for event: minecraft:entity.parrot.imitate.bogged
[20:25:04] [Render thread/WARN]: Missing sound for event: minecraft:entity.parrot.imitate.breeze
[20:25:04] [Render thread/WARN]: Missing sound for event: minecraft:entity.parrot.imitate.camel_husk
[20:25:04] [Render thread/WARN]: Missing sound for event: minecraft:entity.parrot.imitate.creaking
[20:25:04] [Render thread/WARN]: Missing sound for event: minecraft:entity.parrot.imitate.creeper
[20:25:04] [Render thread/WARN]: Missing sound for event: minecraft:entity.parrot.imitate.drowned
[20:25:04] [Render thread/WARN]: Missing sound for event: minecraft:entity.parrot.imitate.elder_guardian
[20:25:04] [Render thread/WARN]: Missing sound for event: minecraft:entity.parrot.imitate.ender_dragon
[20:25:04] [Render thread/WARN]: Missing sound for event: minecraft:entity.parrot.imitate.endermite
[20:25:04] [Render thread/WARN]: Missing sound for event: minecraft:entity.parrot.imitate.evoker
[20:25:04] [Render thread/WARN]: Missing sound for event: minecraft:entity.parrot.imitate.ghast
[20:25:04] [Render thread/WARN]: Missing sound for event: minecraft:entity.parrot.imitate.guardian
[20:25:04] [Render thread/WARN]: Missing sound for event: minecraft:entity.parrot.imitate.hoglin
[20:25:04] [Render thread/WARN]: Missing sound for event: minecraft:entity.parrot.imitate.husk
[20:25:04] [Render thread/WARN]: Missing sound for event: minecraft:entity.parrot.imitate.illusioner
[20:25:04] [Render thread/WARN]: Missing sound for event: minecraft:entity.parrot.imitate.magma_cube
[20:25:04] [Render thread/WARN]: Missing sound for event: minecraft:entity.parrot.imitate.phantom
[20:25:04] [Render thread/WARN]: Missing sound for event: minecraft:entity.parrot.imitate.parched
[20:25:04] [Render thread/WARN]: Missing sound for event: minecraft:entity.parrot.imitate.piglin
[20:25:04] [Render thread/WARN]: Missing sound for event: minecraft:entity.parrot.imitate.piglin_brute
[20:25:04] [Render thread/WARN]: Missing sound for event: minecraft:entity.parrot.imitate.pillager
[20:25:04] [Render thread/WARN]: Missing sound for event: minecraft:entity.parrot.imitate.ravager
[20:25:04] [Render thread/WARN]: Missing sound for event: minecraft:entity.parrot.imitate.shulker
[20:25:04] [Render thread/WARN]: Missing sound for event: minecraft:entity.parrot.imitate.silverfish
[20:25:04] [Render thread/WARN]: Missing sound for event: minecraft:entity.parrot.imitate.skeleton
[20:25:04] [Render thread/WARN]: Missing sound for event: minecraft:entity.parrot.imitate.slime
[20:25:04] [Render thread/WARN]: Missing sound for event: minecraft:entity.parrot.imitate.spider
[20:25:04] [Render thread/WARN]: Missing sound for event: minecraft:entity.parrot.imitate.stray
[20:25:04] [Render thread/WARN]: Missing sound for event: minecraft:entity.parrot.imitate.vex
[20:25:04] [Render thread/WARN]: Missing sound for event: minecraft:entity.parrot.imitate.vindicator
[20:25:04] [Render thread/WARN]: Missing sound for event: minecraft:entity.parrot.imitate.warden
[20:25:04] [Render thread/WARN]: Missing sound for event: minecraft:entity.parrot.imitate.witch
[20:25:04] [Render thread/WARN]: Missing sound for event: minecraft:entity.parrot.imitate.wither
[20:25:04] [Render thread/WARN]: Missing sound for event: minecraft:entity.parrot.imitate.wither_skeleton
[20:25:04] [Render thread/WARN]: Missing sound for event: minecraft:entity.parrot.imitate.zoglin
[20:25:04] [Render thread/WARN]: Missing sound for event: minecraft:entity.parrot.imitate.zombie
[20:25:04] [Render thread/WARN]: Missing sound for event: minecraft:entity.parrot.imitate.zombie_horse
[20:25:04] [Render thread/WARN]: Missing sound for event: minecraft:entity.parrot.imitate.zombie_nautilus
[20:25:04] [Render thread/WARN]: Missing sound for event: minecraft:entity.parrot.imitate.zombie_villager
[20:25:04] [Render thread/WARN]: Missing sound for event: minecraft:entity.parrot.step
[20:25:04] [Render thread/WARN]: Missing sound for event: minecraft:entity.phantom.ambient
[20:25:04] [Render thread/WARN]: Missing sound for event: minecraft:entity.phantom.bite
[20:25:04] [Render thread/WARN]: Missing sound for event: minecraft:entity.phantom.death
[20:25:04] [Render thread/WARN]: Missing sound for event: minecraft:entity.phantom.flap
[20:25:04] [Render thread/WARN]: Missing sound for event: minecraft:entity.phantom.hurt
[20:25:04] [Render thread/WARN]: Missing sound for event: minecraft:entity.phantom.swoop
[20:25:04] [Render thread/WARN]: Missing sound for event: minecraft:entity.pig.ambient
[20:25:04] [Render thread/WARN]: Missing sound for event: minecraft:entity.pig.death
[20:25:04] [Render thread/WARN]: Missing sound for event: minecraft:entity.pig.hurt
[20:25:04] [Render thread/WARN]: Missing sound for event: minecraft:entity.pig.saddle
[20:25:04] [Render thread/WARN]: Missing sound for event: minecraft:entity.pig.step
[20:25:04] [Render thread/WARN]: Missing sound for event: minecraft:entity.piglin.admiring_item
[20:25:04] [Render thread/WARN]: Missing sound for event: minecraft:entity.piglin.ambient
[20:25:04] [Render thread/WARN]: Missing sound for event: minecraft:entity.piglin.angry
[20:25:04] [Render thread/WARN]: Missing sound for event: minecraft:entity.piglin.celebrate
[20:25:04] [Render thread/WARN]: Missing sound for event: minecraft:entity.piglin.death
[20:25:04] [Render thread/WARN]: Missing sound for event: minecraft:entity.piglin.jealous
[20:25:04] [Render thread/WARN]: Missing sound for event: minecraft:entity.piglin.hurt
[20:25:04] [Render thread/WARN]: Missing sound for event: minecraft:entity.piglin.retreat
[20:25:04] [Render thread/WARN]: Missing sound for event: minecraft:entity.piglin.step
[20:25:04] [Render thread/WARN]: Missing sound for event: minecraft:entity.piglin.converted_to_zombified
[20:25:04] [Render thread/WARN]: Missing sound for event: minecraft:entity.piglin_brute.ambient
[20:25:04] [Render thread/WARN]: Missing sound for event: minecraft:entity.piglin_brute.angry
[20:25:04] [Render thread/WARN]: Missing sound for event: minecraft:entity.piglin_brute.death
[20:25:04] [Render thread/WARN]: Missing sound for event: minecraft:entity.piglin_brute.hurt
[20:25:04] [Render thread/WARN]: Missing sound for event: minecraft:entity.piglin_brute.step
[20:25:04] [Render thread/WARN]: Missing sound for event: minecraft:entity.piglin_brute.converted_to_zombified
[20:25:04] [Render thread/WARN]: Missing sound for event: minecraft:entity.pillager.ambient
[20:25:04] [Render thread/WARN]: Missing sound for event: minecraft:entity.pillager.celebrate
[20:25:04] [Render thread/WARN]: Missing sound for event: minecraft:entity.pillager.death
[20:25:04] [Render thread/WARN]: Missing sound for event: minecraft:entity.pillager.hurt
[20:25:04] [Render thread/WARN]: Missing sound for event: minecraft:block.piston.contract
[20:25:04] [Render thread/WARN]: Missing sound for event: minecraft:block.piston.extend
[20:25:04] [Render thread/WARN]: Missing sound for event: minecraft:entity.player.attack.crit
[20:25:04] [Render thread/WARN]: Missing sound for event: minecraft:entity.player.attack.knockback
[20:25:04] [Render thread/WARN]: Missing sound for event: minecraft:entity.player.attack.nodamage
[20:25:04] [Render thread/WARN]: Missing sound for event: minecraft:entity.player.attack.strong
[20:25:04] [Render thread/WARN]: Missing sound for event: minecraft:entity.player.attack.sweep
[20:25:04] [Render thread/WARN]: Missing sound for event: minecraft:entity.player.attack.weak
[20:25:04] [Render thread/WARN]: Missing sound for event: minecraft:entity.player.big_fall
[20:25:04] [Render thread/WARN]: Missing sound for event: minecraft:entity.player.breath
[20:25:04] [Render thread/WARN]: Missing sound for event: minecraft:entity.player.burp
[20:25:04] [Render thread/WARN]: Missing sound for event: minecraft:entity.player.death
[20:25:04] [Render thread/WARN]: Missing sound for event: minecraft:entity.player.hurt
[20:25:04] [Render thread/WARN]: Missing sound for event: minecraft:entity.player.hurt_drown
[20:25:04] [Render thread/WARN]: Missing sound for event: minecraft:entity.player.hurt_freeze
[20:25:04] [Render thread/WARN]: Missing sound for event: minecraft:entity.player.hurt_on_fire
[20:25:04] [Render thread/WARN]: Missing sound for event: minecraft:entity.player.hurt_sweet_berry_bush
[20:25:04] [Render thread/WARN]: Missing sound for event: minecraft:entity.player.levelup
[20:25:04] [Render thread/WARN]: Missing sound for event: minecraft:entity.player.small_fall
[20:25:04] [Render thread/WARN]: Missing sound for event: minecraft:entity.player.splash
[20:25:04] [Render thread/WARN]: Missing sound for event: minecraft:entity.player.splash.high_speed
[20:25:04] [Render thread/WARN]: Missing sound for event: minecraft:entity.player.swim
[20:25:04] [Render thread/WARN]: Missing sound for event: minecraft:entity.player.teleport
[20:25:04] [Render thread/WARN]: Missing sound for event: minecraft:entity.polar_bear.ambient
[20:25:04] [Render thread/WARN]: Missing sound for event: minecraft:entity.polar_bear.ambient_baby
[20:25:04] [Render thread/WARN]: Missing sound for event: minecraft:entity.polar_bear.death
[20:25:04] [Render thread/WARN]: Missing sound for event: minecraft:entity.polar_bear.hurt
[20:25:04] [Render thread/WARN]: Missing sound for event: minecraft:entity.polar_bear.step
[20:25:04] [Render thread/WARN]: Missing sound for event: minecraft:entity.polar_bear.warning
[20:25:04] [Render thread/WARN]: Missing sound for event: minecraft:block.polished_deepslate.break
[20:25:04] [Render thread/WARN]: Missing sound for event: minecraft:block.polished_deepslate.fall
[20:25:04] [Render thread/WARN]: Missing sound for event: minecraft:block.polished_deepslate.hit
[20:25:04] [Render thread/WARN]: Missing sound for event: minecraft:block.polished_deepslate.place
[20:25:04] [Render thread/WARN]: Missing sound for event: minecraft:block.polished_deepslate.step
[20:25:04] [Render thread/WARN]: Missing sound for event: minecraft:block.portal.ambient
[20:25:04] [Render thread/WARN]: Missing sound for event: minecraft:block.portal.travel
[20:25:04] [Render thread/WARN]: Missing sound for event: minecraft:block.portal.trigger
[20:25:04] [Render thread/WARN]: Missing sound for event: minecraft:block.powder_snow.break
[20:25:04] [Render thread/WARN]: Missing sound for event: minecraft:block.powder_snow.fall
[20:25:04] [Render thread/WARN]: Missing sound for event: minecraft:block.powder_snow.hit
[20:25:04] [Render thread/WARN]: Missing sound for event: minecraft:block.powder_snow.place
[20:25:04] [Render thread/WARN]: Missing sound for event: minecraft:block.powder_snow.step
[20:25:04] [Render thread/WARN]: Missing sound for event: minecraft:entity.puffer_fish.blow_out
[20:25:04] [Render thread/WARN]: Missing sound for event: minecraft:entity.puffer_fish.blow_up
[20:25:04] [Render thread/WARN]: Missing sound for event: minecraft:entity.puffer_fish.death
[20:25:04] [Render thread/WARN]: Missing sound for event: minecraft:entity.puffer_fish.flop
[20:25:04] [Render thread/WARN]: Missing sound for event: minecraft:entity.puffer_fish.hurt
[20:25:04] [Render thread/WARN]: Missing sound for event: minecraft:entity.puffer_fish.sting
[20:25:04] [Render thread/WARN]: Missing sound for event: minecraft:block.pumpkin.carve
[20:25:04] [Render thread/WARN]: Missing sound for event: minecraft:entity.rabbit.ambient
[20:25:04] [Render thread/WARN]: Missing sound for event: minecraft:entity.rabbit.attack
[20:25:04] [Render thread/WARN]: Missing sound for event: minecraft:entity.rabbit.death
[20:25:04] [Render thread/WARN]: Missing sound for event: minecraft:entity.rabbit.hurt
[20:25:04] [Render thread/WARN]: Missing sound for event: minecraft:entity.rabbit.jump
[20:25:04] [Render thread/WARN]: Missing sound for event: minecraft:event.raid.horn
[20:25:04] [Render thread/WARN]: Missing sound for event: minecraft:entity.ravager.ambient
[20:25:04] [Render thread/WARN]: Missing sound for event: minecraft:entity.ravager.attack
[20:25:04] [Render thread/WARN]: Missing sound for event: minecraft:entity.ravager.celebrate
[20:25:04] [Render thread/WARN]: Missing sound for event: minecraft:entity.ravager.death
[20:25:04] [Render thread/WARN]: Missing sound for event: minecraft:entity.ravager.hurt
[20:25:04] [Render thread/WARN]: Missing sound for event: minecraft:entity.ravager.step
[20:25:04] [Render thread/WARN]: Missing sound for event: minecraft:entity.ravager.stunned
[20:25:04] [Render thread/WARN]: Missing sound for event: minecraft:entity.ravager.roar
[20:25:04] [Render thread/WARN]: Missing sound for event: minecraft:block.nether_gold_ore.break
[20:25:04] [Render thread/WARN]: Missing sound for event: minecraft:block.nether_gold_ore.fall
[20:25:04] [Render thread/WARN]: Missing sound for event: minecraft:block.nether_gold_ore.hit
[20:25:04] [Render thread/WARN]: Missing sound for event: minecraft:block.nether_gold_ore.place
[20:25:04] [Render thread/WARN]: Missing sound for event: minecraft:block.nether_gold_ore.step
[20:25:04] [Render thread/WARN]: Missing sound for event: minecraft:block.nether_ore.break
[20:25:04] [Render thread/WARN]: Missing sound for event: minecraft:block.nether_ore.fall
[20:25:04] [Render thread/WARN]: Missing sound for event: minecraft:block.nether_ore.hit
[20:25:04] [Render thread/WARN]: Missing sound for event: minecraft:block.nether_ore.place
[20:25:04] [Render thread/WARN]: Missing sound for event: minecraft:block.nether_ore.step
[20:25:04] [Render thread/WARN]: Missing sound for event: minecraft:block.redstone_torch.burnout
[20:25:04] [Render thread/WARN]: Missing sound for event: minecraft:block.resin.break
[20:25:04] [Render thread/WARN]: Missing sound for event: minecraft:block.resin.fall
[20:25:04] [Render thread/WARN]: Missing sound for event: minecraft:block.resin.place
[20:25:04] [Render thread/WARN]: Missing sound for event: minecraft:block.resin.step
[20:25:04] [Render thread/WARN]: Missing sound for event: minecraft:block.resin_bricks.break
[20:25:04] [Render thread/WARN]: Missing sound for event: minecraft:block.resin_bricks.fall
[20:25:04] [Render thread/WARN]: Missing sound for event: minecraft:block.resin_bricks.hit
[20:25:04] [Render thread/WARN]: Missing sound for event: minecraft:block.resin_bricks.place
[20:25:04] [Render thread/WARN]: Missing sound for event: minecraft:block.resin_bricks.step
[20:25:04] [Render thread/WARN]: Missing sound for event: minecraft:block.respawn_anchor.ambient
[20:25:04] [Render thread/WARN]: Missing sound for event: minecraft:block.respawn_anchor.charge
[20:25:04] [Render thread/WARN]: Missing sound for event: minecraft:block.respawn_anchor.deplete
[20:25:04] [Render thread/WARN]: Missing sound for event: minecraft:block.respawn_anchor.set_spawn
[20:25:04] [Render thread/WARN]: Missing sound for event: minecraft:block.rooted_dirt.break
[20:25:04] [Render thread/WARN]: Missing sound for event: minecraft:block.rooted_dirt.fall
[20:25:04] [Render thread/WARN]: Missing sound for event: minecraft:block.rooted_dirt.hit
[20:25:04] [Render thread/WARN]: Missing sound for event: minecraft:block.rooted_dirt.place
[20:25:04] [Render thread/WARN]: Missing sound for event: minecraft:block.rooted_dirt.step
[20:25:04] [Render thread/WARN]: Missing sound for event: minecraft:entity.salmon.ambient
[20:25:04] [Render thread/WARN]: Missing sound for event: minecraft:entity.salmon.death
[20:25:04] [Render thread/WARN]: Missing sound for event: minecraft:entity.salmon.flop
[20:25:04] [Render thread/WARN]: Missing sound for event: minecraft:entity.salmon.hurt
[20:25:04] [Render thread/WARN]: Missing sound for event: minecraft:block.sand.break
[20:25:04] [Render thread/WARN]: Missing sound for event: minecraft:block.sand.fall
[20:25:04] [Render thread/WARN]: Missing sound for event: minecraft:block.sand.hit
[20:25:04] [Render thread/WARN]: Missing sound for event: minecraft:block.sand.place
[20:25:04] [Render thread/WARN]: Missing sound for event: minecraft:block.sand.step
[20:25:04] [Render thread/WARN]: Missing sound for event: minecraft:block.sand.idle
[20:25:04] [Render thread/WARN]: Missing sound for event: minecraft:block.scaffolding.break
[20:25:04] [Render thread/WARN]: Missing sound for event: minecraft:block.scaffolding.fall
[20:25:04] [Render thread/WARN]: Missing sound for event: minecraft:block.scaffolding.hit
[20:25:04] [Render thread/WARN]: Missing sound for event: minecraft:block.scaffolding.place
[20:25:04] [Render thread/WARN]: Missing sound for event: minecraft:block.scaffolding.step
[20:25:04] [Render thread/WARN]: Missing sound for event: minecraft:block.sculk.spread
[20:25:04] [Render thread/WARN]: Missing sound for event: minecraft:block.sculk.charge
[20:25:04] [Render thread/WARN]: Missing sound for event: minecraft:block.sculk.break
[20:25:04] [Render thread/WARN]: Missing sound for event: minecraft:block.sculk.fall
[20:25:04] [Render thread/WARN]: Missing sound for event: minecraft:block.sculk.hit
[20:25:04] [Render thread/WARN]: Missing sound for event: minecraft:block.sculk.place
[20:25:04] [Render thread/WARN]: Missing sound for event: minecraft:block.sculk.step
[20:25:04] [Render thread/WARN]: Missing sound for event: minecraft:block.sculk_catalyst.bloom
[20:25:04] [Render thread/WARN]: Missing sound for event: minecraft:block.sculk_catalyst.break
[20:25:04] [Render thread/WARN]: Missing sound for event: minecraft:block.sculk_catalyst.fall
[20:25:04] [Render thread/WARN]: Missing sound for event: minecraft:block.sculk_catalyst.hit
[20:25:04] [Render thread/WARN]: Missing sound for event: minecraft:block.sculk_catalyst.place
[20:25:04] [Render thread/WARN]: Missing sound for event: minecraft:block.sculk_catalyst.step
[20:25:04] [Render thread/WARN]: Missing sound for event: minecraft:block.sculk_sensor.clicking
[20:25:04] [Render thread/WARN]: Missing sound for event: minecraft:block.sculk_sensor.clicking_stop
[20:25:04] [Render thread/WARN]: Missing sound for event: minecraft:block.sculk_sensor.break
[20:25:04] [Render thread/WARN]: Missing sound for event: minecraft:block.sculk_sensor.fall
[20:25:04] [Render thread/WARN]: Missing sound for event: minecraft:block.sculk_sensor.hit
[20:25:04] [Render thread/WARN]: Missing sound for event: minecraft:block.sculk_sensor.place
[20:25:04] [Render thread/WARN]: Missing sound for event: minecraft:block.sculk_sensor.step
[20:25:04] [Render thread/WARN]: Missing sound for event: minecraft:block.sculk_shrieker.break
[20:25:04] [Render thread/WARN]: Missing sound for event: minecraft:block.sculk_shrieker.fall
[20:25:04] [Render thread/WARN]: Missing sound for event: minecraft:block.sculk_shrieker.hit
[20:25:04] [Render thread/WARN]: Missing sound for event: minecraft:block.sculk_shrieker.place
[20:25:04] [Render thread/WARN]: Missing sound for event: minecraft:block.sculk_shrieker.shriek
[20:25:04] [Render thread/WARN]: Missing sound for event: minecraft:block.sculk_shrieker.step
[20:25:04] [Render thread/WARN]: Missing sound for event: minecraft:block.sculk_vein.break
[20:25:04] [Render thread/WARN]: Missing sound for event: minecraft:block.sculk_vein.fall
[20:25:04] [Render thread/WARN]: Missing sound for event: minecraft:block.sculk_vein.hit
[20:25:04] [Render thread/WARN]: Missing sound for event: minecraft:block.sculk_vein.place
[20:25:04] [Render thread/WARN]: Missing sound for event: minecraft:block.sculk_vein.step
[20:25:04] [Render thread/WARN]: Missing sound for event: minecraft:entity.sheep.ambient
[20:25:04] [Render thread/WARN]: Missing sound for event: minecraft:entity.sheep.death
[20:25:04] [Render thread/WARN]: Missing sound for event: minecraft:entity.sheep.hurt
[20:25:04] [Render thread/WARN]: Missing sound for event: minecraft:entity.sheep.shear
[20:25:04] [Render thread/WARN]: Missing sound for event: minecraft:entity.sheep.step
[20:25:04] [Render thread/WARN]: Missing sound for event: minecraft:item.shears.snip
[20:25:04] [Render thread/WARN]: Missing sound for event: minecraft:block.shelf.activate
[20:25:04] [Render thread/WARN]: Missing sound for event: minecraft:block.shelf.break
[20:25:04] [Render thread/WARN]: Missing sound for event: minecraft:block.shelf.deactivate
[20:25:04] [Render thread/WARN]: Missing sound for event: minecraft:block.shelf.fall
[20:25:04] [Render thread/WARN]: Missing sound for event: minecraft:block.shelf.hit
[20:25:04] [Render thread/WARN]: Missing sound for event: minecraft:block.shelf.multi_swap
[20:25:04] [Render thread/WARN]: Missing sound for event: minecraft:block.shelf.place
[20:25:04] [Render thread/WARN]: Missing sound for event: minecraft:block.shelf.place_item
[20:25:04] [Render thread/WARN]: Missing sound for event: minecraft:block.shelf.single_swap
[20:25:04] [Render thread/WARN]: Missing sound for event: minecraft:block.shelf.step
[20:25:04] [Render thread/WARN]: Missing sound for event: minecraft:block.shelf.take_item
[20:25:04] [Render thread/WARN]: Missing sound for event: minecraft:item.shield.block
[20:25:04] [Render thread/WARN]: Missing sound for event: minecraft:item.shield.break
[20:25:04] [Render thread/WARN]: Missing sound for event: minecraft:block.shroomlight.break
[20:25:04] [Render thread/WARN]: Missing sound for event: minecraft:block.shroomlight.step
[20:25:04] [Render thread/WARN]: Missing sound for event: minecraft:block.shroomlight.place
[20:25:04] [Render thread/WARN]: Missing sound for event: minecraft:block.shroomlight.hit
[20:25:04] [Render thread/WARN]: Missing sound for event: minecraft:block.shroomlight.fall
[20:25:04] [Render thread/WARN]: Missing sound for event: minecraft:item.shovel.flatten
[20:25:04] [Render thread/WARN]: Missing sound for event: minecraft:entity.shulker.ambient
[20:25:04] [Render thread/WARN]: Missing sound for event: minecraft:block.shulker_box.close
[20:25:04] [Render thread/WARN]: Missing sound for event: minecraft:block.shulker_box.open
[20:25:04] [Render thread/WARN]: Missing sound for event: minecraft:entity.shulker_bullet.hit
[20:25:04] [Render thread/WARN]: Missing sound for event: minecraft:entity.shulker_bullet.hurt
[20:25:04] [Render thread/WARN]: Missing sound for event: minecraft:entity.shulker.close
[20:25:04] [Render thread/WARN]: Missing sound for event: minecraft:entity.shulker.death
[20:25:04] [Render thread/WARN]: Missing sound for event: minecraft:entity.shulker.hurt
[20:25:04] [Render thread/WARN]: Missing sound for event: minecraft:entity.shulker.hurt_closed
[20:25:04] [Render thread/WARN]: Missing sound for event: minecraft:entity.shulker.open
[20:25:04] [Render thread/WARN]: Missing sound for event: minecraft:entity.shulker.shoot
[20:25:04] [Render thread/WARN]: Missing sound for event: minecraft:entity.shulker.teleport
[20:25:04] [Render thread/WARN]: Missing sound for event: minecraft:entity.silverfish.ambient
[20:25:04] [Render thread/WARN]: Missing sound for event: minecraft:entity.silverfish.death
[20:25:04] [Render thread/WARN]: Missing sound for event: minecraft:entity.silverfish.hurt
[20:25:04] [Render thread/WARN]: Missing sound for event: minecraft:entity.silverfish.step
[20:25:04] [Render thread/WARN]: Missing sound for event: minecraft:entity.skeleton.ambient
[20:25:04] [Render thread/WARN]: Missing sound for event: minecraft:entity.skeleton.converted_to_stray
[20:25:04] [Render thread/WARN]: Missing sound for event: minecraft:entity.skeleton.death
[20:25:04] [Render thread/WARN]: Missing sound for event: minecraft:entity.skeleton_horse.ambient
[20:25:04] [Render thread/WARN]: Missing sound for event: minecraft:entity.skeleton_horse.death
[20:25:04] [Render thread/WARN]: Missing sound for event: minecraft:entity.skeleton_horse.hurt
[20:25:04] [Render thread/WARN]: Missing sound for event: minecraft:entity.skeleton_horse.swim
[20:25:04] [Render thread/WARN]: Missing sound for event: minecraft:entity.skeleton_horse.ambient_water
[20:25:04] [Render thread/WARN]: Missing sound for event: minecraft:entity.skeleton_horse.gallop_water
[20:25:04] [Render thread/WARN]: Missing sound for event: minecraft:entity.skeleton_horse.jump_water
[20:25:04] [Render thread/WARN]: Missing sound for event: minecraft:entity.skeleton_horse.step_water
[20:25:04] [Render thread/WARN]: Missing sound for event: minecraft:entity.skeleton.hurt
[20:25:04] [Worker-Main-3/INFO]: Found unifont_pua-17.0.01.hex, loading
[20:25:04] [Render thread/WARN]: Missing sound for event: minecraft:entity.skeleton.shoot
[20:25:04] [Render thread/WARN]: Missing sound for event: minecraft:entity.skeleton.step
[20:25:04] [Render thread/WARN]: Missing sound for event: minecraft:entity.slime.attack
[20:25:04] [Render thread/WARN]: Missing sound for event: minecraft:entity.slime.death
[20:25:04] [Render thread/WARN]: Missing sound for event: minecraft:entity.slime.hurt
[20:25:04] [Render thread/WARN]: Missing sound for event: minecraft:entity.slime.jump
[20:25:04] [Render thread/WARN]: Missing sound for event: minecraft:entity.slime.squish
[20:25:04] [Render thread/WARN]: Missing sound for event: minecraft:block.slime_block.break
[20:25:04] [Render thread/WARN]: Missing sound for event: minecraft:block.slime_block.fall
[20:25:04] [Render thread/WARN]: Missing sound for event: minecraft:block.slime_block.hit
[20:25:04] [Render thread/WARN]: Missing sound for event: minecraft:block.slime_block.place
[20:25:04] [Render thread/WARN]: Missing sound for event: minecraft:block.slime_block.step
[20:25:04] [Render thread/WARN]: Missing sound for event: minecraft:block.small_amethyst_bud.break
[20:25:04] [Render thread/WARN]: Missing sound for event: minecraft:block.small_amethyst_bud.place
[20:25:04] [Render thread/WARN]: Missing sound for event: minecraft:block.small_dripleaf.break
[20:25:04] [Render thread/WARN]: Missing sound for event: minecraft:block.small_dripleaf.fall
[20:25:04] [Render thread/WARN]: Missing sound for event: minecraft:block.small_dripleaf.hit
[20:25:04] [Render thread/WARN]: Missing sound for event: minecraft:block.small_dripleaf.place
[20:25:04] [Render thread/WARN]: Missing sound for event: minecraft:block.small_dripleaf.step
[20:25:04] [Render thread/WARN]: Missing sound for event: minecraft:block.soul_sand.break
[20:25:04] [Render thread/WARN]: Missing sound for event: minecraft:block.soul_sand.step
[20:25:04] [Render thread/WARN]: Missing sound for event: minecraft:block.soul_sand.place
[20:25:04] [Render thread/WARN]: Missing sound for event: minecraft:block.soul_sand.hit
[20:25:04] [Render thread/WARN]: Missing sound for event: minecraft:block.soul_sand.fall
[20:25:04] [Render thread/WARN]: Missing sound for event: minecraft:block.soul_soil.break
[20:25:04] [Render thread/WARN]: Missing sound for event: minecraft:block.soul_soil.step
[20:25:04] [Render thread/WARN]: Missing sound for event: minecraft:block.soul_soil.place
[20:25:04] [Render thread/WARN]: Missing sound for event: minecraft:block.soul_soil.hit
[20:25:04] [Render thread/WARN]: Missing sound for event: minecraft:block.soul_soil.fall
[20:25:04] [Render thread/WARN]: Missing sound for event: minecraft:particle.soul_escape
[20:25:04] [Render thread/WARN]: Missing sound for event: minecraft:block.spawner.break
[20:25:04] [Render thread/WARN]: Missing sound for event: minecraft:block.spawner.fall
[20:25:04] [Render thread/WARN]: Missing sound for event: minecraft:block.spawner.hit
[20:25:04] [Render thread/WARN]: Missing sound for event: minecraft:block.spawner.place
[20:25:04] [Render thread/WARN]: Missing sound for event: minecraft:block.spawner.step
[20:25:04] [Render thread/WARN]: Missing sound for event: minecraft:item.spear.use
[20:25:04] [Render thread/WARN]: Missing sound for event: minecraft:item.spear.hit
[20:25:04] [Render thread/WARN]: Missing sound for event: minecraft:item.spear.attack
[20:25:04] [Render thread/WARN]: Missing sound for event: minecraft:item.spear_wood.use
[20:25:04] [Render thread/WARN]: Missing sound for event: minecraft:item.spear_wood.hit
[20:25:04] [Render thread/WARN]: Missing sound for event: minecraft:item.spear_wood.attack
[20:25:04] [Render thread/WARN]: Missing sound for event: minecraft:block.spore_blossom.break
[20:25:04] [Render thread/WARN]: Missing sound for event: minecraft:block.spore_blossom.fall
[20:25:04] [Render thread/WARN]: Missing sound for event: minecraft:block.spore_blossom.hit
[20:25:04] [Render thread/WARN]: Missing sound for event: minecraft:block.spore_blossom.place
[20:25:04] [Render thread/WARN]: Missing sound for event: minecraft:block.spore_blossom.step
[20:25:04] [Render thread/WARN]: Missing sound for event: minecraft:entity.strider.ambient
[20:25:04] [Render thread/WARN]: Missing sound for event: minecraft:entity.strider.happy
[20:25:04] [Render thread/WARN]: Missing sound for event: minecraft:entity.strider.retreat
[20:25:04] [Render thread/WARN]: Missing sound for event: minecraft:entity.strider.death
[20:25:04] [Render thread/WARN]: Missing sound for event: minecraft:entity.strider.hurt
[20:25:04] [Render thread/WARN]: Missing sound for event: minecraft:entity.strider.step
[20:25:04] [Render thread/WARN]: Missing sound for event: minecraft:entity.strider.step_lava
[20:25:04] [Render thread/WARN]: Missing sound for event: minecraft:entity.strider.eat
[20:25:04] [Render thread/WARN]: Missing sound for event: minecraft:entity.strider.saddle
[20:25:04] [Render thread/WARN]: Missing sound for event: minecraft:entity.slime.death_small
[20:25:04] [Render thread/WARN]: Missing sound for event: minecraft:entity.slime.hurt_small
[20:25:04] [Render thread/WARN]: Missing sound for event: minecraft:entity.slime.jump_small
[20:25:04] [Render thread/WARN]: Missing sound for event: minecraft:entity.slime.squish_small
[20:25:04] [Render thread/WARN]: Missing sound for event: minecraft:block.smithing_table.use
[20:25:04] [Render thread/WARN]: Missing sound for event: minecraft:block.smoker.smoke
[20:25:04] [Render thread/WARN]: Missing sound for event: minecraft:entity.sniffer.step
[20:25:04] [Render thread/WARN]: Missing sound for event: minecraft:entity.sniffer.eat
[20:25:04] [Render thread/WARN]: Missing sound for event: minecraft:entity.sniffer.idle
[20:25:04] [Render thread/WARN]: Missing sound for event: minecraft:entity.sniffer.hurt
[20:25:04] [Render thread/WARN]: Missing sound for event: minecraft:entity.sniffer.death
[20:25:04] [Render thread/WARN]: Missing sound for event: minecraft:entity.sniffer.drop_seed
[20:25:04] [Render thread/WARN]: Missing sound for event: minecraft:entity.sniffer.scenting
[20:25:04] [Render thread/WARN]: Missing sound for event: minecraft:entity.sniffer.sniffing
[20:25:04] [Render thread/WARN]: Missing sound for event: minecraft:entity.sniffer.searching
[20:25:04] [Render thread/WARN]: Missing sound for event: minecraft:entity.sniffer.digging
[20:25:04] [Render thread/WARN]: Missing sound for event: minecraft:entity.sniffer.digging_stop
[20:25:04] [Render thread/WARN]: Missing sound for event: minecraft:entity.sniffer.happy
[20:25:04] [Render thread/WARN]: Missing sound for event: minecraft:block.sniffer_egg.plop
[20:25:04] [Render thread/WARN]: Missing sound for event: minecraft:block.sniffer_egg.crack
[20:25:04] [Render thread/WARN]: Missing sound for event: minecraft:block.sniffer_egg.hatch
[20:25:04] [Render thread/WARN]: Missing sound for event: minecraft:entity.snowball.throw
[20:25:04] [Render thread/WARN]: Missing sound for event: minecraft:block.snow.break
[20:25:04] [Render thread/WARN]: Missing sound for event: minecraft:block.snow.fall
[20:25:04] [Render thread/WARN]: Missing sound for event: minecraft:entity.snow_golem.ambient
[20:25:04] [Render thread/WARN]: Missing sound for event: minecraft:entity.snow_golem.death
[20:25:04] [Render thread/WARN]: Missing sound for event: minecraft:entity.snow_golem.hurt
[20:25:04] [Render thread/WARN]: Missing sound for event: minecraft:entity.snow_golem.shoot
[20:25:04] [Render thread/WARN]: Missing sound for event: minecraft:entity.snow_golem.shear
[20:25:04] [Render thread/WARN]: Missing sound for event: minecraft:block.snow.hit
[20:25:04] [Render thread/WARN]: Missing sound for event: minecraft:block.snow.place
[20:25:04] [Render thread/WARN]: Missing sound for event: minecraft:block.snow.step
[20:25:04] [Render thread/WARN]: Missing sound for event: minecraft:entity.spider.ambient
[20:25:04] [Render thread/WARN]: Missing sound for event: minecraft:entity.spider.death
[20:25:04] [Render thread/WARN]: Missing sound for event: minecraft:entity.spider.hurt
[20:25:04] [Render thread/WARN]: Missing sound for event: minecraft:entity.spider.step
[20:25:04] [Render thread/WARN]: Missing sound for event: minecraft:entity.splash_potion.break
[20:25:04] [Render thread/WARN]: Missing sound for event: minecraft:entity.splash_potion.throw
[20:25:04] [Render thread/WARN]: Missing sound for event: minecraft:block.sponge.break
[20:25:04] [Render thread/WARN]: Missing sound for event: minecraft:block.sponge.fall
[20:25:04] [Render thread/WARN]: Missing sound for event: minecraft:block.sponge.hit
[20:25:04] [Render thread/WARN]: Missing sound for event: minecraft:block.sponge.place
[20:25:04] [Render thread/WARN]: Missing sound for event: minecraft:block.sponge.step
[20:25:04] [Render thread/WARN]: Missing sound for event: minecraft:block.sponge.absorb
[20:25:04] [Render thread/WARN]: Missing sound for event: minecraft:item.spyglass.use
[20:25:04] [Render thread/WARN]: Missing sound for event: minecraft:item.spyglass.stop_using
[20:25:04] [Render thread/WARN]: Missing sound for event: minecraft:entity.squid.ambient
[20:25:04] [Render thread/WARN]: Missing sound for event: minecraft:entity.squid.death
[20:25:04] [Render thread/WARN]: Missing sound for event: minecraft:entity.squid.hurt
[20:25:04] [Render thread/WARN]: Missing sound for event: minecraft:entity.squid.squirt
[20:25:04] [Render thread/WARN]: Missing sound for event: minecraft:block.stone.break
[20:25:04] [Render thread/WARN]: Missing sound for event: minecraft:block.stone_button.click_off
[20:25:04] [Render thread/WARN]: Missing sound for event: minecraft:block.stone_button.click_on
[20:25:04] [Render thread/WARN]: Missing sound for event: minecraft:block.stone.fall
[20:25:04] [Render thread/WARN]: Missing sound for event: minecraft:block.stone.hit
[20:25:04] [Render thread/WARN]: Missing sound for event: minecraft:block.stone.place
[20:25:04] [Render thread/WARN]: Missing sound for event: minecraft:block.stone_pressure_plate.click_off
[20:25:04] [Render thread/WARN]: Missing sound for event: minecraft:block.stone_pressure_plate.click_on
[20:25:04] [Render thread/WARN]: Missing sound for event: minecraft:block.stone.step
[20:25:04] [Render thread/WARN]: Missing sound for event: minecraft:entity.stray.ambient
[20:25:04] [Render thread/WARN]: Missing sound for event: minecraft:entity.stray.death
[20:25:04] [Render thread/WARN]: Missing sound for event: minecraft:entity.stray.hurt
[20:25:04] [Render thread/WARN]: Missing sound for event: minecraft:entity.stray.step
[20:25:04] [Render thread/WARN]: Missing sound for event: minecraft:block.sweet_berry_bush.break
[20:25:04] [Render thread/WARN]: Missing sound for event: minecraft:block.sweet_berry_bush.place
[20:25:04] [Render thread/WARN]: Missing sound for event: minecraft:block.sweet_berry_bush.pick_berries
[20:25:04] [Render thread/WARN]: Missing sound for event: minecraft:entity.tadpole.death
[20:25:04] [Render thread/WARN]: Missing sound for event: minecraft:entity.tadpole.flop
[20:25:04] [Render thread/WARN]: Missing sound for event: minecraft:entity.tadpole.grow_up
[20:25:04] [Render thread/WARN]: Missing sound for event: minecraft:entity.tadpole.hurt
[20:25:04] [Render thread/WARN]: Missing sound for event: minecraft:enchant.thorns.hit
[20:25:04] [Render thread/WARN]: Missing sound for event: minecraft:entity.tnt.primed
[20:25:04] [Render thread/WARN]: Missing sound for event: minecraft:item.totem.use
[20:25:04] [Render thread/WARN]: Missing sound for event: minecraft:item.trident.hit
[20:25:04] [Render thread/WARN]: Missing sound for event: minecraft:item.trident.hit_ground
[20:25:04] [Render thread/WARN]: Missing sound for event: minecraft:item.trident.return
[20:25:04] [Render thread/WARN]: Missing sound for event: minecraft:item.trident.riptide_1
[20:25:04] [Render thread/WARN]: Missing sound for event: minecraft:item.trident.riptide_2
[20:25:04] [Render thread/WARN]: Missing sound for event: minecraft:item.trident.riptide_3
[20:25:04] [Render thread/WARN]: Missing sound for event: minecraft:item.trident.throw
[20:25:04] [Render thread/WARN]: Missing sound for event: minecraft:item.trident.thunder
[20:25:04] [Render thread/WARN]: Missing sound for event: minecraft:block.tripwire.attach
[20:25:04] [Render thread/WARN]: Missing sound for event: minecraft:block.tripwire.click_off
[20:25:04] [Render thread/WARN]: Missing sound for event: minecraft:block.tripwire.click_on
[20:25:04] [Render thread/WARN]: Missing sound for event: minecraft:block.tripwire.detach
[20:25:04] [Render thread/WARN]: Missing sound for event: minecraft:entity.tropical_fish.ambient
[20:25:04] [Render thread/WARN]: Missing sound for event: minecraft:entity.tropical_fish.death
[20:25:04] [Render thread/WARN]: Missing sound for event: minecraft:entity.tropical_fish.flop
[20:25:04] [Render thread/WARN]: Missing sound for event: minecraft:entity.tropical_fish.hurt
[20:25:04] [Render thread/WARN]: Missing sound for event: minecraft:block.tuff.break
[20:25:04] [Render thread/WARN]: Missing sound for event: minecraft:block.tuff.step
[20:25:04] [Render thread/WARN]: Missing sound for event: minecraft:block.tuff.place
[20:25:04] [Render thread/WARN]: Missing sound for event: minecraft:block.tuff.hit
[20:25:04] [Render thread/WARN]: Missing sound for event: minecraft:block.tuff.fall
[20:25:04] [Render thread/WARN]: Missing sound for event: minecraft:block.tuff_bricks.break
[20:25:04] [Render thread/WARN]: Missing sound for event: minecraft:block.tuff_bricks.fall
[20:25:04] [Render thread/WARN]: Missing sound for event: minecraft:block.tuff_bricks.hit
[20:25:04] [Render thread/WARN]: Missing sound for event: minecraft:block.tuff_bricks.place
[20:25:04] [Render thread/WARN]: Missing sound for event: minecraft:block.tuff_bricks.step
[20:25:04] [Render thread/WARN]: Missing sound for event: minecraft:block.polished_tuff.break
[20:25:04] [Render thread/WARN]: Missing sound for event: minecraft:block.polished_tuff.fall
[20:25:04] [Render thread/WARN]: Missing sound for event: minecraft:block.polished_tuff.hit
[20:25:04] [Render thread/WARN]: Missing sound for event: minecraft:block.polished_tuff.place
[20:25:04] [Render thread/WARN]: Missing sound for event: minecraft:block.polished_tuff.step
[20:25:04] [Render thread/WARN]: Missing sound for event: minecraft:entity.turtle.ambient_land
[20:25:04] [Render thread/WARN]: Missing sound for event: minecraft:entity.turtle.death
[20:25:04] [Render thread/WARN]: Missing sound for event: minecraft:entity.turtle.death_baby
[20:25:04] [Render thread/WARN]: Missing sound for event: minecraft:entity.turtle.egg_break
[20:25:04] [Render thread/WARN]: Missing sound for event: minecraft:entity.turtle.egg_crack
[20:25:04] [Render thread/WARN]: Missing sound for event: minecraft:entity.turtle.egg_hatch
[20:25:04] [Render thread/WARN]: Missing sound for event: minecraft:entity.turtle.hurt
[20:25:04] [Render thread/WARN]: Missing sound for event: minecraft:entity.turtle.hurt_baby
[20:25:04] [Render thread/WARN]: Missing sound for event: minecraft:entity.turtle.lay_egg
[20:25:04] [Render thread/WARN]: Missing sound for event: minecraft:entity.turtle.shamble
[20:25:04] [Render thread/WARN]: Missing sound for event: minecraft:entity.turtle.shamble_baby
[20:25:04] [Render thread/WARN]: Missing sound for event: minecraft:entity.turtle.swim
[20:25:04] [Render thread/WARN]: Missing sound for event: minecraft:ui.button.click
[20:25:04] [Render thread/WARN]: Missing sound for event: minecraft:ui.loom.select_pattern
[20:25:04] [Render thread/WARN]: Missing sound for event: minecraft:ui.loom.take_result
[20:25:04] [Render thread/WARN]: Missing sound for event: minecraft:ui.cartography_table.take_result
[20:25:04] [Render thread/WARN]: Missing sound for event: minecraft:ui.stonecutter.take_result
[20:25:04] [Render thread/WARN]: Missing sound for event: minecraft:ui.stonecutter.select_recipe
[20:25:04] [Render thread/WARN]: Missing sound for event: minecraft:ui.toast.challenge_complete
[20:25:04] [Render thread/WARN]: Missing sound for event: minecraft:ui.toast.in
[20:25:04] [Render thread/WARN]: Missing sound for event: minecraft:ui.toast.out
[20:25:04] [Render thread/WARN]: Missing sound for event: minecraft:block.vault.activate
[20:25:04] [Render thread/WARN]: Missing sound for event: minecraft:block.vault.ambient
[20:25:04] [Render thread/WARN]: Missing sound for event: minecraft:block.vault.break
[20:25:04] [Render thread/WARN]: Missing sound for event: minecraft:block.vault.close_shutter
[20:25:04] [Render thread/WARN]: Missing sound for event: minecraft:block.vault.deactivate
[20:25:04] [Render thread/WARN]: Missing sound for event: minecraft:block.vault.eject_item
[20:25:04] [Render thread/WARN]: Missing sound for event: minecraft:block.vault.reject_rewarded_player
[20:25:04] [Render thread/WARN]: Missing sound for event: minecraft:block.vault.fall
[20:25:04] [Render thread/WARN]: Missing sound for event: minecraft:block.vault.hit
[20:25:04] [Render thread/WARN]: Missing sound for event: minecraft:block.vault.insert_item
[20:25:04] [Render thread/WARN]: Missing sound for event: minecraft:block.vault.insert_item_fail
[20:25:04] [Render thread/WARN]: Missing sound for event: minecraft:block.vault.open_shutter
[20:25:04] [Render thread/WARN]: Missing sound for event: minecraft:block.vault.place
[20:25:04] [Render thread/WARN]: Missing sound for event: minecraft:block.vault.step
[20:25:04] [Render thread/WARN]: Missing sound for event: minecraft:entity.vex.ambient
[20:25:04] [Render thread/WARN]: Missing sound for event: minecraft:entity.vex.charge
[20:25:04] [Render thread/WARN]: Missing sound for event: minecraft:entity.vex.death
[20:25:04] [Render thread/WARN]: Missing sound for event: minecraft:entity.vex.hurt
[20:25:04] [Render thread/WARN]: Missing sound for event: minecraft:entity.villager.ambient
[20:25:04] [Render thread/WARN]: Missing sound for event: minecraft:entity.villager.celebrate
[20:25:04] [Render thread/WARN]: Missing sound for event: minecraft:entity.villager.death
[20:25:04] [Render thread/WARN]: Missing sound for event: minecraft:entity.villager.hurt
[20:25:04] [Render thread/WARN]: Missing sound for event: minecraft:entity.villager.no
[20:25:04] [Render thread/WARN]: Missing sound for event: minecraft:entity.villager.trade
[20:25:04] [Render thread/WARN]: Missing sound for event: minecraft:entity.villager.yes
[20:25:04] [Render thread/WARN]: Missing sound for event: minecraft:entity.villager.work_armorer
[20:25:04] [Render thread/WARN]: Missing sound for event: minecraft:entity.villager.work_butcher
[20:25:04] [Render thread/WARN]: Missing sound for event: minecraft:entity.villager.work_cartographer
[20:25:04] [Render thread/WARN]: Missing sound for event: minecraft:entity.villager.work_cleric
[20:25:04] [Render thread/WARN]: Missing sound for event: minecraft:entity.villager.work_farmer
[20:25:04] [Render thread/WARN]: Missing sound for event: minecraft:entity.villager.work_fisherman
[20:25:04] [Render thread/WARN]: Missing sound for event: minecraft:entity.villager.work_fletcher
[20:25:04] [Render thread/WARN]: Missing sound for event: minecraft:entity.villager.work_leatherworker
[20:25:04] [Render thread/WARN]: Missing sound for event: minecraft:entity.villager.work_librarian
[20:25:04] [Render thread/WARN]: Missing sound for event: minecraft:entity.villager.work_mason
[20:25:04] [Render thread/WARN]: Missing sound for event: minecraft:entity.villager.work_shepherd
[20:25:04] [Render thread/WARN]: Missing sound for event: minecraft:entity.villager.work_toolsmith
[20:25:04] [Render thread/WARN]: Missing sound for event: minecraft:entity.villager.work_weaponsmith
[20:25:04] [Render thread/WARN]: Missing sound for event: minecraft:entity.vindicator.ambient
[20:25:04] [Render thread/WARN]: Missing sound for event: minecraft:entity.vindicator.celebrate
[20:25:04] [Render thread/WARN]: Missing sound for event: minecraft:entity.vindicator.death
[20:25:04] [Render thread/WARN]: Missing sound for event: minecraft:entity.vindicator.hurt
[20:25:04] [Render thread/WARN]: Missing sound for event: minecraft:block.vine.break
[20:25:04] [Render thread/WARN]: Missing sound for event: minecraft:block.vine.fall
[20:25:04] [Render thread/WARN]: Missing sound for event: minecraft:block.vine.hit
[20:25:04] [Render thread/WARN]: Missing sound for event: minecraft:block.vine.place
[20:25:04] [Render thread/WARN]: Missing sound for event: minecraft:block.vine.step
[20:25:04] [Render thread/WARN]: Missing sound for event: minecraft:block.lily_pad.place
[20:25:04] [Render thread/WARN]: Missing sound for event: minecraft:entity.wandering_trader.ambient
[20:25:04] [Render thread/WARN]: Missing sound for event: minecraft:entity.wandering_trader.death
[20:25:04] [Render thread/WARN]: Missing sound for event: minecraft:entity.wandering_trader.disappeared
[20:25:04] [Render thread/WARN]: Missing sound for event: minecraft:entity.wandering_trader.drink_milk
[20:25:04] [Render thread/WARN]: Missing sound for event: minecraft:entity.wandering_trader.drink_potion
[20:25:04] [Render thread/WARN]: Missing sound for event: minecraft:entity.wandering_trader.hurt
[20:25:04] [Render thread/WARN]: Missing sound for event: minecraft:entity.wandering_trader.no
[20:25:04] [Render thread/WARN]: Missing sound for event: minecraft:entity.wandering_trader.reappeared
[20:25:04] [Render thread/WARN]: Missing sound for event: minecraft:entity.wandering_trader.trade
[20:25:04] [Render thread/WARN]: Missing sound for event: minecraft:entity.wandering_trader.yes
[20:25:04] [Render thread/WARN]: Missing sound for event: minecraft:entity.warden.agitated
[20:25:04] [Render thread/WARN]: Missing sound for event: minecraft:entity.warden.ambient
[20:25:04] [Render thread/WARN]: Missing sound for event: minecraft:entity.warden.angry
[20:25:04] [Render thread/WARN]: Missing sound for event: minecraft:entity.warden.attack_impact
[20:25:04] [Render thread/WARN]: Missing sound for event: minecraft:entity.warden.death
[20:25:04] [Render thread/WARN]: Missing sound for event: minecraft:entity.warden.dig
[20:25:04] [Render thread/WARN]: Missing sound for event: minecraft:entity.warden.emerge
[20:25:04] [Render thread/WARN]: Missing sound for event: minecraft:entity.warden.heartbeat
[20:25:04] [Render thread/WARN]: Missing sound for event: minecraft:entity.warden.hurt
[20:25:04] [Render thread/WARN]: Missing sound for event: minecraft:entity.warden.listening
[20:25:04] [Render thread/WARN]: Missing sound for event: minecraft:entity.warden.listening_angry
[20:25:04] [Render thread/WARN]: Missing sound for event: minecraft:entity.warden.nearby_close
[20:25:04] [Render thread/WARN]: Missing sound for event: minecraft:entity.warden.nearby_closer
[20:25:04] [Render thread/WARN]: Missing sound for event: minecraft:entity.warden.nearby_closest
[20:25:04] [Render thread/WARN]: Missing sound for event: minecraft:entity.warden.roar
[20:25:04] [Render thread/WARN]: Missing sound for event: minecraft:entity.warden.sniff
[20:25:04] [Render thread/WARN]: Missing sound for event: minecraft:entity.warden.sonic_boom
[20:25:04] [Render thread/WARN]: Missing sound for event: minecraft:entity.warden.sonic_charge
[20:25:04] [Render thread/WARN]: Missing sound for event: minecraft:entity.warden.step
[20:25:04] [Render thread/WARN]: Missing sound for event: minecraft:entity.warden.tendril_clicks
[20:25:04] [Render thread/WARN]: Missing sound for event: minecraft:block.hanging_sign.waxed_interact_fail
[20:25:04] [Render thread/WARN]: Missing sound for event: minecraft:block.sign.waxed_interact_fail
[20:25:04] [Render thread/WARN]: Missing sound for event: minecraft:block.water.ambient
[20:25:04] [Render thread/WARN]: Missing sound for event: minecraft:weather.end_flash
[20:25:04] [Render thread/WARN]: Missing sound for event: minecraft:weather.rain
[20:25:04] [Render thread/WARN]: Missing sound for event: minecraft:weather.rain.above
[20:25:04] [Render thread/WARN]: Missing sound for event: minecraft:block.wet_grass.break
[20:25:04] [Render thread/WARN]: Missing sound for event: minecraft:block.wet_grass.fall
[20:25:04] [Render thread/WARN]: Missing sound for event: minecraft:block.wet_grass.hit
[20:25:04] [Render thread/WARN]: Missing sound for event: minecraft:block.wet_grass.place
[20:25:04] [Render thread/WARN]: Missing sound for event: minecraft:block.wet_grass.step
[20:25:04] [Render thread/WARN]: Missing sound for event: minecraft:block.wet_sponge.break
[20:25:04] [Render thread/WARN]: Missing sound for event: minecraft:block.wet_sponge.dries
[20:25:04] [Render thread/WARN]: Missing sound for event: minecraft:block.wet_sponge.fall
[20:25:04] [Render thread/WARN]: Missing sound for event: minecraft:block.wet_sponge.hit
[20:25:04] [Render thread/WARN]: Missing sound for event: minecraft:block.wet_sponge.place
[20:25:04] [Render thread/WARN]: Missing sound for event: minecraft:block.wet_sponge.step
[20:25:04] [Render thread/WARN]: Missing sound for event: minecraft:entity.wind_charge.wind_burst
[20:25:04] [Render thread/WARN]: Missing sound for event: minecraft:entity.wind_charge.throw
[20:25:04] [Render thread/WARN]: Missing sound for event: minecraft:entity.witch.ambient
[20:25:04] [Render thread/WARN]: Missing sound for event: minecraft:entity.witch.celebrate
[20:25:04] [Render thread/WARN]: Missing sound for event: minecraft:entity.witch.death
[20:25:04] [Render thread/WARN]: Missing sound for event: minecraft:entity.witch.drink
[20:25:04] [Render thread/WARN]: Missing sound for event: minecraft:entity.witch.hurt
[20:25:04] [Render thread/WARN]: Missing sound for event: minecraft:entity.witch.throw
[20:25:04] [Render thread/WARN]: Missing sound for event: minecraft:entity.wither.ambient
[20:25:04] [Render thread/WARN]: Missing sound for event: minecraft:entity.wither.break_block
[20:25:04] [Render thread/WARN]: Missing sound for event: minecraft:entity.wither.death
[20:25:04] [Render thread/WARN]: Missing sound for event: minecraft:entity.wither.hurt
[20:25:04] [Render thread/WARN]: Missing sound for event: minecraft:entity.wither.shoot
[20:25:04] [Render thread/WARN]: Missing sound for event: minecraft:entity.wither_skeleton.ambient
[20:25:04] [Render thread/WARN]: Missing sound for event: minecraft:entity.wither_skeleton.death
[20:25:04] [Render thread/WARN]: Missing sound for event: minecraft:entity.wither_skeleton.hurt
[20:25:04] [Render thread/WARN]: Missing sound for event: minecraft:entity.wither_skeleton.step
[20:25:04] [Render thread/WARN]: Missing sound for event: minecraft:entity.wither.spawn
[20:25:04] [Render thread/WARN]: Missing sound for event: minecraft:item.wolf_armor.break
[20:25:04] [Render thread/WARN]: Missing sound for event: minecraft:item.wolf_armor.crack
[20:25:04] [Render thread/WARN]: Missing sound for event: minecraft:item.wolf_armor.damage
[20:25:04] [Render thread/WARN]: Missing sound for event: minecraft:item.wolf_armor.repair
[20:25:04] [Render thread/WARN]: Missing sound for event: minecraft:entity.wolf.shake
[20:25:04] [Render thread/WARN]: Missing sound for event: minecraft:entity.wolf.step
[20:25:04] [Render thread/WARN]: Missing sound for event: minecraft:entity.wolf.ambient
[20:25:04] [Render thread/WARN]: Missing sound for event: minecraft:entity.wolf.death
[20:25:04] [Render thread/WARN]: Missing sound for event: minecraft:entity.wolf.growl
[20:25:04] [Render thread/WARN]: Missing sound for event: minecraft:entity.wolf.hurt
[20:25:04] [Render thread/WARN]: Missing sound for event: minecraft:entity.wolf.pant
[20:25:04] [Render thread/WARN]: Missing sound for event: minecraft:entity.wolf.whine
[20:25:04] [Render thread/WARN]: Missing sound for event: minecraft:entity.wolf_puglin.ambient
[20:25:04] [Render thread/WARN]: Missing sound for event: minecraft:entity.wolf_puglin.death
[20:25:04] [Render thread/WARN]: Missing sound for event: minecraft:entity.wolf_puglin.growl
[20:25:04] [Render thread/WARN]: Missing sound for event: minecraft:entity.wolf_puglin.hurt
[20:25:04] [Render thread/WARN]: Missing sound for event: minecraft:entity.wolf_puglin.pant
[20:25:04] [Render thread/WARN]: Missing sound for event: minecraft:entity.wolf_puglin.whine
[20:25:04] [Render thread/WARN]: Missing sound for event: minecraft:entity.wolf_sad.ambient
[20:25:04] [Render thread/WARN]: Missing sound for event: minecraft:entity.wolf_sad.death
[20:25:04] [Render thread/WARN]: Missing sound for event: minecraft:entity.wolf_sad.growl
[20:25:04] [Render thread/WARN]: Missing sound for event: minecraft:entity.wolf_sad.hurt
[20:25:04] [Render thread/WARN]: Missing sound for event: minecraft:entity.wolf_sad.pant
[20:25:04] [Render thread/WARN]: Missing sound for event: minecraft:entity.wolf_sad.whine
[20:25:04] [Render thread/WARN]: Missing sound for event: minecraft:entity.wolf_angry.ambient
[20:25:04] [Render thread/WARN]: Missing sound for event: minecraft:entity.wolf_angry.death
[20:25:04] [Render thread/WARN]: Missing sound for event: minecraft:entity.wolf_angry.growl
[20:25:04] [Render thread/WARN]: Missing sound for event: minecraft:entity.wolf_angry.hurt
[20:25:04] [Render thread/WARN]: Missing sound for event: minecraft:entity.wolf_angry.pant
[20:25:04] [Render thread/WARN]: Missing sound for event: minecraft:entity.wolf_angry.whine
[20:25:04] [Render thread/WARN]: Missing sound for event: minecraft:entity.wolf_grumpy.ambient
[20:25:04] [Render thread/WARN]: Missing sound for event: minecraft:entity.wolf_grumpy.death
[20:25:04] [Render thread/WARN]: Missing sound for event: minecraft:entity.wolf_grumpy.growl
[20:25:04] [Render thread/WARN]: Missing sound for event: minecraft:entity.wolf_grumpy.hurt
[20:25:04] [Render thread/WARN]: Missing sound for event: minecraft:entity.wolf_grumpy.pant
[20:25:04] [Render thread/WARN]: Missing sound for event: minecraft:entity.wolf_grumpy.whine
[20:25:04] [Render thread/WARN]: Missing sound for event: minecraft:entity.wolf_big.ambient
[20:25:04] [Render thread/WARN]: Missing sound for event: minecraft:entity.wolf_big.death
[20:25:04] [Render thread/WARN]: Missing sound for event: minecraft:entity.wolf_big.growl
[20:25:04] [Render thread/WARN]: Missing sound for event: minecraft:entity.wolf_big.hurt
[20:25:04] [Render thread/WARN]: Missing sound for event: minecraft:entity.wolf_big.pant
[20:25:04] [Render thread/WARN]: Missing sound for event: minecraft:entity.wolf_big.whine
[20:25:04] [Render thread/WARN]: Missing sound for event: minecraft:entity.wolf_cute.ambient
[20:25:04] [Render thread/WARN]: Missing sound for event: minecraft:entity.wolf_cute.death
[20:25:04] [Render thread/WARN]: Missing sound for event: minecraft:entity.wolf_cute.growl
[20:25:04] [Render thread/WARN]: Missing sound for event: minecraft:entity.wolf_cute.hurt
[20:25:04] [Render thread/WARN]: Missing sound for event: minecraft:entity.wolf_cute.pant
[20:25:04] [Render thread/WARN]: Missing sound for event: minecraft:entity.wolf_cute.whine
[20:25:04] [Render thread/WARN]: Missing sound for event: minecraft:block.wooden_door.close
[20:25:04] [Render thread/WARN]: Missing sound for event: minecraft:block.wooden_door.open
[20:25:04] [Render thread/WARN]: Missing sound for event: minecraft:block.wooden_trapdoor.close
[20:25:04] [Render thread/WARN]: Missing sound for event: minecraft:block.wooden_trapdoor.open
[20:25:04] [Render thread/WARN]: Missing sound for event: minecraft:block.wooden_button.click_off
[20:25:04] [Render thread/WARN]: Missing sound for event: minecraft:block.wooden_button.click_on
[20:25:04] [Render thread/WARN]: Missing sound for event: minecraft:block.wooden_pressure_plate.click_off
[20:25:04] [Render thread/WARN]: Missing sound for event: minecraft:block.wooden_pressure_plate.click_on
[20:25:04] [Render thread/WARN]: Missing sound for event: minecraft:block.wood.break
[20:25:04] [Render thread/WARN]: Missing sound for event: minecraft:block.wood.fall
[20:25:04] [Render thread/WARN]: Missing sound for event: minecraft:block.wood.hit
[20:25:04] [Render thread/WARN]: Missing sound for event: minecraft:block.wood.place
[20:25:04] [Render thread/WARN]: Missing sound for event: minecraft:block.wood.step
[20:25:04] [Render thread/WARN]: Missing sound for event: minecraft:block.wool.break
[20:25:04] [Render thread/WARN]: Missing sound for event: minecraft:block.wool.fall
[20:25:04] [Render thread/WARN]: Missing sound for event: minecraft:block.wool.hit
[20:25:04] [Render thread/WARN]: Missing sound for event: minecraft:block.wool.place
[20:25:04] [Render thread/WARN]: Missing sound for event: minecraft:block.wool.step
[20:25:04] [Render thread/WARN]: Missing sound for event: minecraft:entity.zoglin.ambient
[20:25:04] [Render thread/WARN]: Missing sound for event: minecraft:entity.zoglin.angry
[20:25:04] [Render thread/WARN]: Missing sound for event: minecraft:entity.zoglin.attack
[20:25:04] [Render thread/WARN]: Missing sound for event: minecraft:entity.zoglin.death
[20:25:04] [Render thread/WARN]: Missing sound for event: minecraft:entity.zoglin.hurt
[20:25:04] [Render thread/WARN]: Missing sound for event: minecraft:entity.zoglin.step
[20:25:04] [Render thread/WARN]: Missing sound for event: minecraft:entity.zombie.ambient
[20:25:04] [Render thread/WARN]: Missing sound for event: minecraft:entity.zombie.attack_wooden_door
[20:25:04] [Render thread/WARN]: Missing sound for event: minecraft:entity.zombie.attack_iron_door
[20:25:04] [Render thread/WARN]: Missing sound for event: minecraft:entity.zombie.break_wooden_door
[20:25:04] [Render thread/WARN]: Missing sound for event: minecraft:entity.zombie.converted_to_drowned
[20:25:04] [Render thread/WARN]: Missing sound for event: minecraft:entity.zombie.death
[20:25:04] [Render thread/WARN]: Missing sound for event: minecraft:entity.zombie.destroy_egg
[20:25:04] [Render thread/WARN]: Missing sound for event: minecraft:entity.zombie_horse.ambient
[20:25:04] [Render thread/WARN]: Missing sound for event: minecraft:entity.zombie_horse.angry
[20:25:04] [Render thread/WARN]: Missing sound for event: minecraft:entity.zombie_horse.death
[20:25:04] [Render thread/WARN]: Missing sound for event: minecraft:entity.zombie_horse.eat
[20:25:04] [Render thread/WARN]: Missing sound for event: minecraft:entity.zombie_horse.hurt
[20:25:04] [Render thread/WARN]: Missing sound for event: minecraft:entity.zombie.hurt
[20:25:04] [Render thread/WARN]: Missing sound for event: minecraft:entity.zombie.infect
[20:25:04] [Render thread/WARN]: Missing sound for event: minecraft:entity.zombie_nautilus.ambient
[20:25:04] [Render thread/WARN]: Missing sound for event: minecraft:entity.zombie_nautilus.ambient_land
[20:25:04] [Render thread/WARN]: Missing sound for event: minecraft:entity.zombie_nautilus.dash
[20:25:04] [Render thread/WARN]: Missing sound for event: minecraft:entity.zombie_nautilus.dash_land
[20:25:04] [Render thread/WARN]: Missing sound for event: minecraft:entity.zombie_nautilus.dash_ready
[20:25:04] [Render thread/WARN]: Missing sound for event: minecraft:entity.zombie_nautilus.dash_ready_land
[20:25:04] [Render thread/WARN]: Missing sound for event: minecraft:entity.zombie_nautilus.death
[20:25:04] [Render thread/WARN]: Missing sound for event: minecraft:entity.zombie_nautilus.death_land
[20:25:04] [Render thread/WARN]: Missing sound for event: minecraft:entity.zombie_nautilus.eat
[20:25:04] [Render thread/WARN]: Missing sound for event: minecraft:entity.zombie_nautilus.hurt
[20:25:04] [Render thread/WARN]: Missing sound for event: minecraft:entity.zombie_nautilus.hurt_land
[20:25:04] [Render thread/WARN]: Missing sound for event: minecraft:entity.zombie_nautilus.swim
[20:25:04] [Render thread/WARN]: Missing sound for event: minecraft:entity.zombified_piglin.ambient
[20:25:04] [Render thread/WARN]: Missing sound for event: minecraft:entity.zombified_piglin.angry
[20:25:04] [Render thread/WARN]: Missing sound for event: minecraft:entity.zombified_piglin.death
[20:25:04] [Render thread/WARN]: Missing sound for event: minecraft:entity.zombified_piglin.hurt
[20:25:04] [Render thread/WARN]: Missing sound for event: minecraft:entity.zombie.step
[20:25:04] [Render thread/WARN]: Missing sound for event: minecraft:entity.zombie_villager.ambient
[20:25:04] [Render thread/WARN]: Missing sound for event: minecraft:entity.zombie_villager.converted
[20:25:04] [Render thread/WARN]: Missing sound for event: minecraft:entity.zombie_villager.cure
[20:25:04] [Render thread/WARN]: Missing sound for event: minecraft:entity.zombie_villager.death
[20:25:04] [Render thread/WARN]: Missing sound for event: minecraft:entity.zombie_villager.hurt
[20:25:04] [Render thread/WARN]: Missing sound for event: minecraft:entity.zombie_villager.step
[20:25:04] [Render thread/WARN]: Missing sound for event: minecraft:event.mob_effect.bad_omen
[20:25:04] [Render thread/WARN]: Missing sound for event: minecraft:event.mob_effect.trial_omen
[20:25:04] [Render thread/WARN]: Missing sound for event: minecraft:event.mob_effect.raid_omen
[20:25:04] [Render thread/WARN]: Missing sound for event: minecraft:item.saddle.unequip
[20:25:04] [Render thread/WARN]: Missing sound for event: minecraft:item.nautilus_saddle_underwater_equip
[20:25:04] [Render thread/WARN]: Missing sound for event: minecraft:item.nautilus_saddle_equip
[20:25:05] [Render thread/INFO]: OpenAL initialized on device OpenAL Soft on 34UM95 (2- インテル(R) ディスプレイ用オーディオ)
[20:25:05] [Render thread/INFO]: Sound engine started
[20:25:05] [Worker-Main-2/INFO]: Found unifont_jp_patch-17.0.01.hex, loading
[20:25:05] [Worker-Main-4/WARN]: Missing block model: minecraft:builtin/entity
[20:25:06] [Worker-Main-6/WARN]: Missing textures in model minecraft:block/hopper_side:
    minecraft:block_or_item:minecraft:break/hopper
[20:25:06] [Worker-Main-6/WARN]: Missing textures in model minecraft:block/hopper:
    minecraft:block_or_item:minecraft:break/hopper
[20:25:06] [Worker-Main-6/WARN]: Missing texture references in model minecraft:item/end_crystal:
    particle
[20:25:09] [Render thread/INFO]: OpenAL initialized on device OpenAL Soft on 34UM95 (2- インテル(R) ディスプレイ用オーディオ)
[20:25:09] [Render thread/INFO]: Sound engine started
[20:25:09] [Render thread/INFO]: Created: 4096x2048x0 minecraft:textures/atlas/particles.png-atlas
[20:25:10] [Render thread/INFO]: Created: 128x128x0 minecraft:textures/atlas/decorated_pot.png-atlas
[20:25:10] [Render thread/INFO]: Created: 2048x1024x0 minecraft:textures/atlas/armor_trims.png-atlas
[20:25:10] [Render thread/INFO]: Created: 512x256x0 minecraft:textures/atlas/paintings.png-atlas
[20:25:10] [Render thread/INFO]: Created: 1024x512x0 minecraft:textures/atlas/shield_patterns.png-atlas
[20:25:10] [Render thread/INFO]: Created: 1024x512x0 minecraft:textures/atlas/blocks.png-atlas
[20:25:12] [Render thread/INFO]: Created: 512x512x0 minecraft:textures/atlas/chest.png-atlas
[20:25:12] [Render thread/INFO]: Created: 256x128x0 minecraft:textures/atlas/celestials.png-atlas
[20:25:12] [Render thread/INFO]: Created: 1024x512x0 minecraft:textures/atlas/banner_patterns.png-atlas
[20:25:12] [Render thread/INFO]: Created: 512x512x0 minecraft:textures/atlas/beds.png-atlas
[20:25:12] [Render thread/INFO]: Created: 1024x512x0 minecraft:textures/atlas/items.png-atlas
[20:25:13] [Render thread/INFO]: Created: 1024x1024x0 minecraft:textures/atlas/gui.png-atlas
[20:25:13] [Render thread/INFO]: Created: 128x64x0 minecraft:textures/atlas/map_decorations.png-atlas
[20:25:13] [Render thread/INFO]: Created: 512x256x0 minecraft:textures/atlas/signs.png-atlas
[20:25:13] [Render thread/INFO]: Created: 512x512x0 minecraft:textures/atlas/shulker_boxes.png-atlas
[20:25:14] [Render thread/INFO]: 29675 cache(s) were cleared!
[20:25:30] [Render thread/INFO]: Connecting to 127.0.0.1, 25565
[20:25:33] [Render thread/INFO]: Started 2 worker threads
[20:25:33] [Render thread/INFO]: [System] [CHAT] [GSit] 新しいバージョンが使用可能になりました: 3.6.0！ 現在使われているバージョン: 3.5.1！ ここから最新版をダウンロード: https://modrinth.com/plugin/gsit
[20:25:33] [Render thread/INFO]: [System] [CHAT] (FAWE) A new release for FastAsyncWorldEdit is available: 2.15.4. You are currently on 2.15.0. Download from Modrinth or Hangar.
[20:25:33] [Render thread/INFO]: [System] [CHAT] An update for PlaceholderAPI (PlaceholderAPI v2.12.3)
[20:25:33] [Render thread/INFO]: [System] [CHAT] is available at https://modrinth.com/plugin/placeholderapi
[20:25:33] [Render thread/INFO]: [System] [CHAT] [+] Ifuto_mitai
[20:25:33] [Render thread/INFO]: [System] [CHAT] Record your fights. Clips are the best evidence against cheaters.
[20:25:33] [Render thread/INFO]: [System] [CHAT] Bug reports and improvement ideas can be shared on Discord. discord.gg/uVB6vkTdhS
[20:25:33] [Render thread/INFO]: Loaded 756 advancements
[20:25:33] [Render thread/INFO]: [System] [CHAT] [Maintenance] There is a newer version available: Version 5.1.0, you're on 5.0.0
[20:25:33] [Render thread/INFO]: [System] [CHAT] [Maintenance] Download it at: https://hangar.papermc.io/kennytv/Maintenance (CLICK ME)
[20:25:33] [Download-2/INFO]: Returning cached file since actual hash matches requested
[20:25:33] [Render thread/INFO]: Resizing Dynamic Transforms UBO, capacity limit of 2 reached during a single frame. New capacity will be 4.
[20:25:34] [Render thread/INFO]: Found non-pack entry 'C:\Users\********\AppData\Roaming\PrismLauncher\instances\Fabric 1.21.11\minecraft\resourcepacks\Harluuuu_SMP_Pack.zip.disabled', ignoring
[20:25:34] [Render thread/INFO]: Found non-pack entry 'C:\Users\********\AppData\Roaming\PrismLauncher\instances\Fabric 1.21.11\minecraft\resourcepacks\Ifuto_GoodASMR_Pack.zip.disabled', ignoring
[20:25:34] [Render thread/INFO]: Found non-pack entry 'C:\Users\********\AppData\Roaming\PrismLauncher\instances\Fabric 1.21.11\minecraft\resourcepacks\Xray_Ultimate_26.X_v5.4.2.zip.disabled', ignoring
[20:25:34] [Render thread/INFO]: Reloading ResourceManager: vanilla, betterpingdisplay, cloth-config, conditional-mixin, damagetintplus, dynamic_fps, entityculling, fabric-api, fabric-api-base, fabric-api-lookup-api-v1, fabric-biome-api-v1, fabric-block-api-v1, fabric-block-view-api-v2, fabric-command-api-v2, fabric-content-registries-v0, fabric-convention-tags-v1, fabric-convention-tags-v2, fabric-crash-report-info-v1, fabric-data-attachment-api-v1, fabric-data-generation-api-v1, fabric-dimensions-v1, fabric-entity-events-v1, fabric-events-interaction-v0, fabric-game-rule-api-v1, fabric-item-api-v1, fabric-item-group-api-v1, fabric-key-binding-api-v1, fabric-language-kotlin, fabric-lifecycle-events-v1, fabric-loot-api-v2, fabric-loot-api-v3, fabric-message-api-v1, fabric-model-loading-api-v1, fabric-networking-api-v1, fabric-object-builder-api-v1, fabric-particles-v1, fabric-recipe-api-v1, fabric-registry-sync-v0, fabric-renderer-api-v1, fabric-renderer-indigo, fabric-rendering-fluids-v1, fabric-rendering-v1, fabric-resource-conditions-api-v1, fabric-resource-loader-v0, fabric-resource-loader-v1, fabric-screen-api-v1, fabric-screen-handler-api-v1, fabric-serialization-api-v1, fabric-sound-api-v1, fabric-tag-api-v1, fabric-transfer-api-v1, fabric-transitive-access-wideners-v1, fabricloader, fullbright, healthindicators, ifuto-armor-hud, ifuto-zoom, immediatelyfast, inventorysaver, krypton, lithium, modmenu, moreculling, opsec, placeholder-api, sodium, trender, ukulib, walksylib, worldedit, yet_another_config_lib_v3, file/Vanilla+ 1.21.11.zip, server/00000000/65a840c5-987b-3559-9ef5-4ecdde17bffb
[20:25:34] [Render thread/WARN]: Invalid path in datapack: minecraft:textures/entity/end_crystal/.DS_Store, ignoring
[20:25:34] [Worker-Main-1/WARN]: Invalid path in datapack: minecraft:sounds/._.DS_Store, ignoring
[20:25:34] [Worker-Main-1/WARN]: Invalid path in datapack: minecraft:sounds/.DS_Store, ignoring
[20:25:34] [Worker-Main-3/WARN]: Unable to load font 'minecraft:default' in fonts.json in resourcepack: 'server/00000000/65a840c5-987b-3559-9ef5-4ecdde17bffb'
com.google.gson.JsonParseException: Unknown element name:minecraft:bitmap; Unknown element name:minecraft:bitmap; Unknown element name:minecraft:bitmap
	at knot//com.mojang.serialization.DataResult$Error.getOrThrow(DataResult.java:287)
	at knot//net.minecraft.class_378.method_51619(class_378.java:320)
	at knot//net.minecraft.class_378.method_51623(class_378.java:184)
	at java.base/java.util.concurrent.CompletableFuture$AsyncSupply.run(CompletableFuture.java:1768)
	at knot//net.minecraft.class_4014.method_67576(class_4014.java:51)
	at java.base/java.util.concurrent.ForkJoinTask$RunnableExecuteAction.exec(ForkJoinTask.java:1423)
	at java.base/java.util.concurrent.ForkJoinTask.doExec(ForkJoinTask.java:387)
	at java.base/java.util.concurrent.ForkJoinPool$WorkQueue.topLevelExec(ForkJoinPool.java:1312)
	at java.base/java.util.concurrent.ForkJoinPool.scan(ForkJoinPool.java:1843)
	at java.base/java.util.concurrent.ForkJoinPool.runWorker(ForkJoinPool.java:1808)
	at java.base/java.util.concurrent.ForkJoinWorkerThread.run(ForkJoinWorkerThread.java:188)
[20:25:34] [Worker-Main-3/WARN]: Unable to load font 'rumilance:icons' in fonts.json in resourcepack: 'server/00000000/65a840c5-987b-3559-9ef5-4ecdde17bffb'
com.google.gson.JsonParseException: Unknown element name:minecraft:space; Unknown element name:minecraft:bitmap; Unknown element name:minecraft:bitmap; Unknown element name:minecraft:bitmap
	at knot//com.mojang.serialization.DataResult$Error.getOrThrow(DataResult.java:287)
	at knot//net.minecraft.class_378.method_51619(class_378.java:320)
	at knot//net.minecraft.class_378.method_51623(class_378.java:184)
	at java.base/java.util.concurrent.CompletableFuture$AsyncSupply.run(CompletableFuture.java:1768)
	at knot//net.minecraft.class_4014.method_67576(class_4014.java:51)
	at java.base/java.util.concurrent.ForkJoinTask$RunnableExecuteAction.exec(ForkJoinTask.java:1423)
	at java.base/java.util.concurrent.ForkJoinTask.doExec(ForkJoinTask.java:387)
	at java.base/java.util.concurrent.ForkJoinPool$WorkQueue.topLevelExec(ForkJoinPool.java:1312)
	at java.base/java.util.concurrent.ForkJoinPool.scan(ForkJoinPool.java:1843)
	at java.base/java.util.concurrent.ForkJoinPool.runWorker(ForkJoinPool.java:1808)
	at java.base/java.util.concurrent.ForkJoinWorkerThread.run(ForkJoinWorkerThread.java:188)
[20:25:34] [Worker-Main-7/INFO]: Found unifont_all_no_pua-17.0.01.hex, loading
[20:25:34] [Worker-Main-3/INFO]: Found unifont_pua-17.0.01.hex, loading
[20:25:34] [Worker-Main-3/WARN]: Unable to load font 'minecraft:uniform' in fonts.json in resourcepack: 'server/00000000/65a840c5-987b-3559-9ef5-4ecdde17bffb'
com.google.gson.JsonParseException: Unknown element name:minecraft:bitmap; Unknown element name:minecraft:bitmap; Unknown element name:minecraft:bitmap
	at knot//com.mojang.serialization.DataResult$Error.getOrThrow(DataResult.java:287)
	at knot//net.minecraft.class_378.method_51619(class_378.java:320)
	at knot//net.minecraft.class_378.method_51623(class_378.java:184)
	at java.base/java.util.concurrent.CompletableFuture$AsyncSupply.run(CompletableFuture.java:1768)
	at knot//net.minecraft.class_4014.method_67576(class_4014.java:51)
	at java.base/java.util.concurrent.ForkJoinTask$RunnableExecuteAction.exec(ForkJoinTask.java:1423)
	at java.base/java.util.concurrent.ForkJoinTask.doExec(ForkJoinTask.java:387)
	at java.base/java.util.concurrent.ForkJoinPool$WorkQueue.topLevelExec(ForkJoinPool.java:1312)
	at java.base/java.util.concurrent.ForkJoinPool.scan(ForkJoinPool.java:1843)
	at java.base/java.util.concurrent.ForkJoinPool.runWorker(ForkJoinPool.java:1808)
	at java.base/java.util.concurrent.ForkJoinWorkerThread.run(ForkJoinWorkerThread.java:188)
[20:25:34] [Worker-Main-7/INFO]: Found unifont_jp_patch-17.0.01.hex, loading
[20:25:35] [Worker-Main-4/WARN]: Missing block model: minecraft:builtin/entity
[20:25:35] [Worker-Main-1/WARN]: Missing textures in model minecraft:block/hopper_side:
    minecraft:block_or_item:minecraft:break/hopper
[20:25:35] [Worker-Main-1/WARN]: Missing textures in model minecraft:block/hopper:
    minecraft:block_or_item:minecraft:break/hopper
[20:25:35] [Worker-Main-1/WARN]: Missing texture references in model minecraft:item/end_crystal:
    particle
[20:25:38] [Render thread/INFO]: OpenAL initialized on device OpenAL Soft on 34UM95 (2- インテル(R) ディスプレイ用オーディオ)
[20:25:38] [Render thread/INFO]: Sound engine started
[20:25:38] [Render thread/INFO]: Created: 4096x2048x0 minecraft:textures/atlas/particles.png-atlas
[20:25:38] [Render thread/INFO]: Created: 128x128x0 minecraft:textures/atlas/decorated_pot.png-atlas
[20:25:38] [Render thread/INFO]: Created: 2048x1024x0 minecraft:textures/atlas/armor_trims.png-atlas
[20:25:38] [Render thread/INFO]: Created: 512x256x0 minecraft:textures/atlas/paintings.png-atlas
[20:25:38] [Render thread/INFO]: Created: 1024x512x0 minecraft:textures/atlas/shield_patterns.png-atlas
[20:25:38] [Render thread/INFO]: Created: 1024x512x0 minecraft:textures/atlas/blocks.png-atlas
[20:25:41] [Render thread/INFO]: Created: 512x512x0 minecraft:textures/atlas/chest.png-atlas
[20:25:41] [Render thread/INFO]: Created: 256x128x0 minecraft:textures/atlas/celestials.png-atlas
[20:25:41] [Render thread/INFO]: Created: 1024x512x0 minecraft:textures/atlas/banner_patterns.png-atlas
[20:25:41] [Render thread/INFO]: Created: 512x512x0 minecraft:textures/atlas/beds.png-atlas
[20:25:41] [Render thread/INFO]: Created: 1024x512x0 minecraft:textures/atlas/items.png-atlas
[20:25:42] [Render thread/INFO]: Created: 1024x1024x0 minecraft:textures/atlas/gui.png-atlas
[20:25:43] [Render thread/INFO]: Created: 128x64x0 minecraft:textures/atlas/map_decorations.png-atlas
[20:25:43] [Render thread/INFO]: Created: 512x256x0 minecraft:textures/atlas/signs.png-atlas
[20:25:43] [Render thread/INFO]: Created: 512x512x0 minecraft:textures/atlas/shulker_boxes.png-atlas
[20:25:43] [Render thread/INFO]: 29675 cache(s) were cleared!
[20:25:43] [Render thread/INFO]: Stopping worker threads
[20:25:43] [Render thread/INFO]: Started 2 worker threads
[20:25:44] [Render thread/INFO]: Resizing Dynamic Transforms UBO, capacity limit of 4 reached during a single frame. New capacity will be 8.
[20:25:45] [Render thread/ERROR]: Negative index in crash report handler (5/11)
---- Minecraft Crash Report ----
// Don't be sad, have a hug! <3
Time: 2026-09-19 20:25:45
Description: Uncaught exception on thread: Sound engine
java.util.NoSuchElementException
	at java.base/java.util.AbstractQueue.remove(AbstractQueue.java:117)
	at knot//net.minecraft.class_1255.method_16075(class_1255.java:143)
	at knot//net.minecraft.class_1255.method_18857(class_1255.java:152)
	at knot//net.minecraft.class_4238.method_19765(class_4238.java:52)
	at java.base/java.lang.Thread.run(Thread.java:1583)
A detailed walkthrough of the error, its code path and all known details is as follows:
---------------------------------------------------------------------------------------
-- Head --
Thread: Render thread
Stacktrace:
	at knot//net.minecraft.class_310.method_1587(class_310.java:2477)
-- Uptime --
Details:
	JVM uptime: 65.689s
	Wall uptime: 47.918s
	High-res time: 44.354s
	Client ticks: 513 ticks / 25.650s
Stacktrace:
	at knot//net.minecraft.class_310.method_1587(class_310.java:2477)
	at knot//net.minecraft.class_310.method_43589(class_310.java:1016)
	at knot//net.minecraft.class_310.method_54579(class_310.java:1029)
	at knot//net.minecraft.class_310.method_1514(class_310.java:957)
	at knot//net.minecraft.client.main.Main.main(Main.java:250)
	at net.fabricmc.loader.impl.game.minecraft.MinecraftGameProvider.launch(MinecraftGameProvider.java:514)
	at net.fabricmc.loader.impl.launch.knot.Knot.launch(Knot.java:72)
	at net.fabricmc.loader.impl.launch.knot.KnotClient.main(KnotClient.java:23)
	at org.prismlauncher.launcher.impl.StandardLauncher.launch(StandardLauncher.java:115)
	at org.prismlauncher.EntryPoint.listen(EntryPoint.java:129)
	at org.prismlauncher.EntryPoint.main(EntryPoint.java:70)
-- Affected level --
Details:
	All players: 2 total; class_746{name=Ifuto_mitai, id=219757, pos=(-10261.56404942214, 280.0, 5644.602452802072), mode=ADVENTURE, permission=permission level: OWNERS}, class_745{name=quantumbot, id=5, pos=(-10263.531363148455, 280.0, 5643.9687449034855), mode=CREATIVE, permission=net.minecraft.class_12096$$Lambda/0x0000000101631a08@62d00ad9}
	Chunk stats: 5041, 915
	Level dimension: minecraft:overworld
	Level spawn location: World: (-10262,280,5644), Section: (at 10,8,12 in -642,17,352; chunk contains blocks -10272,-64,5632 to -10257,319,5647), Region: (-21,11; contains chunks -672,352 to -641,383, blocks -10752,-64,5632 to -10241,319,6143)
	Level time: 66790985 game time, 6000 day time
	Server brand: Paper (Velocity)
	Server type: Non-integrated multiplayer server
	Tracked entity count: 3
-- Last reload --
Details:
	Reload number: 2
	Reload reason: manual
	Finished: Yes
	Packs: vanilla, betterpingdisplay, cloth-config, conditional-mixin, damagetintplus, dynamic_fps, entityculling, fabric-api, fabric-api-base, fabric-api-lookup-api-v1, fabric-biome-api-v1, fabric-block-api-v1, fabric-block-view-api-v2, fabric-command-api-v2, fabric-content-registries-v0, fabric-convention-tags-v1, fabric-convention-tags-v2, fabric-crash-report-info-v1, fabric-data-attachment-api-v1, fabric-data-generation-api-v1, fabric-dimensions-v1, fabric-entity-events-v1, fabric-events-interaction-v0, fabric-game-rule-api-v1, fabric-item-api-v1, fabric-item-group-api-v1, fabric-key-binding-api-v1, fabric-language-kotlin, fabric-lifecycle-events-v1, fabric-loot-api-v2, fabric-loot-api-v3, fabric-message-api-v1, fabric-model-loading-api-v1, fabric-networking-api-v1, fabric-object-builder-api-v1, fabric-particles-v1, fabric-recipe-api-v1, fabric-registry-sync-v0, fabric-renderer-api-v1, fabric-renderer-indigo, fabric-rendering-fluids-v1, fabric-rendering-v1, fabric-resource-conditions-api-v1, fabric-resource-loader-v0, fabric-resource-loader-v1, fabric-screen-api-v1, fabric-screen-handler-api-v1, fabric-serialization-api-v1, fabric-sound-api-v1, fabric-tag-api-v1, fabric-transfer-api-v1, fabric-transitive-access-wideners-v1, fabricloader, fullbright, healthindicators, ifuto-armor-hud, ifuto-zoom, immediatelyfast, inventorysaver, krypton, lithium, modmenu, moreculling, opsec, placeholder-api, sodium, trender, ukulib, walksylib, worldedit, yet_another_config_lib_v3, file/Vanilla+ 1.21.11.zip, server/00000000/65a840c5-987b-3559-9ef5-4ecdde17bffb
-- System Details --
Details:
	Minecraft Version: 1.21.11
	Minecraft Version ID: 1.21.11
	Operating System: Windows 10 (amd64) version 10.0
	Java Version: 21.0.7, Microsoft
	Java VM Version: OpenJDK 64-Bit Server VM (mixed mode), Microsoft
	Memory: 136632632 bytes (130 MiB) / 619708416 bytes (591 MiB) up to 1073741824 bytes (1024 MiB)
	CPUs: 8
	Processor Vendor: GenuineIntel
	Processor Name: Intel(R) Core(TM) i7-6700 CPU @ 3.40GHz
	Identifier: Intel64 Family 6 Model 94 Stepping 3
	Microarchitecture: Skylake (Client)
	Frequency (GHz): 3.41
	Number of physical packages: 1
	Number of physical CPUs: 4
	Number of logical CPUs: 8
	Graphics card #0 name: Intel(R) HD Graphics 630
	Graphics card #0 vendor: Intel Corporation
	Graphics card #0 VRAM (MiB): 1024.00
	Graphics card #0 deviceId: VideoController1
	Graphics card #0 versionInfo: 31.0.101.2140
	Graphics card #1 name: Intel(R) HD Graphics 530
	Graphics card #1 vendor: Intel Corporation
	Graphics card #1 VRAM (MiB): 1024.00
	Graphics card #1 deviceId: VideoController2
	Graphics card #1 versionInfo: 31.0.101.2111
	Memory slot #0 capacity (MiB): 8192.00
	Memory slot #0 clockSpeed (GHz): 2.13
	Memory slot #0 type: DDR4
	Memory slot #1 capacity (MiB): 4096.00
	Memory slot #1 clockSpeed (GHz): 2.40
	Memory slot #1 type: DDR4
	Virtual memory max (MiB): 27846.24
	Virtual memory used (MiB): 16385.03
	Swap memory total (MiB): 15640.62
	Swap memory used (MiB): 2137.11
	Space in storage for jna.tmpdir (MiB): <path not set>
	Space in storage for org.lwjgl.system.SharedLibraryExtractPath (MiB): <path not set>
	Space in storage for io.netty.native.workdir (MiB): <path not set>
	Space in storage for java.io.tmpdir (MiB): available: 20806.20, total: 228228.95
	Space in storage for workdir (MiB): available: 20806.20, total: 228228.95
	JVM Flags: 3 total; -XX:HeapDumpPath=MojangTricksIntelDriversForPerformance_javaw.exe_minecraft.exe.heapdump -Xms51m -Xmx1024m
	Debug Flags: 0 total; 
	Fabric Mods: 
		architectury: Architectury 19.0.1
		betterpingdisplay: Better Ping Display 1.2.0
		cloth-config: Cloth Config v20 21.11.153
			cloth-basic-math: cloth-basic-math 0.6.1
		damagetintplus: DamageTintPlus 1.0.6
		dynamic_fps: Dynamic FPS 3.11.6
			net_lostluma_battery: battery 2.0.0
		entityculling: EntityCulling 1.10.5
			transition: TRansition 1.0.21
			trender: TRender 1.0.15
		fabric-api: Fabric API 0.141.6+1.21.11
			fabric-api-base: Fabric API Base 1.0.5+4ebb5c083e
			fabric-api-lookup-api-v1: Fabric API Lookup API (v1) 1.6.114+20dc27073e
			fabric-biome-api-v1: Fabric Biome API (v1) 17.1.1+4fc5413f3e
			fabric-block-api-v1: Fabric Block API (v1) 1.1.10+4ebb5c083e
			fabric-block-view-api-v2: Fabric BlockView API (v2) 1.0.39+4ebb5c083e
			fabric-command-api-v2: Fabric Command API (v2) 2.4.7+6b42a6003e
			fabric-content-registries-v0: Fabric Content Registries (v0) 10.2.14+4fc5413f3e
			fabric-convention-tags-v1: Fabric Convention Tags 2.1.55+7f945d5b3e
			fabric-convention-tags-v2: Fabric Convention Tags (v2) 2.17.3+8ef948ba3e
			fabric-crash-report-info-v1: Fabric Crash Report Info (v1) 0.3.23+4ebb5c083e
			fabric-data-attachment-api-v1: Fabric Data Attachment API (v1) 1.8.48+eed0806f3e
			fabric-data-generation-api-v1: Fabric Data Generation API (v1) 23.5.0+88d7da613e
			fabric-dimensions-v1: Fabric Dimensions API (v1) 4.0.28+4fc5413f3e
			fabric-entity-events-v1: Fabric Entity Events (v1) 3.1.1+1d0ab4303e
			fabric-events-interaction-v0: Fabric Events Interaction (v0) 4.1.1+3b89ecf63e
			fabric-game-rule-api-v1: Fabric Game Rule API (v1) 2.0.3+4fc5413f3e
			fabric-item-api-v1: Fabric Item API (v1) 11.6.0+67f17bb43e
			fabric-item-group-api-v1: Fabric Item Group API (v1) 4.2.36+4fc5413f3e
			fabric-key-binding-api-v1: Fabric Key Binding API (v1) 1.1.7+4fc5413f3e
			fabric-lifecycle-events-v1: Fabric Lifecycle Events (v1) 2.6.15+4ebb5c083e
			fabric-loot-api-v2: Fabric Loot API (v2) 3.0.73+3f89f5a53e
			fabric-loot-api-v3: Fabric Loot API (v3) 2.0.20+78c8b4663e
			fabric-message-api-v1: Fabric Message API (v1) 6.1.12+4ebb5c083e
			fabric-model-loading-api-v1: Fabric Model Loading API (v1) 6.0.15+4fc5413f3e
			fabric-networking-api-v1: Fabric Networking API (v1) 5.1.6+6b6d71a53e
			fabric-object-builder-api-v1: Fabric Object Builder API (v1) 21.1.40+4fc5413f3e
			fabric-particles-v1: Fabric Particles (v1) 4.2.12+4fc5413f3e
			fabric-recipe-api-v1: Fabric Recipe API (v1) 8.2.4+4ebb5c083e
			fabric-registry-sync-v0: Fabric Registry Sync (v0) 6.2.6+1718722b3e
			fabric-renderer-api-v1: Fabric Renderer API (v1) 8.0.3+f4ffd2e53e
			fabric-renderer-indigo: Fabric Renderer - Indigo 5.0.3+f4ffd2e53e
			fabric-rendering-fluids-v1: Fabric Rendering Fluids (v1) 3.1.43+4ebb5c083e
			fabric-rendering-v1: Fabric Rendering (v1) 16.2.10+0290ad933e
			fabric-resource-conditions-api-v1: Fabric Resource Conditions API (v1) 5.0.35+4fc5413f3e
			fabric-resource-loader-v0: Fabric Resource Loader (v0) 3.3.4+4fc5413f3e
			fabric-resource-loader-v1: Fabric Resource Loader (v1) 1.0.10+78c8b4663e
			fabric-screen-api-v1: Fabric Screen API (v1) 3.1.7+4ebb5c083e
			fabric-screen-handler-api-v1: Fabric Screen Handler API (v1) 1.3.162+4fc5413f3e
			fabric-serialization-api-v1: Fabric Serialization API (v1) 1.0.5+4ebb5c083e
			fabric-sound-api-v1: Fabric Sound API (v1) 1.0.51+4fc5413f3e
			fabric-tag-api-v1: Fabric Tag API (v1) 1.3.0+88d7da613e
			fabric-transfer-api-v1: Fabric Transfer API (v1) 6.0.25+4fc5413f3e
			fabric-transitive-access-wideners-v1: Fabric Transitive Access Wideners (v1) 7.1.0+014c8cec3e
		fabric-language-kotlin: Fabric Language Kotlin 1.13.13+kotlin.2.4.10
			org_jetbrains_kotlin_kotlin-reflect: kotlin-reflect 2.4.10
			org_jetbrains_kotlin_kotlin-stdlib: kotlin-stdlib 2.4.10
			org_jetbrains_kotlin_kotlin-stdlib-jdk7: kotlin-stdlib-jdk7 2.4.10
			org_jetbrains_kotlin_kotlin-stdlib-jdk8: kotlin-stdlib-jdk8 2.4.10
			org_jetbrains_kotlinx_atomicfu-jvm: atomicfu-jvm 0.33.0
			org_jetbrains_kotlinx_kotlinx-coroutines-core-jvm: kotlinx-coroutines-core-jvm 1.11.0
			org_jetbrains_kotlinx_kotlinx-coroutines-jdk8: kotlinx-coroutines-jdk8 1.11.0
			org_jetbrains_kotlinx_kotlinx-datetime-jvm: kotlinx-datetime-jvm 0.8.0
			org_jetbrains_kotlinx_kotlinx-io-bytestring-jvm: kotlinx-io-bytestring-jvm 0.9.1
			org_jetbrains_kotlinx_kotlinx-io-core-jvm: kotlinx-io-core-jvm 0.9.1
			org_jetbrains_kotlinx_kotlinx-serialization-cbor-jvm: kotlinx-serialization-cbor-jvm 1.11.0
			org_jetbrains_kotlinx_kotlinx-serialization-core-jvm: kotlinx-serialization-core-jvm 1.11.0
			org_jetbrains_kotlinx_kotlinx-serialization-json-jvm: kotlinx-serialization-json-jvm 1.11.0
		fabricloader: Fabric Loader 0.18.5
			mixinextras: MixinExtras 0.5.3
		fastipping: Fast IP Ping 1.0.11
		ferritecore: FerriteCore 8.2.0
		fullbright: Fullbright 3.1.0
			elementa: Elementa 714
			universalcraft: UniversalCraft 446
		healthindicators: Health Indicators 21.11.1
		ifuto-armor-hud: Ifuto Armor HUD 1.4.10
		ifuto-zoom: Ifuto Zoom 1.1.1
		immediatelyfast: ImmediatelyFast 1.14.3+1.21.11
			net_lenni0451_reflect: Reflect 1.6.2
		inventorysaver: Inventory Saver 1.0.0
		java: OpenJDK 64-Bit Server VM 21
		krypton: Krypton 0.2.10
			com_velocitypowered_velocity-native: velocity-native 3.4.0-SNAPSHOT
		lithium: Lithium 0.21.4+mc1.21.11
		minecraft: Minecraft 1.21.11
		modmenu: Mod Menu 17.0.1-beta.1
			placeholder-api: Placeholder API 2.8.2+1.21.10
		moreculling: More Culling 1.6.2
			conditional-mixin: conditional mixin 0.6.3
		opsec: OpSec 1.1.7.1
			mixinsquared: MixinSquared 0.3.7-beta.1
		sodium: Sodium 0.8.14-beta.1+mc1.21.11
		ukulib: ukulib 1.10.2+1.21.11
			com_moandjiezana_toml_toml4j: toml4j 0.7.2
		walksylib: Walksy Lib 0.9.992+1.21.11
		worldedit: WorldEdit 7.4.2+7450-eb8e82c
			worldeditcui_protocol: WorldEditCUI Protocol (Fabric) 4.0.2
		yet_another_config_lib_v3: YetAnotherConfigLib 3.8.2+1.21.11-fabric
			com_twelvemonkeys_common_common-image: common-image 3.12.0
			com_twelvemonkeys_common_common-io: common-io 3.12.0
			com_twelvemonkeys_common_common-lang: common-lang 3.12.0
			com_twelvemonkeys_imageio_imageio-core: imageio-core 3.12.0
			com_twelvemonkeys_imageio_imageio-metadata: imageio-metadata 3.12.0
			com_twelvemonkeys_imageio_imageio-webp: imageio-webp 3.12.0
			org_quiltmc_parsers_gson: gson 0.2.1
			org_quiltmc_parsers_json: json 0.2.1
	Launched Version: 1.21.11
	Launcher name: PrismLauncher
	Backend library: LWJGL version 3.3.3-snapshot
	Backend API: Intel(R) HD Graphics 530 GL version 3.3.0 - Build 31.0.101.2111, Intel
	Window size: 1128x480
	GFLW Platform: win32
	Render Extensions: GL_ARB_buffer_storage, GL_KHR_debug, GL_ARB_vertex_attrib_binding, GL_ARB_direct_state_access, GL_EXT_texture_filter_anisotropic
	GL debug messages: 
	Is Modded: Definitely; Client brand changed to 'fabric'
	Universe: 400921fb54442d18
	Type: Client (map_client.txt)
	Transparency: regular
	Render Distance: 9/9 chunks
	Resource Packs: vanilla, betterpingdisplay, cloth-config, conditional-mixin, damagetintplus, dynamic_fps, entityculling, fabric-api, fabric-api-base, fabric-api-lookup-api-v1, fabric-biome-api-v1, fabric-block-api-v1, fabric-block-view-api-v2, fabric-command-api-v2, fabric-content-registries-v0, fabric-convention-tags-v1, fabric-convention-tags-v2, fabric-crash-report-info-v1, fabric-data-attachment-api-v1, fabric-data-generation-api-v1, fabric-dimensions-v1, fabric-entity-events-v1, fabric-events-interaction-v0, fabric-game-rule-api-v1, fabric-item-api-v1, fabric-item-group-api-v1, fabric-key-binding-api-v1, fabric-language-kotlin, fabric-lifecycle-events-v1, fabric-loot-api-v2, fabric-loot-api-v3, fabric-message-api-v1, fabric-model-loading-api-v1, fabric-networking-api-v1, fabric-object-builder-api-v1, fabric-particles-v1, fabric-recipe-api-v1, fabric-registry-sync-v0, fabric-renderer-api-v1, fabric-renderer-indigo, fabric-rendering-fluids-v1, fabric-rendering-v1, fabric-resource-conditions-api-v1, fabric-resource-loader-v0, fabric-resource-loader-v1, fabric-screen-api-v1, fabric-screen-handler-api-v1, fabric-serialization-api-v1, fabric-sound-api-v1, fabric-tag-api-v1, fabric-transfer-api-v1, fabric-transitive-access-wideners-v1, fabricloader, fullbright, healthindicators, ifuto-armor-hud, ifuto-zoom, immediatelyfast, inventorysaver, krypton, lithium, modmenu, moreculling, opsec, placeholder-api, sodium, trender, ukulib, walksylib, worldedit (incompatible), yet_another_config_lib_v3 (incompatible), file/Vanilla+ 1.21.11.zip, server/00000000/65a840c5-987b-3559-9ef5-4ecdde17bffb
	Current Language: ja_jp
	Locale: en_JP
	System encoding: MS932
	File encoding: UTF-8
	CPU: 8x Intel(R) Core(TM) i7-6700 CPU @ 3.40GHz
#@!@# Game crashed! Crash report saved to: #@!@# C:\Users\********\AppData\Roaming\PrismLauncher\instances\Fabric 1.21.11\minecraft\crash-reports\crash-2026-09-19_20.25.45-client.txt
Minecraftは終了コード -1 で終了しました。
Clipboard copy at: 19 Sep 2026 20:27:46 +0900






