[13:22:54] [ServerMain/INFO]: [bootstrap] Running Java 25 (Java HotSpot(TM) 64-Bit Server VM 25.0.2+10-LTS-69; Oracle Corporation null) on Windows 10 10.0 (amd64)
[13:22:54] [ServerMain/INFO]: [bootstrap] Loading Paper 1.21.11-131-ver/1.21.11@6d5b910 (2026-05-03T16:08:07Z) for Minecraft 1.21.11
[13:22:56] [ServerMain/INFO]: [PluginInitializerManager] Initializing plugins...
[13:22:59] [ServerMain/INFO]: [PluginInitializerManager] Initialized 12 plugins
[13:22:59] [ServerMain/INFO]: [PluginInitializerManager] Bukkit plugins (12):
 - FastAsyncWorldEdit (2.15.0+59372c5), FasterCrystals (2.2.1), GSit (3.5.1), GooseSync (26.1.2), InvSeePlusPlus (0.31.10), KnockbackSync (1.3.6-dev-b138), LuckPerms (5.5.42), Maintenance (5.0.0), NARENA (1.76.53), PlaceholderAPI (2.12.2), ProtocolLib (5.4.0), packetevents (2.13.0)
[13:23:10] [ServerMain/INFO]: Environment: Environment[sessionHost=https://sessionserver.mojang.com, servicesHost=https://api.minecraftservices.com, profilesHost=https://api.mojang.com, name=PROD]
[13:23:15] [ServerMain/INFO]: Loaded 1470 recipes
[13:23:15] [ServerMain/INFO]: Loaded 1584 advancements
[13:23:15] [ServerMain/INFO]: [ca.spottedleaf.dataconverter.minecraft.datatypes.MCTypeRegistry] Initialising converters for DataConverter...
[13:23:16] [ServerMain/INFO]: [ca.spottedleaf.dataconverter.minecraft.datatypes.MCTypeRegistry] Finished initialising converters for DataConverter in 588.6ms
[13:23:17] [Server thread/INFO]: Starting minecraft server version 1.21.11
[13:23:17] [Server thread/INFO]: Loading properties
[13:23:17] [Server thread/INFO]: This server is running Paper version 1.21.11-131-ver/1.21.11@6d5b910 (2026-05-03T16:08:07Z) (Implementing API version 1.21.11-R0.1-SNAPSHOT)
[13:23:17] [Server thread/INFO]: [spark] This server bundles the spark profiler. For more information please visit https://docs.papermc.io/paper/profiling
[13:23:17] [Server thread/INFO]: Using 4 threads for Netty based IO
[13:23:17] [Server thread/INFO]: Server Ping Player Sample Count: 12
[13:23:18] [Server thread/INFO]: [MoonriseCommon] Paper is using 2 worker threads, 1 I/O threads
[13:23:19] [Server thread/INFO]: Default game type: SURVIVAL
[13:23:19] [Server thread/INFO]: Generating keypair
[13:23:19] [Server thread/INFO]: Starting Minecraft server on *:25567
[13:23:19] [Server thread/INFO]: Paper: Using Java compression from Velocity.
[13:23:19] [Server thread/INFO]: Paper: Using Java cipher from Velocity.
[13:23:20] [Server thread/INFO]: [PlaceholderAPI] Loading server plugin PlaceholderAPI v2.12.2
[13:23:20] [Server thread/INFO]: [FastAsyncWorldEdit] Loading server plugin FastAsyncWorldEdit v2.15.0+59372c5
[13:23:22] [Server thread/INFO]: Got request to register class com.sk89q.worldedit.bukkit.BukkitServerInterface with WorldEdit [com.sk89q.worldedit.extension.platform.PlatformManager@2fc27ace]
[13:23:22] [Server thread/INFO]: [ProtocolLib] Loading server plugin ProtocolLib v5.4.0
[13:23:22] [Server thread/WARN]: [ProtocolLib] Version (MC: 1.21.11) has not yet been tested! Proceed with caution.
[13:23:22] [Server thread/INFO]: [GSit] Loading server plugin GSit v3.5.1
[13:23:23] [Server thread/INFO]: [LuckPerms] Loading server plugin LuckPerms v5.5.42
[13:23:24] [Server thread/INFO]: [LuckPerms] Loading configuration...
[13:23:24] [Server thread/INFO]: [NARENA] Loading server plugin NARENA v1.76.53
[13:23:24] [Server thread/INFO]: [packetevents] Loading server plugin packetevents v2.13.0
[13:23:25] [Server thread/INFO]: [packetevents] Loading packetevents...
[13:23:27] [Server thread/INFO]: [packetevents] Loaded packetevents v2.13.0
[13:23:27] [Server thread/INFO]: [FasterCrystals] Loading server plugin FasterCrystals v2.2.1
[13:23:27] [Server thread/INFO]: [Maintenance] Loading server plugin Maintenance v5.0.0
[13:23:27] [Server thread/INFO]: [KnockbackSync] Loading server plugin KnockbackSync v1.3.6-dev-b138
[13:23:30] [Server thread/INFO]: [InvSee++] Loading server plugin InvSeePlusPlus v0.31.10
[13:23:30] [Server thread/INFO]: [GooseSync] Loading server plugin GooseSync v26.1.2
[13:23:30] [Server thread/INFO]: Server permissions file permissions.yml is empty, ignoring it
[13:23:30] [Server thread/INFO]: [FastAsyncWorldEdit] Enabling FastAsyncWorldEdit v2.15.0+59372c5
[13:23:30] [Server thread/INFO]: [com.fastasyncworldedit.core.Fawe] LZ4 Compression Binding loaded successfully
[13:23:30] [Server thread/INFO]: [com.fastasyncworldedit.core.Fawe] ZSTD Compression Binding loaded successfully
[13:23:30] [Server thread/INFO]: Registering commands with com.sk89q.worldedit.bukkit.BukkitServerInterface
[13:23:30] [Server thread/INFO]: WEPIF: Using the Bukkit Permissions API.
[13:23:31] [Server thread/INFO]: Using com.sk89q.worldedit.bukkit.adapter.impl.fawe.v1_21_11.PaperweightFaweAdapter as the Bukkit adapter
[13:23:32] [Server thread/INFO]: [ProtocolLib] Enabling ProtocolLib v5.4.0
[13:23:32] [Server thread/INFO]: [LuckPerms] Enabling LuckPerms v5.5.42
[13:23:32] [ForkJoinPool.commonPool-worker-1/WARN]: [com.fastasyncworldedit.core.util.UpdateNotification] A new release for FastAsyncWorldEdit is available: 2.15.4. You are currently on 2.15.0.
Download from https://modrinth.com/plugin/fastasyncworldedit or https://hangar.papermc.io/IntellectualSites/FastAsyncWorldEdit
[13:23:32] [Server thread/INFO]:         __    
[13:23:32] [Server thread/INFO]:   |    |__)   LuckPerms v5.5.42
[13:23:32] [Server thread/INFO]:   |___ |      Running on Bukkit - Paper
[13:23:32] [Server thread/INFO]: 
[13:23:32] [Server thread/INFO]: [LuckPerms] Loading storage provider... [H2]
[13:23:33] [Server thread/INFO]: [LuckPerms] Loading internal permission managers...
[13:23:33] [Server thread/INFO]: [LuckPerms] Performing initial data load...
[13:23:34] [Server thread/INFO]: [LuckPerms] Successfully enabled. (took 1862ms)
[13:23:34] [Server thread/WARN]: **** SERVER IS RUNNING IN OFFLINE/INSECURE MODE!
[13:23:34] [Server thread/WARN]: The server will make no attempt to authenticate usernames. Beware.
[13:23:34] [Server thread/WARN]: Whilst this makes it possible to use Velocity, unless access to your server is properly restricted, it also opens up the ability for hackers to connect with any username they choose.
[13:23:34] [Server thread/WARN]: Please see https://docs.papermc.io/velocity/security for further information.
[13:23:34] [Server thread/WARN]: To change this, set "online-mode" to "true" in the server.properties file.
[13:23:34] [Server thread/INFO]: Preparing level "world"
[13:23:34] [Server thread/INFO]: Loading 0 persistent chunks for world 'minecraft:overworld'...
[13:23:34] [Server thread/INFO]: Preparing spawn area: 100%
[13:23:34] [Server thread/INFO]: Prepared spawn area in 3 ms
[13:23:34] [Server thread/INFO]: Loading 0 persistent chunks for world 'minecraft:the_nether'...
[13:23:34] [Server thread/INFO]: Prepared spawn area in 2 ms
[13:23:34] [Server thread/INFO]: Loading 0 persistent chunks for world 'minecraft:the_end'...
[13:23:34] [Server thread/INFO]: Preparing spawn area: 100%
[13:23:34] [Server thread/INFO]: Prepared spawn area in 2 ms
[13:23:34] [Server thread/INFO]: Done preparing level "world" (0.728s)
[13:23:34] [Server thread/INFO]: [PlaceholderAPI] Enabling PlaceholderAPI v2.12.2
[13:23:35] [Server thread/INFO]: [PlaceholderAPI] Fetching available expansion information...
[13:23:35] [Server thread/INFO]: [GSit] Enabling GSit v3.5.1
[13:23:35] [Server thread/INFO]: [PlaceholderAPI] Successfully registered internal expansion: gsit [3.5.1]
[13:23:35] [Server thread/INFO]: [GSit] The plugin was successfully enabled.
[13:23:35] [Server thread/INFO]: [GSit] Link with PlaceholderAPI successful!
[13:23:35] [Server thread/INFO]: [NARENA] Enabling NARENA v1.76.53
[13:23:35] [Folia Async Scheduler Thread #1/INFO]: [GSit] New version available: 3.7.0! Current version: 3.5.1! Download the latest version: https://modrinth.com/plugin/gsit
[13:23:35] [Server thread/INFO]: [NARENA] config.yml: resource-pack section synced with the bundled pack (url/sha1 must match the distributed zip)
[13:23:35] [Server thread/INFO]: [NARENA] config.yml: added missing sections: locale
[13:23:36] [Server thread/INFO]: [com.rumilance.practice.libs.hikari.HikariDataSource] RumilancePracticePool - Starting...
[13:23:36] [Server thread/INFO]: [com.rumilance.practice.libs.hikari.pool.HikariPool] RumilancePracticePool - Added connection org.sqlite.jdbc4.JDBC4Connection@1b40db8e
[13:23:36] [Server thread/INFO]: [com.rumilance.practice.libs.hikari.HikariDataSource] RumilancePracticePool - Start completed.
[13:23:36] [Server thread/INFO]: [NARENA] Applying database migration v32: add chat reception columns to player_settings
[13:23:36] [Server thread/INFO]: [NARENA] Database ready (backend=SQLITE, 1 migration(s) applied).
[13:23:36] [Server thread/INFO]: [NARENA] FastAsyncWorldEdit/WorldEdit detected - arena regeneration is enabled.
[13:23:36] [Server thread/INFO]: [NARENA] [Replay] Packet NPC avatars ready (ProtocolLib hooked).
[13:23:36] [Server thread/INFO]: [NARENA] [SignProbe] Active mod detector ready (ProtocolLib hooked).
[13:23:36] [Server thread/INFO]: [NARENA] [TeamGlow] LOS-only glow active (ProtocolLib).
[13:23:36] [Server thread/INFO]: [NARENA] [AfkRoom] Packet isolation active (block + player packets outside your room are dropped).
[13:23:36] [Server thread/INFO]: [NARENA] Loaded 30 kill effects from kill-effects.yml
[13:23:36] [Server thread/INFO]: [NARENA] [GSit] permission bridge active: -gsit.* for everyone, +GSit.SitClick in the hub only
[13:23:37] [Server thread/INFO]: [NARENA] Loaded internal TAB definition: plugins\n-arena\tab-layout.csv
[13:23:37] [Server thread/INFO]: [NARENA] [N Arena] Applied performance game rules to 3 world(s).
[13:23:37] [Server thread/INFO]: [NARENA] [N Arena][DeathBridge] death-catch armed (cancel+revive: vanilla totems untouched, real deaths cancelled, no death/loading screen)
[13:23:37] [Server thread/INFO]: [NARENA] [Lunar] Apollo not present — rich presence disabled.
[13:23:37] [Server thread/INFO]: [NARENA] [PacketEventsCompat] armed (pre-registration + quit cleanup active)
[13:23:37] [Server thread/INFO]: [NARENA] [Quantum] herobot settings: pingTicks=25 shieldStunning=false shieldDelay=5 lagAttacks=false lagUses=false tickPhase=tick-start
[13:23:37] [Server thread/INFO]: [NARENA] Feature services enabled (all player GUIs and admin commands wired).
[13:23:37] [Server thread/INFO]: [NARENA] NARENA has been enabled (data folder plugins/n-arena).
[13:23:37] [Server thread/INFO]: [packetevents] Enabling packetevents v2.13.0
[13:23:37] [packetevents-update-check-thread/INFO]: [packetevents] Checking for updates, please wait...
[13:23:37] [Server thread/INFO]: [FasterCrystals] Enabling FasterCrystals v2.2.1
[13:23:37] [Server thread/INFO]: [PlaceholderAPI] Successfully registered internal expansion: fastercrystals [2.2.1]
[13:23:37] [Server thread/INFO]: [Maintenance] Enabling Maintenance v5.0.0
[13:23:37] [Server thread/INFO]: [KnockbackSync] Enabling KnockbackSync v1.3.6-dev-b138
[13:23:37] [packetevents-update-check-thread/INFO]: [packetevents] You are running the latest release: 2.13.0
[13:23:38] [Server thread/INFO]: [KnockbackSync] Checking for updates...
[13:23:38] [Server thread/INFO]: [InvSee++] Enabling InvSeePlusPlus v0.31.10
[13:23:38] [Server thread/INFO]: [InvSee++] Detected server software: Paper version 1.21.11
[13:23:38] [Server thread/INFO]: [GooseSync] Enabling GooseSync v26.1.2
[13:23:38] [Server thread/INFO]: [GooseSync] Detected server version: 1_21_R0
[13:23:38] [Server thread/INFO]: [GooseSync] GooseSync has been enabled successfully!
[13:23:38] [Server thread/INFO]: [GooseSync] Compatible with Minecraft versions 1.16 - 1.21.2
[13:23:39] [Server thread/INFO]: [spark] Starting background profiler...
[13:23:39] [Server thread/INFO]: [spark] The async-profiler engine is not supported for your os/arch (windows10/amd64), so the built-in Java engine will be used instead.
[13:23:39] [Server thread/INFO]: [NARENA] [Quantum] re-added the herobot verbs to the live command dispatcher
[13:23:39] [Server thread/INFO]: [NARENA] [Quantum] registered /player, /playerspawn, /herobot, /distance, /hfilter on the server command dispatcher (function-callable)
[13:23:50] [Server thread/INFO]: An objective already exists by that name
[13:23:50] [Server thread/INFO]: An objective already exists by that name
[13:23:50] [Server thread/INFO]: An objective already exists by that name
[13:23:50] [Server thread/INFO]: An objective already exists by that name
[13:23:50] [Server thread/INFO]: An objective already exists by that name
[13:23:50] [Server thread/INFO]: An objective already exists by that name
[13:23:50] [Server thread/INFO]: An objective already exists by that name
[13:23:50] [Server thread/INFO]: An objective already exists by that name
[13:23:50] [Server thread/INFO]: An objective already exists by that name
[13:23:50] [Server thread/INFO]: An objective already exists by that name
[13:23:50] [Server thread/INFO]: An objective already exists by that name
[13:23:50] [Server thread/INFO]: An objective already exists by that name
[13:23:50] [Server thread/INFO]: An objective already exists by that name
[13:23:50] [Server thread/INFO]: An objective already exists by that name
[13:23:50] [Server thread/INFO]: An objective already exists by that name
[13:23:50] [Server thread/INFO]: An objective already exists by that name
[13:23:50] [Server thread/INFO]: An objective already exists by that name
[13:23:50] [Server thread/INFO]: An objective already exists by that name
[13:23:50] [Server thread/INFO]: An objective already exists by that name
[13:23:50] [Server thread/INFO]: An objective already exists by that name
[13:23:50] [Server thread/INFO]: An objective already exists by that name
[13:23:50] [Server thread/INFO]: An objective already exists by that name
[13:23:50] [Server thread/INFO]: An objective already exists by that name
[13:23:50] [Server thread/INFO]: An objective already exists by that name
[13:23:50] [Server thread/INFO]: An objective already exists by that name
[13:23:50] [Server thread/INFO]: An objective already exists by that name
[13:23:50] [Server thread/INFO]: An objective already exists by that name
[13:23:50] [Server thread/INFO]: An objective already exists by that name
[13:23:50] [Server thread/INFO]: An objective already exists by that name
[13:23:50] [Server thread/INFO]: An objective already exists by that name
[13:23:50] [Server thread/INFO]: An objective already exists by that name
[13:23:50] [Server thread/INFO]: An objective already exists by that name
[13:23:50] [Server thread/INFO]: An objective already exists by that name
[13:23:50] [Server thread/INFO]: An objective already exists by that name
[13:23:50] [Server thread/INFO]: An objective already exists by that name
[13:23:50] [Server thread/INFO]: An objective already exists by that name
[13:23:50] [Server thread/INFO]: An objective already exists by that name
[13:23:50] [Server thread/INFO]: An objective already exists by that name
[13:23:50] [Server thread/INFO]: An objective already exists by that name
[13:23:50] [Server thread/INFO]: An objective already exists by that name
[13:23:50] [Server thread/INFO]: An objective already exists by that name
[13:23:50] [Server thread/INFO]: An objective already exists by that name
[13:23:50] [Server thread/INFO]: An objective already exists by that name
[13:23:50] [Server thread/INFO]: An objective already exists by that name
[13:23:50] [Server thread/INFO]: An objective already exists by that name
[13:23:50] [Server thread/INFO]: An objective already exists by that name
[13:23:50] [Server thread/INFO]: An objective already exists by that name
[13:23:50] [Server thread/INFO]: An objective already exists by that name
[13:23:50] [Server thread/INFO]: An objective already exists by that name
[13:23:50] [Server thread/INFO]: An objective already exists by that name
[13:23:50] [Server thread/INFO]: An objective already exists by that name
[13:23:50] [Server thread/INFO]: An objective already exists by that name
[13:23:50] [Server thread/INFO]: An objective already exists by that name
[13:23:50] [Server thread/INFO]: An objective already exists by that name
[13:23:50] [Server thread/INFO]: An objective already exists by that name
[13:23:50] [Server thread/INFO]: An objective already exists by that name
[13:23:50] [Server thread/INFO]: An objective already exists by that name
[13:23:50] [Server thread/INFO]: An objective already exists by that name
[13:23:50] [Server thread/INFO]: An objective already exists by that name
[13:23:50] [Server thread/INFO]: An objective already exists by that name
[13:23:50] [Server thread/INFO]: An objective already exists by that name
[13:23:50] [Server thread/INFO]: An objective already exists by that name
[13:23:50] [Server thread/INFO]: An objective already exists by that name
[13:23:50] [Server thread/INFO]: An objective already exists by that name
[13:23:50] [Server thread/INFO]: An objective already exists by that name
[13:23:50] [Server thread/INFO]: An objective already exists by that name
[13:23:50] [Server thread/INFO]: An objective already exists by that name
[13:23:50] [Server thread/INFO]: An objective already exists by that name
[13:23:50] [Server thread/INFO]: An objective already exists by that name
[13:23:50] [Server thread/INFO]: An objective already exists by that name
[13:23:50] [Server thread/INFO]: An objective already exists by that name
[13:23:50] [Server thread/INFO]: An objective already exists by that name
[13:23:50] [Server thread/INFO]: An objective already exists by that name
[13:23:50] [Server thread/INFO]: An objective already exists by that name
[13:23:50] [Server thread/INFO]: An objective already exists by that name
[13:23:50] [Server thread/INFO]: An objective already exists by that name
[13:23:50] [Server thread/INFO]: An objective already exists by that name
[13:23:50] [Server thread/INFO]: An objective already exists by that name
[13:23:50] [Server thread/INFO]: An objective already exists by that name
[13:23:50] [Server thread/INFO]: An objective already exists by that name
[13:23:50] [Server thread/INFO]: An objective already exists by that name
[13:23:50] [Server thread/INFO]: An objective already exists by that name
[13:23:50] [Server thread/INFO]: An objective already exists by that name
[13:23:50] [Server thread/INFO]: An objective already exists by that name
[13:23:50] [Server thread/INFO]: An objective already exists by that name
[13:23:50] [Server thread/INFO]: An objective already exists by that name
[13:23:50] [Server thread/INFO]: An objective already exists by that name
[13:23:50] [Server thread/INFO]: An objective already exists by that name
[13:23:50] [Server thread/INFO]: An objective already exists by that name
[13:23:50] [Server thread/INFO]: An objective already exists by that name
[13:23:50] [Server thread/INFO]: An objective already exists by that name
[13:23:50] [Server thread/INFO]: An objective already exists by that name
[13:23:50] [Server thread/INFO]: An objective already exists by that name
[13:23:50] [Server thread/INFO]: An objective already exists by that name
[13:23:50] [Server thread/INFO]: An objective already exists by that name
[13:23:50] [Server thread/INFO]: An objective already exists by that name
[13:23:50] [Server thread/INFO]: An objective already exists by that name
[13:23:50] [Server thread/INFO]: An objective already exists by that name
[13:23:50] [Server thread/INFO]: An objective already exists by that name
[13:23:50] [Server thread/INFO]: An objective already exists by that name
[13:23:50] [Server thread/INFO]: An objective already exists by that name
[13:23:50] [Server thread/INFO]: An objective already exists by that name
[13:23:50] [Server thread/INFO]: An objective already exists by that name
[13:23:50] [Server thread/INFO]: An objective already exists by that name
[13:23:50] [Server thread/INFO]: An objective already exists by that name
[13:23:50] [Server thread/INFO]: An objective already exists by that name
[13:23:50] [Server thread/INFO]: An objective already exists by that name
[13:23:50] [Server thread/INFO]: An objective already exists by that name
[13:23:50] [Server thread/INFO]: An objective already exists by that name
[13:23:50] [Server thread/INFO]: An objective already exists by that name
[13:23:50] [Server thread/INFO]: An objective already exists by that name
[13:23:50] [Server thread/INFO]: An objective already exists by that name
[13:23:50] [Server thread/INFO]: An objective already exists by that name
[13:23:50] [Server thread/INFO]: An objective already exists by that name
[13:23:50] [Server thread/INFO]: An objective already exists by that name
[13:23:50] [Server thread/INFO]: An objective already exists by that name
[13:23:50] [Server thread/INFO]: An objective already exists by that name
[13:23:50] [Server thread/INFO]: An objective already exists by that name
[13:23:50] [Server thread/INFO]: An objective already exists by that name
[13:23:50] [Server thread/INFO]: An objective already exists by that name
[13:23:50] [Server thread/INFO]: An objective already exists by that name
[13:23:50] [Server thread/INFO]: An objective already exists by that name
[13:23:50] [Server thread/INFO]: An objective already exists by that name
[13:23:50] [Server thread/INFO]: An objective already exists by that name
[13:23:50] [Server thread/INFO]: An objective already exists by that name
[13:23:50] [Server thread/INFO]: An objective already exists by that name
[13:23:50] [Server thread/INFO]: An objective already exists by that name
[13:23:50] [Server thread/INFO]: An objective already exists by that name
[13:23:50] [Server thread/INFO]: An objective already exists by that name
[13:23:50] [Server thread/INFO]: An objective already exists by that name
[13:23:50] [Server thread/INFO]: An objective already exists by that name
[13:23:50] [Server thread/INFO]: An objective already exists by that name
[13:23:50] [Server thread/INFO]: An objective already exists by that name
[13:23:50] [Server thread/INFO]: An objective already exists by that name
[13:23:50] [Server thread/INFO]: An objective already exists by that name
[13:23:50] [Server thread/INFO]: An objective already exists by that name
[13:23:50] [Server thread/INFO]: An objective already exists by that name
[13:23:50] [Server thread/INFO]: An objective already exists by that name
[13:23:50] [Server thread/INFO]: An objective already exists by that name
[13:23:50] [Server thread/INFO]: An objective already exists by that name
[13:23:50] [Server thread/INFO]: An objective already exists by that name
[13:23:50] [Server thread/INFO]: An objective already exists by that name
[13:23:50] [Server thread/INFO]: An objective already exists by that name
[13:23:50] [Server thread/INFO]: An objective already exists by that name
[13:23:50] [Server thread/INFO]: An objective already exists by that name
[13:23:50] [Server thread/INFO]: An objective already exists by that name
[13:23:50] [Server thread/INFO]: An objective already exists by that name
[13:23:50] [Server thread/INFO]: An objective already exists by that name
[13:23:50] [Server thread/INFO]: An objective already exists by that name
[13:23:50] [Server thread/INFO]: An objective already exists by that name
[13:23:50] [Server thread/INFO]: An objective already exists by that name
[13:23:50] [Server thread/INFO]: An objective already exists by that name
[13:23:50] [Server thread/INFO]: An objective already exists by that name
[13:23:50] [Server thread/INFO]: An objective already exists by that name
[13:23:50] [Server thread/INFO]: An objective already exists by that name
[13:23:50] [Server thread/INFO]: An objective already exists by that name
[13:23:50] [Server thread/INFO]: An objective already exists by that name
[13:23:50] [Server thread/INFO]: An objective already exists by that name
[13:23:50] [Server thread/INFO]: An objective already exists by that name
[13:23:50] [Server thread/INFO]: An objective already exists by that name
[13:23:50] [Server thread/INFO]: An objective already exists by that name
[13:23:50] [Server thread/INFO]: An objective already exists by that name
[13:23:50] [Server thread/INFO]: An objective already exists by that name
[13:23:50] [Server thread/INFO]: An objective already exists by that name
[13:23:50] [Server thread/INFO]: An objective already exists by that name
[13:23:50] [Server thread/INFO]: An objective already exists by that name
[13:23:50] [Server thread/INFO]: An objective already exists by that name
[13:23:50] [Server thread/INFO]: An objective already exists by that name
[13:23:50] [Server thread/INFO]: An objective already exists by that name
[13:23:50] [Server thread/INFO]: An objective already exists by that name
[13:23:50] [Server thread/INFO]: An objective already exists by that name
[13:23:50] [Server thread/INFO]: An objective already exists by that name
[13:23:50] [Server thread/INFO]: An objective already exists by that name
[13:23:50] [Server thread/INFO]: An objective already exists by that name
[13:23:50] [Server thread/INFO]: An objective already exists by that name
[13:23:50] [Server thread/INFO]: An objective already exists by that name
[13:23:50] [Server thread/INFO]: An objective already exists by that name
[13:23:50] [Server thread/INFO]: An objective already exists by that name
[13:23:50] [Server thread/INFO]: An objective already exists by that name
[13:23:50] [Server thread/INFO]: An objective already exists by that name
[13:23:50] [Server thread/INFO]: An objective already exists by that name
[13:23:50] [Server thread/INFO]: An objective already exists by that name
[13:23:50] [Server thread/INFO]: An objective already exists by that name
[13:23:50] [Server thread/INFO]: An objective already exists by that name
[13:23:50] [Server thread/INFO]: An objective already exists by that name
[13:23:50] [Server thread/INFO]: An objective already exists by that name
[13:23:50] [Server thread/INFO]: An objective already exists by that name
[13:23:50] [Server thread/INFO]: An objective already exists by that name
[13:23:50] [Server thread/INFO]: An objective already exists by that name
[13:23:51] [Server thread/INFO]: [NARENA] [Quantum] loaded 789 function(s) and 3 tag(s) from 3 source(s) (4 line(s) translated from the mod's distanceH=/distanceV= selector options) (63 could not be compiled, see /quantum list failures)
[13:23:51] [Server thread/WARN]: [NARENA] [Quantum] function not compiled: eval:stats/crystal/sf -> Whilst parsing command on line 2: Can't find element 'quantum:sf' in registry 'minecraft:predicate' at position 31: ...quantum:sf<--[HERE]
[13:23:51] [Server thread/WARN]: [NARENA] [Quantum] function not compiled: eval:stats/crystal/xlib -> Whilst parsing command on line 2: Unknown block tag 'quantum:stone' at position 25: ...k ~ ~-2 ~ <--[HERE]
[13:23:51] [Server thread/WARN]: [NARENA] [Quantum] function not compiled: eval:stats/hp -> Whilst parsing command on line 4: Can't find element 'quantum:regen' in registry 'minecraft:predicate' at position 34: ...ntum:regen<--[HERE]
[13:23:51] [Server thread/WARN]: [NARENA] [Quantum] function not compiled: eval:stats/sf -> Whilst parsing command on line 2: Can't find element 'quantum:sf' in registry 'minecraft:predicate' at position 31: ...quantum:sf<--[HERE]
[13:23:51] [Server thread/WARN]: [NARENA] [Quantum] function not compiled: mech_train:cart/-1/init -> Whilst parsing command on line 7: Only one entity is allowed, but the provided selector allows more than one at position 0: <--[HERE]
[13:23:51] [Server thread/WARN]: [NARENA] [Quantum] function not compiled: mech_train:cart/-2/init -> Whilst parsing command on line 7: Only one entity is allowed, but the provided selector allows more than one at position 0: <--[HERE]
[13:23:51] [Server thread/WARN]: [NARENA] [Quantum] function not compiled: mech_train:cart/-3/init -> Whilst parsing command on line 7: Only one entity is allowed, but the provided selector allows more than one at position 0: <--[HERE]
[13:23:51] [Server thread/WARN]: [NARENA] [Quantum] function not compiled: mech_train:cart/0/init -> Whilst parsing command on line 6: Only one entity is allowed, but the provided selector allows more than one at position 0: <--[HERE]
[13:23:51] [Server thread/WARN]: [NARENA] [Quantum] function not compiled: mech_train:cart/1/init -> Whilst parsing command on line 7: Only one entity is allowed, but the provided selector allows more than one at position 0: <--[HERE]
[13:23:51] [Server thread/WARN]: [NARENA] [Quantum] function not compiled: mech_train:cart/2/init -> Whilst parsing command on line 7: Only one entity is allowed, but the provided selector allows more than one at position 0: <--[HERE]
[13:23:51] [Server thread/WARN]: [NARENA] [Quantum] function not compiled: mech_train:cart/3/init -> Whilst parsing command on line 9: Only one entity is allowed, but the provided selector allows more than one at position 0: <--[HERE]
[13:23:51] [Server thread/WARN]: [NARENA] [Quantum] function not compiled: mech_train:crystal/dtap/tick -> Whilst parsing command on line 3: Unknown block tag 'xaniclelib:nonsolid' at position 26: ... ~ ~-.2 ~ <--[HERE]
[13:23:51] [Server thread/WARN]: [NARENA] [Quantum] function not compiled: mech_train:crystal/hit_anchor/tick -> Whilst parsing command on line 2: Unknown block tag 'xaniclelib:nonsolid' at position 26: ... ~ ~-.1 ~ <--[HERE]
[13:23:51] [Server thread/WARN]: [NARENA] [Quantum] function not compiled: mech_train:crystal/ledge/init -> Whilst parsing command on line 6: Only one entity is allowed, but the provided selector allows more than one at position 0: <--[HERE]
[13:23:51] [Server thread/WARN]: [NARENA] [Quantum] function not compiled: mech_train:escape/main -> Whilst parsing command on line 4: Can't find element 'quantum:onground' in registry 'minecraft:predicate' at position 156: ...m:onground<--[HERE]
[13:23:51] [Server thread/WARN]: [NARENA] [Quantum] function not compiled: mech_train:mace/divebomb/tick -> Whilst parsing command on line 8: Unknown block tag 'xaniclelib:nonsolid' at position 53: ...k ~ ~-1 ~ <--[HERE]
[13:23:51] [Server thread/WARN]: [NARENA] [Quantum] function not compiled: mech_train:mace/elytra/tick -> Whilst parsing command on line 9: Unknown block tag 'xaniclelib:nonsolid' at position 53: ...k ~ ~-1 ~ <--[HERE]
[13:23:51] [Server thread/WARN]: [NARENA] [Quantum] function not compiled: mech_train:mace/far_pearl/init -> Whilst parsing command on line 8: Only one entity is allowed, but the provided selector allows more than one at position 0: <--[HERE]
[13:23:51] [Server thread/WARN]: [NARENA] [Quantum] function not compiled: mech_train:mace/far_pearl/tick -> Whilst parsing command on line 9: Unknown block tag 'xaniclelib:nonsolid' at position 59: ...k ~ ~-1 ~ <--[HERE]
[13:23:51] [Server thread/WARN]: [NARENA] [Quantum] function not compiled: mech_train:mace/stun_slam/tick -> Whilst parsing command on line 8: Unknown block tag 'xaniclelib:nonsolid' at position 53: ...k ~ ~-1 ~ <--[HERE]
[13:23:51] [Server thread/WARN]: [NARENA] [Quantum] function not compiled: mech_train:treats -> Whilst parsing command on line 3: Can't find element 'quantum:refill' in registry 'minecraft:item_modifier' at position 52: ...tum:refill<--[HERE]
[13:23:51] [Server thread/WARN]: [NARENA] [Quantum] function not compiled: npc:actions/strafe -> Whilst parsing command on line 9: Can't find element 'quantum:random50' in registry 'minecraft:predicate' at position 37: ...m:random50<--[HERE]
[13:23:51] [Server thread/WARN]: [NARENA] [Quantum] function not compiled: npc:actions/strafe_fb -> Whilst parsing command on line 9: Can't find element 'quantum:random50' in registry 'minecraft:predicate' at position 37: ...m:random50<--[HERE]
[13:23:51] [Server thread/WARN]: [NARENA] [Quantum] function not compiled: quantum:bin/19 -> Whilst parsing command on line 1: Can't find element 'quantum:refill' in registry 'minecraft:item_modifier' at position 158: ...tum:refill<--[HERE]
[13:23:51] [Server thread/WARN]: [NARENA] [Quantum] function not compiled: quantum:bin/25 -> Whilst parsing command on line 1: Unknown block tag 'xaniclelib:nonsolid' at position 90: ...ock ~ ~ ~ <--[HERE]
[13:23:51] [Server thread/WARN]: [NARENA] [Quantum] function not compiled: quantum:bin/28 -> Whilst parsing command on line 2: Unknown block tag 'xaniclelib:nonsolid' at position 101: ...ck ^ ^ ^1 <--[HERE]
[13:23:51] [Server thread/WARN]: [NARENA] [Quantum] function not compiled: quantum:bin/29 -> Whilst parsing command on line 2: Can't find element 'quantum:random30' in registry 'minecraft:predicate' at position 37: ...m:random30<--[HERE]
[13:23:51] [Server thread/WARN]: [NARENA] [Quantum] function not compiled: quantum:binomial_dist/aim/loop -> Whilst parsing command on line 2: Can't find element 'quantum:random50' in registry 'minecraft:predicate' at position 37: ...m:random50<--[HERE]
[13:23:51] [Server thread/WARN]: [NARENA] [Quantum] function not compiled: quantum:binomial_dist/reach/loop -> Whilst parsing command on line 2: Can't find element 'quantum:random50' in registry 'minecraft:predicate' at position 37: ...m:random50<--[HERE]
[13:23:51] [Server thread/WARN]: [NARENA] [Quantum] function not compiled: quantum:cart/combo/tick -> Whilst parsing command on line 17: Unknown block tag 'xaniclelib:nonsolid' at position 308: ...} replace <--[HERE]
[13:23:51] [Server thread/WARN]: [NARENA] [Quantum] function not compiled: quantum:cart/start_cart -> Whilst parsing command on line 3: Can't find element 'quantum:random80' in registry 'minecraft:predicate' at position 79: ...m:random80<--[HERE]
[13:23:51] [Server thread/WARN]: [NARENA] [Quantum] function not compiled: quantum:cart/tick -> Whilst parsing command on line 17: Unknown block tag 'xaniclelib:nonsolid' at position 328: ...} replace <--[HERE]
[13:23:51] [Server thread/WARN]: [NARENA] [Quantum] function not compiled: quantum:carttest/mark/tick -> Whilst parsing command on line 1: Unknown block tag 'xaniclelib:nonsolidnofire' at position 115: ...} replace <--[HERE]
[13:23:51] [Server thread/WARN]: [NARENA] [Quantum] function not compiled: quantum:cart_old/charge -> Whilst parsing command on line 6: Can't find element 'quantum:random60' in registry 'minecraft:predicate' at position 37: ...m:random60<--[HERE]
[13:23:51] [Server thread/WARN]: [NARENA] [Quantum] function not compiled: quantum:cart_old/combo/tick -> Whilst parsing command on line 21: Unknown block tag 'xaniclelib:nonsolid' at position 287: ...} replace <--[HERE]
[13:23:51] [Server thread/WARN]: [NARENA] [Quantum] function not compiled: quantum:cart_old/tick -> Whilst parsing command on line 21: Unknown block tag 'xaniclelib:nonsolid' at position 287: ...} replace <--[HERE]
[13:23:51] [Server thread/WARN]: [NARENA] [Quantum] function not compiled: quantum:crystal/hardcode/mark/anchorcmd -> Whilst parsing command on line 1: Unknown block tag 'xaniclelib:nonsolid' at position 23: ...ock ~ ~ ~ <--[HERE]
[13:23:51] [Server thread/WARN]: [NARENA] [Quantum] function not compiled: quantum:crystal/hardcode/mark/crystalcmd -> Whilst parsing command on line 1: Unknown block tag 'quantum:placeable_obsidian' at position 23: ...ock ~ ~ ~ <--[HERE]
[13:23:51] [Server thread/WARN]: [NARENA] [Quantum] function not compiled: quantum:crystal/hardcode/mark/markerdown -> Whilst parsing command on line 1: Unknown block tag 'xaniclelib:nonsolid' at position 42: ...ock ~ ~ ~ <--[HERE]
[13:23:51] [Server thread/WARN]: [NARENA] [Quantum] function not compiled: quantum:crystal/hardcode/mech/anchor -> Whilst parsing command on line 7: Unknown block tag 'xaniclelib:nonsolid' at position 162: ...ock ~ ~ ~ <--[HERE]
[13:23:51] [Server thread/WARN]: [NARENA] [Quantum] function not compiled: quantum:crystal/hardcode/tick -> Whilst parsing command on line 14: Unknown block tag 'xaniclelib:nonsolid' at position 185: ... ~ ~-.2 ~ <--[HERE]
[13:23:51] [Server thread/WARN]: [NARENA] [Quantum] function not compiled: quantum:crystal/passive/mace/defense_main -> Whilst parsing command on line 1: Unknown block tag 'xaniclelib:nonsolid2' at position 98: ...ck ~ ~1 ~ <--[HERE]
[13:23:51] [Server thread/WARN]: [NARENA] [Quantum] function not compiled: quantum:decisions/tick2 -> Whilst parsing command on line 7: Unknown block tag 'xaniclelib:snow_air' at position 145: ...} replace <--[HERE]
[13:23:51] [Server thread/WARN]: [NARENA] [Quantum] function not compiled: quantum:g1gc/block -> Whilst parsing command on line 1: Unknown block tag 'xaniclelib:nonsolid2' at position 23: ...ock ~ ~ ~ <--[HERE]
[13:23:51] [Server thread/WARN]: [NARENA] [Quantum] function not compiled: quantum:g1gc/block2 -> Whilst parsing command on line 1: Unknown block tag 'quantum:nonsolid2' at position 23: ...ock ~ ~ ~ <--[HERE]
[13:23:51] [Server thread/WARN]: [NARENA] [Quantum] function not compiled: quantum:g1gc/breakcrystal -> Whilst parsing command on line 2: Can't find element 'quantum:is_higher_2' in registry 'minecraft:predicate' at position 83: ...s_higher_2<--[HERE]
[13:23:51] [Server thread/WARN]: [NARENA] [Quantum] function not compiled: quantum:g1gc/crystalblock -> Whilst parsing command on line 1: Unknown block tag 'xaniclelib:nonsolid' at position 23: ...ock ~ ~ ~ <--[HERE]
[13:23:51] [Server thread/WARN]: [NARENA] [Quantum] function not compiled: quantum:g1gc/movement -> Whilst parsing command on line 2: Unknown block tag 'xaniclelib:nonsolid' at position 101: ...ck ^ ^ ^1 <--[HERE]
[13:23:51] [Server thread/WARN]: [NARENA] [Quantum] function not compiled: quantum:map/passive -> Whilst parsing command on line 14: Unknown block tag 'xaniclelib:nonsolid' at position 82: ...ock ~ ~ ~ <--[HERE]
[13:23:51] [Server thread/WARN]: [NARENA] [Quantum] function not compiled: quantum:mark/blockplace -> Whilst parsing command on line 1: Unknown block tag 'xaniclelib:nonsolid2' at position 85: ...k ~ ~-1 ~ <--[HERE]
[13:23:51] [Server thread/WARN]: [NARENA] [Quantum] function not compiled: quantum:miscellaneous/breakable -> Whilst parsing command on line 1: Can't find element 'quantum:breakable' in registry 'minecraft:item_modifier' at position 50: ...:breakable<--[HERE]
[13:23:51] [Server thread/WARN]: [NARENA] [Quantum] function not compiled: quantum:miscellaneous/treats/refill -> Whilst parsing command on line 1: Unknown item tag 'quantum:stone' at position 61: ...ntum:stone<--[HERE]
[13:23:51] [Server thread/WARN]: [NARENA] [Quantum] function not compiled: quantum:miscellaneous/unbreakable -> Whilst parsing command on line 1: Can't find element 'quantum:unbreakable' in registry 'minecraft:item_modifier' at position 52: ...nbreakable<--[HERE]
[13:23:51] [Server thread/WARN]: [NARENA] [Quantum] function not compiled: quantum:ray/lookhigh -> Whilst parsing command on line 2: Unknown block tag 'xaniclelib:nonsolid' at position 92: ...ck ~ ~2 ~ <--[HERE]
[13:23:51] [Server thread/WARN]: [NARENA] [Quantum] function not compiled: quantum:sword/bot_mech/combo_logic -> Whilst parsing command on line 8: Unknown block tag 'xaniclelib:nonsolid2' at position 67: ...ck ^ ^ ^1 <--[HERE]
[13:23:51] [Server thread/WARN]: [NARENA] [Quantum] function not compiled: quantum:sword/bot_mech/jump -> Whilst parsing command on line 1: Unknown item tag 'quantum:weapon' at position 119: ...tum:weapon<--[HERE]
[13:23:51] [Server thread/WARN]: [NARENA] [Quantum] function not compiled: quantum:sword/bot_mech/logic -> Whilst parsing command on line 8: Unknown block tag 'xaniclelib:nonsolid2' at position 67: ...ck ^ ^ ^1 <--[HERE]
[13:23:51] [Server thread/WARN]: [NARENA] [Quantum] function not compiled: quantum:sword/randomise -> Whilst parsing command on line 2: Can't find element 'quantum:random50' in registry 'minecraft:predicate' at position 37: ...m:random50<--[HERE]
[13:23:51] [Server thread/WARN]: [NARENA] [Quantum] function not compiled: quantum:sword/strafe -> Whilst parsing command on line 3: Can't find element 'quantum:random50' in registry 'minecraft:predicate' at position 37: ...m:random50<--[HERE]
[13:23:51] [Server thread/WARN]: [NARENA] [Quantum] function not compiled: stats:main_tick -> Whilst parsing command on line 4: Unknown item tag 'stats:anchors' at position 61: ...ts:anchors<--[HERE]
[13:23:51] [Server thread/WARN]: [NARENA] [Quantum] function not compiled: xaniclelib:anchor/anchorcmd -> Whilst parsing command on line 3: Unknown block tag 'xaniclelib:nonsolidnosnow' at position 194: ...} replace <--[HERE]
[13:23:51] [Server thread/WARN]: [NARENA] [Quantum] function not compiled: xaniclelib:crystal/no_obby -> Whilst parsing command on line 1: Unknown block tag 'xaniclelib:nonsolid' at position 155: ...} replace <--[HERE]
[13:23:51] [Server thread/WARN]: [NARENA] [Quantum] function not compiled: xaniclelib:mark -> Whilst parsing command on line 2: Can't find element 'quantum:distance5' in registry 'minecraft:predicate' at position 107: ...:distance5<--[HERE]
[13:23:51] [Server thread/WARN]: Could not register alias sell because it contains commands that do not exist: economyshopgui:sellall $1-
[13:23:51] [Server thread/INFO]: [PlaceholderAPI] Placeholder expansion registration initializing...
[13:23:51] [Server thread/INFO]: 0 placeholder hook(s) registered!
[13:23:51] [Server thread/INFO]: Running delayed init tasks
[13:23:52] [Craft Scheduler Thread - 6 - Maintenance/WARN]: [Maintenance] Newest version available: Version 5.1.0, you're on 5.0.0
[13:23:53] [Server thread/INFO]: Done (61.611s)! For help, type "help"
[13:23:53] [Server thread/INFO]: [PlaceholderAPI] An update for PlaceholderAPI (v2.12.3) is available at:
[13:23:53] [Server thread/INFO]: [PlaceholderAPI] https://modrinth.com/plugin/placeholderapi
[13:23:53] [Paper Async Task Handler Thread - 1/WARN]: *** You are running an outdated version of Minecraft, which is 4 release(s) and 1 build(s) behind!
[13:23:53] [Paper Async Task Handler Thread - 1/WARN]: *** Please update to the latest stable version on https://papermc.io/downloads/paper ***
[13:23:55] [Craft Scheduler Thread - 9 - KnockbackSync/INFO]: [KnockbackSync] You are running a development build newer than the latest release.
[13:23:55] [Craft Scheduler Thread - 8 - KnockbackSync/INFO]: [KnockbackSync] Downloading: dev-builds.txt
[13:23:56] [User Authenticator #0/INFO]: UUID of player Ifuto_mitai is a70c1bc2-ee54-46dd-9325-3c88bbd418ed
[13:23:56] [Server thread/INFO]: [HorriblePlayerLoginEventHack] You have plugins listening to the PlayerLoginEvent, this will cause re-configuration APIs to be unavailable: [LuckPerms, Maintenance, ProtocolLib]
[13:23:56] [Craft Scheduler Thread - 8 - KnockbackSync/INFO]: [KnockbackSync] Downloaded: dev-builds.txt
[13:23:56] [Craft Scheduler Thread - 8 - KnockbackSync/INFO]: [KnockbackSync] Downloading: releases.txt
[13:23:56] [Craft Scheduler Thread - 8 - KnockbackSync/INFO]: [KnockbackSync] Downloaded: releases.txt
[13:23:57] [Server thread/WARN]: [NARENA] [KickGuard] Could not strip the netty read-timeout handler; socket-level "Timed out" disconnects stay active. Cause: IllegalAccessException: class com.rumilance.practice.guard.TimeoutChannelGuard cannot access a member of class com.comphenix.protocol.injector.netty.channel.NettyChannelProxy with modifiers "public"
[13:23:57] [luckperms-worker-2/INFO]: [NARENA] [GSit] Ifuto_mitai (LOBBY): added [Owned[key=gsit.*, value=false]], removed []
[13:23:57] [Server thread/INFO]: Ifuto_mitai[/127.0.0.1:54020] logged in with entity id 3 at ([world]-10257.156318806046, 282.0, 5641.040184176281)
[13:24:26] [Server thread/INFO]: Environment: Environment[sessionHost=https://sessionserver.mojang.com, servicesHost=https://api.minecraftservices.com, profilesHost=https://api.mojang.com, name=PROD]
[13:24:28] [Server thread/ERROR]: [NARENA] [Quantum] HeroBot spawn failed for profile NARENA_BOT_09afa at Location{world=CraftWorld{name=world},x=-10243.887013486146,y=271.0,z=5647.926046484112,pitch=0.0,yaw=0.0}
java.lang.UnsupportedOperationException
	at com.google.common.collect.ImmutableMultimap.put(ImmutableMultimap.java:508) ~[guava-33.5.0-jre.jar:?]
	at com.google.common.collect.ForwardingMultimap.put(ForwardingMultimap.java:102) ~[guava-33.5.0-jre.jar:?]
	at RumilancePractice-1.76.53.jar//com.rumilance.practice.herobot.HeroBotRegistry.spawn(HeroBotRegistry.java:118) ~[?:?]
	at RumilancePractice-1.76.53.jar//com.rumilance.practice.herobot.HeroBotRegistry.spawn(HeroBotRegistry.java:90) ~[?:?]
	at RumilancePractice-1.76.53.jar//com.rumilance.practice.quantum.QuantumRuntime.spawnBot(QuantumRuntime.java:710) ~[?:?]
	at RumilancePractice-1.76.53.jar//com.rumilance.practice.gui.menus.PracticeBotSelectGui.handleClick(PracticeBotSelectGui.java:220) ~[?:?]
	at RumilancePractice-1.76.53.jar//com.rumilance.practice.gui.GuiListener.clickSafely(GuiListener.java:267) ~[?:?]
	at RumilancePractice-1.76.53.jar//com.rumilance.practice.gui.GuiListener.dispatchTopClick(GuiListener.java:327) ~[?:?]
	at RumilancePractice-1.76.53.jar//com.rumilance.practice.gui.GuiListener.onClick(GuiListener.java:252) ~[?:?]
	at co.aikar.timings.TimedEventExecutor.execute(TimedEventExecutor.java:80) ~[paper-api-1.21.11-R0.1-SNAPSHOT.jar:?]
	at org.bukkit.plugin.RegisteredListener.callEvent(RegisteredListener.java:71) ~[paper-api-1.21.11-R0.1-SNAPSHOT.jar:?]
	at io.papermc.paper.plugin.manager.PaperEventManager.callEvent(PaperEventManager.java:54) ~[paper-1.21.11.jar:1.21.11-131-6d5b910]
	at io.papermc.paper.plugin.manager.PaperPluginManagerImpl.callEvent(PaperPluginManagerImpl.java:131) ~[paper-1.21.11.jar:1.21.11-131-6d5b910]
	at org.bukkit.plugin.SimplePluginManager.callEvent(SimplePluginManager.java:628) ~[paper-api-1.21.11-R0.1-SNAPSHOT.jar:?]
	at net.minecraft.server.network.ServerGamePacketListenerImpl.handleContainerClick(ServerGamePacketListenerImpl.java:3297) ~[paper-1.21.11.jar:1.21.11-131-6d5b910]
	at net.minecraft.network.protocol.game.ServerboundContainerClickPacket.handle(ServerboundContainerClickPacket.java:59) ~[paper-1.21.11.jar:1.21.11-131-6d5b910]
	at net.minecraft.network.protocol.game.ServerboundContainerClickPacket.handle(ServerboundContainerClickPacket.java:14) ~[paper-1.21.11.jar:1.21.11-131-6d5b910]
	at net.minecraft.network.PacketProcessor$ListenerAndPacket.handle(PacketProcessor.java:99) ~[paper-1.21.11.jar:1.21.11-131-6d5b910]
	at net.minecraft.network.PacketProcessor.executeSinglePacket(PacketProcessor.java:33) ~[paper-1.21.11.jar:1.21.11-131-6d5b910]
	at net.minecraft.server.MinecraftServer.pollTask(MinecraftServer.java:1499) ~[paper-1.21.11.jar:1.21.11-131-6d5b910]
	at net.minecraft.server.MinecraftServer.recordTaskExecutionTimeWhileWaiting(MinecraftServer.java:1225) ~[paper-1.21.11.jar:1.21.11-131-6d5b910]
	at net.minecraft.server.MinecraftServer.runServer(MinecraftServer.java:1341) ~[paper-1.21.11.jar:1.21.11-131-6d5b910]
	at net.minecraft.server.MinecraftServer.lambda$spin$2(MinecraftServer.java:388) ~[paper-1.21.11.jar:1.21.11-131-6d5b910]
	at java.base/java.lang.Thread.run(Thread.java:1474) ~[?:?]
[13:25:49] [User Authenticator #1/INFO]: UUID of player ml_Hika15 is d49952df-7216-4882-92e3-3d0fa7075af5
[13:25:51] [Netty NIO IO #0/INFO]: [packetevents] PacketEvents caught an unhandled exception while calling your listener.
[13:25:51] [Netty NIO IO #0/WARN]: 
java.lang.NullPointerException: Cannot invoke "org.bukkit.entity.Player.getUniqueId()" because "player" is null
	at pvpclub-FasterCrystals-2.2.1.jar//xyz.reknown.fastercrystals.repository.UserRepository.get(UserRepository.java:38) ~[?:?]
	at pvpclub-FasterCrystals-2.2.1.jar//xyz.reknown.fastercrystals.listener.packet.LastPacketListener.onPacketPlayReceive(LastPacketListener.java:51) ~[?:?]
	at packetevents-spigot-2.13.0.jar//com.github.retrooper.packetevents.event.SimplePacketListenerAbstract.onPacketReceive(SimplePacketListenerAbstract.java:49) ~[?:?]
	at packetevents-spigot-2.13.0.jar//com.github.retrooper.packetevents.event.PacketReceiveEvent.call(PacketReceiveEvent.java:52) ~[?:?]
	at packetevents-spigot-2.13.0.jar//com.github.retrooper.packetevents.event.EventManager.callEvent(EventManager.java:85) ~[?:?]
	at packetevents-spigot-2.13.0.jar//com.github.retrooper.packetevents.util.PacketEventsImplHelper.handleServerBoundPacket(PacketEventsImplHelper.java:101) ~[?:?]
	at packetevents-spigot-2.13.0.jar//io.github.retrooper.packetevents.injector.handlers.PacketEventsDecoder.read(PacketEventsDecoder.java:58) ~[?:?]
	at packetevents-spigot-2.13.0.jar//io.github.retrooper.packetevents.injector.handlers.PacketEventsDecoder.decode(PacketEventsDecoder.java:75) ~[?:?]
	at packetevents-spigot-2.13.0.jar//io.github.retrooper.packetevents.injector.handlers.PacketEventsDecoder.decode(PacketEventsDecoder.java:41) ~[?:?]
	at io.netty.handler.codec.MessageToMessageDecoder.channelRead(MessageToMessageDecoder.java:91) ~[netty-codec-base-4.2.7.Final.jar:4.2.7.Final]
	at io.netty.channel.AbstractChannelHandlerContext.fireChannelRead(AbstractChannelHandlerContext.java:356) ~[netty-transport-4.2.7.Final.jar:4.2.7.Final]
	at ProtocolLib.jar//com.comphenix.protocol.injector.netty.channel.InboundProtocolReader.channelRead(InboundProtocolReader.java:25) ~[?:?]
	at io.netty.channel.AbstractChannelHandlerContext.fireChannelRead(AbstractChannelHandlerContext.java:356) ~[netty-transport-4.2.7.Final.jar:4.2.7.Final]
	at io.netty.handler.codec.MessageToMessageDecoder.channelRead(MessageToMessageDecoder.java:107) ~[netty-codec-base-4.2.7.Final.jar:4.2.7.Final]
	at io.netty.channel.AbstractChannelHandlerContext.fireChannelRead(AbstractChannelHandlerContext.java:356) ~[netty-transport-4.2.7.Final.jar:4.2.7.Final]
	at io.netty.handler.flow.FlowControlHandler.dequeue(FlowControlHandler.java:201) ~[netty-handler-4.2.7.Final.jar:4.2.7.Final]
	at io.netty.handler.flow.FlowControlHandler.channelRead(FlowControlHandler.java:163) ~[netty-handler-4.2.7.Final.jar:4.2.7.Final]
	at io.netty.channel.AbstractChannelHandlerContext.fireChannelRead(AbstractChannelHandlerContext.java:354) ~[netty-transport-4.2.7.Final.jar:4.2.7.Final]
	at io.netty.handler.codec.ByteToMessageDecoder.fireChannelRead(ByteToMessageDecoder.java:346) ~[netty-codec-base-4.2.7.Final.jar:4.2.7.Final]
	at io.netty.handler.codec.ByteToMessageDecoder.channelRead(ByteToMessageDecoder.java:318) ~[netty-codec-base-4.2.7.Final.jar:4.2.7.Final]
	at io.netty.channel.AbstractChannelHandlerContext.fireChannelRead(AbstractChannelHandlerContext.java:356) ~[netty-transport-4.2.7.Final.jar:4.2.7.Final]
	at io.netty.handler.codec.ByteToMessageDecoder.fireChannelRead(ByteToMessageDecoder.java:346) ~[netty-codec-base-4.2.7.Final.jar:4.2.7.Final]
	at io.netty.handler.codec.ByteToMessageDecoder.channelRead(ByteToMessageDecoder.java:318) ~[netty-codec-base-4.2.7.Final.jar:4.2.7.Final]
	at io.netty.channel.AbstractChannelHandlerContext.fireChannelRead(AbstractChannelHandlerContext.java:356) ~[netty-transport-4.2.7.Final.jar:4.2.7.Final]
	at io.netty.handler.timeout.IdleStateHandler.channelRead(IdleStateHandler.java:293) ~[netty-handler-4.2.7.Final.jar:4.2.7.Final]
	at io.netty.channel.AbstractChannelHandlerContext.fireChannelRead(AbstractChannelHandlerContext.java:354) ~[netty-transport-4.2.7.Final.jar:4.2.7.Final]
	at io.netty.handler.flush.FlushConsolidationHandler.channelRead(FlushConsolidationHandler.java:152) ~[netty-handler-4.2.7.Final.jar:4.2.7.Final]
	at io.netty.channel.AbstractChannelHandlerContext.fireChannelRead(AbstractChannelHandlerContext.java:354) ~[netty-transport-4.2.7.Final.jar:4.2.7.Final]
	at io.netty.channel.DefaultChannelPipeline$HeadContext.channelRead(DefaultChannelPipeline.java:1429) ~[netty-transport-4.2.7.Final.jar:4.2.7.Final]
	at io.netty.channel.DefaultChannelPipeline.fireChannelRead(DefaultChannelPipeline.java:918) ~[netty-transport-4.2.7.Final.jar:4.2.7.Final]
	at io.netty.channel.nio.AbstractNioByteChannel$NioByteUnsafe.read(AbstractNioByteChannel.java:168) ~[netty-transport-4.2.7.Final.jar:4.2.7.Final]
	at io.netty.channel.nio.AbstractNioChannel$AbstractNioUnsafe.handle(AbstractNioChannel.java:445) ~[netty-transport-4.2.7.Final.jar:4.2.7.Final]
	at io.netty.channel.nio.NioIoHandler$DefaultNioRegistration.handle(NioIoHandler.java:388) ~[netty-transport-4.2.7.Final.jar:4.2.7.Final]
	at io.netty.channel.nio.NioIoHandler.processSelectedKey(NioIoHandler.java:596) ~[netty-transport-4.2.7.Final.jar:4.2.7.Final]
	at io.netty.channel.nio.NioIoHandler.processSelectedKeysPlain(NioIoHandler.java:541) ~[netty-transport-4.2.7.Final.jar:4.2.7.Final]
	at io.netty.channel.nio.NioIoHandler.processSelectedKeys(NioIoHandler.java:514) ~[netty-transport-4.2.7.Final.jar:4.2.7.Final]
	at io.netty.channel.nio.NioIoHandler.run(NioIoHandler.java:484) ~[netty-transport-4.2.7.Final.jar:4.2.7.Final]
	at io.netty.channel.SingleThreadIoEventLoop.runIo(SingleThreadIoEventLoop.java:225) ~[netty-transport-4.2.7.Final.jar:4.2.7.Final]
	at io.netty.channel.SingleThreadIoEventLoop.run(SingleThreadIoEventLoop.java:196) ~[netty-transport-4.2.7.Final.jar:4.2.7.Final]
	at io.netty.util.concurrent.SingleThreadEventExecutor$5.run(SingleThreadEventExecutor.java:1193) ~[netty-common-4.2.7.Final.jar:4.2.7.Final]
	at io.netty.util.internal.ThreadExecutorMap$2.run(ThreadExecutorMap.java:74) ~[netty-common-4.2.7.Final.jar:4.2.7.Final]
	at java.base/java.lang.Thread.run(Thread.java:1474) ~[?:?]
[13:25:51] [luckperms-worker-3/INFO]: [NARENA] [GSit] ml_Hika15 (LOBBY): added [Owned[key=gsit.*, value=false]], removed []
[13:25:51] [Server thread/INFO]: ml_Hika15[/172.16.42.210:54058] logged in with entity id 43 at ([world]-10243.655613149993, 279.125, 5639.485371722481)
[13:26:00] [Server thread/INFO]: [ml_Hika15: Set own game mode to Survival Mode]
[13:26:02] [Server thread/INFO]: [ml_Hika15: Set own game mode to Creative Mode]
[13:26:13] [Server thread/INFO]: [Not Secure] [Server] no
[13:26:27] [Server thread/INFO]: [Not Secure] [Server] kurie
[13:26:29] [Server thread/INFO]: [Not Secure] [Server] no
[13:26:32] [Server thread/INFO]: [ml_Hika15: Set own game mode to Survival Mode]
[13:26:37] [Server thread/INFO]: Ifuto_mitai issued server command: /hub
[13:26:37] [Netty NIO IO #0/WARN]: Failed to update secure chat state for ml_Hika15: 'Chat disabled due to missing profile public key. Please try reconnecting.'
[13:26:42] [Server thread/INFO]: Ifuto_mitai issued server command: /hub
[13:26:43] [Server thread/INFO]: ml_Hika15 issued server command: /tell Ifuto_mitai why
[13:26:57] [Server thread/INFO]: ml_Hika15 issued server command: /rpaccept Ifuto_mitai
[13:26:57] [Server thread/INFO]: [NARENA] Match start kit=sword Ifuto_mitai vs ml_Hika15
[13:26:58] [luckperms-worker-2/INFO]: [NARENA] [GSit] ml_Hika15 (MATCH): added [Owned[key=GSit.SitClick, value=false]], removed [Owned[key=GSit.SitClick, value=true]]
[13:26:58] [luckperms-worker-1/INFO]: [NARENA] [GSit] Ifuto_mitai (MATCH): added [Owned[key=GSit.SitClick, value=false]], removed [Owned[key=GSit.SitClick, value=true]]
[13:26:58] [RumilancePractice-Worker-1/INFO]: Using com.sk89q.worldedit.bukkit.adapter.impl.fawe.v1_21_11.PaperweightStarlightRelighterFactory as relighter factory.
[13:27:02] [Server thread/INFO]: [NARENA] Re-pinning 1 participant(s) into arena 6bf2e2ad-61f9-4ce3-b0f7-52bccefe491e before countdown (match 2c1cb1d9-7df2-41ff-8548-58c0f3e5b50c).
[13:27:18] [Server thread/INFO]: Ifuto_mitai issued server command: /tell ml_Hika15 もうちょい帰るか
[13:27:25] [Server thread/INFO]: Ifuto_mitai issued server command: /tell ml_Hika15 今のやつ意味わかった？
[13:27:30] [Netty NIO IO #0/WARN]: Failed to update secure chat state for ml_Hika15: 'Chat disabled due to missing profile public key. Please try reconnecting.'
[13:27:32] [Netty NIO IO #0/WARN]: Failed to update secure chat state for ml_Hika15: 'Chat disabled due to missing profile public key. Please try reconnecting.'
[13:27:35] [Server thread/INFO]: ml_Hika15 issued server command: /tell Ifuto_mitai un
[13:27:41] [Server thread/INFO]: ml_Hika15 issued server command: /tell Ifuto_mitai tell sunnomendoina
[13:28:02] [Server thread/INFO]: Ifuto_mitai issued server command: /damage ml_Hika15 10 minecraft:arrow
[13:28:02] [Server thread/INFO]: [Ifuto_mitai: Applied 10.0 damage to ml_Hika15]
[13:28:04] [Server thread/INFO]: Ifuto_mitai issued server command: /damage ml_Hika15 10 minecraft:arrow
[13:28:04] [Server thread/INFO]: [Ifuto_mitai: Applied 10.0 damage to ml_Hika15]
[13:28:05] [Server thread/INFO]: Ifuto_mitai issued server command: /damage ml_Hika15 10 minecraft:arrow
[13:28:05] [Server thread/INFO]: [Ifuto_mitai: Applied 10.0 damage to ml_Hika15]
[13:28:07] [Server thread/INFO]: Ifuto_mitai issued server command: /damage ml_Hika15 10 minecraft:arrow
[13:28:07] [Server thread/INFO]: [Ifuto_mitai: Applied 10.0 damage to ml_Hika15]
[13:28:11] [User Authenticator #2/INFO]: UUID of player _qat is 81e59f3a-c724-4032-aa05-a1e8294dd057
[13:28:11] [Server thread/INFO]: _qat[/127.71.105.105:54084] logged in with entity id 51 at ([world]-10249.598970553692, 278.0, 5637.2099982064865)
[13:28:11] [luckperms-worker-1/INFO]: [NARENA] [GSit] _qat (LOBBY): added [Owned[key=gsit.*, value=false]], removed []
[13:28:13] [Server thread/INFO]: Ifuto_mitai issued server command: /damage ml_Hika15 20 minecraft:arrow
[13:28:13] [Server thread/INFO]: [Ifuto_mitai: Applied 20.0 damage to ml_Hika15]
[13:28:14] [Server thread/INFO]: Ifuto_mitai issued server command: /damage ml_Hika15 20 minecraft:arrow
[13:28:14] [Server thread/INFO]: [Ifuto_mitai: Applied 20.0 damage to ml_Hika15]
[13:28:15] [Server thread/INFO]: Ifuto_mitai issued server command: /damage ml_Hika15 20 minecraft:arrow
[13:28:15] [Server thread/INFO]: [Ifuto_mitai: Applied 20.0 damage to ml_Hika15]
[13:28:18] [Server thread/INFO]: Ifuto_mitai issued server command: /damage ml_Hika15 20 minecraft:arrow
[13:28:18] [Server thread/INFO]: [Ifuto_mitai: Applied 20.0 damage to ml_Hika15]
[13:28:18] [Server thread/WARN]: [NARENA] [N Arena][DeathBridge] revive hook failed for ml_Hika15
java.lang.NullPointerException
	at java.base/java.util.concurrent.ConcurrentHashMap.putVal(ConcurrentHashMap.java:1023) ~[?:?]
	at java.base/java.util.concurrent.ConcurrentHashMap.put(ConcurrentHashMap.java:1018) ~[?:?]
	at RumilancePractice-1.76.53.jar//com.rumilance.practice.match.MatchService.handleLethal(MatchService.java:1563) ~[?:?]
	at RumilancePractice-1.76.53.jar//com.rumilance.practice.match.MatchListener.lambda$onDeath$0(MatchListener.java:218) ~[?:?]
	at RumilancePractice-1.76.53.jar//com.rumilance.practice.combat.DeathBridge.runRuling(DeathBridge.java:148) ~[?:?]
	at RumilancePractice-1.76.53.jar//com.rumilance.practice.combat.DeathBridge.revivePlanned(DeathBridge.java:118) ~[?:?]
	at RumilancePractice-1.76.53.jar//com.rumilance.practice.combat.DeathBridge.lambda$onDeath$0(DeathBridge.java:91) ~[?:?]
	at org.bukkit.craftbukkit.scheduler.CraftTask.run(CraftTask.java:78) ~[paper-1.21.11.jar:1.21.11-131-6d5b910]
	at org.bukkit.craftbukkit.scheduler.CraftScheduler.mainThreadHeartbeat(CraftScheduler.java:474) ~[paper-1.21.11.jar:1.21.11-131-6d5b910]
	at net.minecraft.server.MinecraftServer.tickChildren(MinecraftServer.java:1756) ~[paper-1.21.11.jar:1.21.11-131-6d5b910]
	at net.minecraft.server.MinecraftServer.tickServer(MinecraftServer.java:1611) ~[paper-1.21.11.jar:1.21.11-131-6d5b910]
	at net.minecraft.server.dedicated.DedicatedServer.tickServer(DedicatedServer.java:427) ~[paper-1.21.11.jar:1.21.11-131-6d5b910]
	at net.minecraft.server.MinecraftServer.processPacketsAndTick(MinecraftServer.java:1667) ~[paper-1.21.11.jar:1.21.11-131-6d5b910]
	at net.minecraft.server.MinecraftServer.runServer(MinecraftServer.java:1335) ~[paper-1.21.11.jar:1.21.11-131-6d5b910]
	at net.minecraft.server.MinecraftServer.lambda$spin$2(MinecraftServer.java:388) ~[paper-1.21.11.jar:1.21.11-131-6d5b910]
	at java.base/java.lang.Thread.run(Thread.java:1474) ~[?:?]
[13:28:28] [Server thread/INFO]: _qat issued server command: /tell ml_Hika15 あとでチャンバーいこ
[13:28:34] [Server thread/INFO]: [me.caseload.knockbacksync.shaded.com.github.retrooper.packetevents.PacketEventsAPI] Loading block mappings for V_1_21_9/20...
[13:28:34] [Server thread/INFO]: [me.caseload.knockbacksync.shaded.com.github.retrooper.packetevents.PacketEventsAPI] Finished loading block mappings for V_1_21_9/20 in 585.7382ms
[13:28:50] [Server thread/INFO]: Ifuto_mitai issued server command: /forceend ml_Hika15
[13:28:50] [Server thread/INFO]: [NARENA] [Match] UNRANKED kit=sword players=[Ifuto_mitai, ml_Hika15] result=DRAW
[13:28:52] [luckperms-worker-2/INFO]: [NARENA] [GSit] Ifuto_mitai (LOBBY): added [Owned[key=GSit.SitClick, value=true]], removed [Owned[key=GSit.SitClick, value=false]]
[13:28:52] [luckperms-worker-1/INFO]: [NARENA] [GSit] ml_Hika15 (LOBBY): added [Owned[key=GSit.SitClick, value=true]], removed [Owned[key=GSit.SitClick, value=false]]
[13:28:57] [User Authenticator #2/INFO]: UUID of player zqzf is 1f3eae68-6bbd-45c4-9c95-67eb13981402
[13:28:57] [Server thread/INFO]: zqzf[/127.176.188.22:54098] logged in with entity id 54 at ([world]70957.07325742149, -8.786330378887502, 79051.45850223281)
[13:28:57] [luckperms-worker-2/INFO]: [NARENA] [GSit] zqzf (LOBBY): added [Owned[key=gsit.*, value=false]], removed []
[13:28:58] [Server thread/INFO]: [NARENA] zqzf keeps playing without the resource pack (declined) — text rank badges apply
[13:29:00] [Server thread/INFO]: ml_Hika15 issued server command: /tell _qat 殺さない？
[13:29:04] [Async Chat Thread - #1/INFO]: <zqzf> duel!!!
[13:29:08] [Async Chat Thread - #1/INFO]: <zqzf> 2v2しよ
[13:29:13] [Netty NIO IO #0/WARN]: Failed to update secure chat state for ml_Hika15: 'Chat disabled due to missing profile public key. Please try reconnecting.'
[13:29:15] [Netty NIO IO #0/WARN]: Failed to update secure chat state for ml_Hika15: 'Chat disabled due to missing profile public key. Please try reconnecting.'
[13:29:19] [Server thread/INFO]: [Not Secure] [Server] yowaiyo;w;
[13:29:35] [Async Chat Thread - #1/INFO]: <zqzf> qat 統合版でリア鬼
[13:29:36] [Server thread/INFO]: [Not Secure] [Server] hairinaosu
[13:29:38] [Server thread/INFO]: Ifuto_mitai lost connection: Disconnected
[13:29:43] [Async Chat Thread - #1/INFO]: <zqzf> ok
[13:29:45] [Async Chat Thread - #1/INFO]: <zqzf> mitai
[13:29:54] [User Authenticator #2/INFO]: UUID of player Ifuto_mitai is a70c1bc2-ee54-46dd-9325-3c88bbd418ed
[13:29:55] [Server thread/INFO]: Ifuto_mitai[/127.0.0.1:54124] logged in with entity id 79 at ([world]-10257.907327221337, 282.125, 5639.698592632618)
[13:30:25] [Async Chat Thread - #1/INFO]: <Ifuto_mitai> a[
[13:30:35] [Netty NIO IO #0/WARN]: Failed to update secure chat state for ml_Hika15: 'Chat disabled due to missing profile public key. Please try reconnecting.'
[13:30:47] [Server thread/INFO]: Ifuto_mitai issued server command: /afkc settings
[13:30:51] [Server thread/INFO]: ml_Hika15 issued server command: /tell Ifuto_mitai 公開発言出来ないのキツいな
[13:31:01] [Async Chat Thread - #1/INFO]: <Ifuto_mitai> sokka
[13:31:06] [Async Chat Thread - #1/INFO]: <zqzf> だれかparty作って
[13:31:17] [Server thread/INFO]: Ifuto_mitai issued server command: /hub
[13:31:34] [Server thread/INFO]: ml_Hika15 issued server command: /team join Ifuto_mitai's Team
[13:31:38] [Async Chat Thread - #1/INFO]: <Ifuto_mitai> Teamどうする？
[13:31:55] [Async Chat Thread - #1/INFO]: <zqzf> zqzf mitai vs qde ml
[13:31:59] [Async Chat Thread - #1/INFO]: <Ifuto_mitai> kit
[13:32:16] [Async Chat Thread - #1/INFO]: <_qat> um
[13:32:17] [Async Chat Thread - #1/INFO]: <zqzf> UHC
[13:32:19] [Async Chat Thread - #1/INFO]: <Ifuto_mitai> k
[13:32:21] [Async Chat Thread - #1/INFO]: <zqzf> go UHC[]
[13:32:28] [Async Chat Thread - #1/INFO]: <Ifuto_mitai> a
[13:32:30] [Async Chat Thread - #1/INFO]: <Ifuto_mitai> misutta
[13:32:35] [Server thread/INFO]: ml_Hika15 issued server command: /team join Ifuto_mitai's Team
[13:32:36] [Server thread/INFO]: ml_Hika15 issued server command: /team join Ifuto_mitai's Team
[13:33:04] [Server thread/INFO]: [NARENA] Match start kit=uhc RED=Ifuto_mitai,zqzf BLUE=_qat,ml_Hika15
[13:33:05] [luckperms-worker-8/INFO]: [NARENA] [GSit] Ifuto_mitai (MATCH): added [Owned[key=GSit.SitClick, value=false]], removed [Owned[key=GSit.SitClick, value=true]]
[13:33:05] [luckperms-worker-1/INFO]: [NARENA] [GSit] _qat (MATCH): added [Owned[key=GSit.SitClick, value=false]], removed [Owned[key=GSit.SitClick, value=true]]
[13:33:05] [luckperms-worker-9/INFO]: [NARENA] [GSit] ml_Hika15 (MATCH): added [Owned[key=GSit.SitClick, value=false]], removed [Owned[key=GSit.SitClick, value=true]]
[13:33:05] [luckperms-worker-4/INFO]: [NARENA] [GSit] zqzf (MATCH): added [Owned[key=GSit.SitClick, value=false]], removed [Owned[key=GSit.SitClick, value=true]]
[13:33:16] [Async Chat Thread - #1/INFO]: <zqzf> duel kakkoii
[13:34:27] [Server thread/INFO]: [NARENA] [Match] TEAM kit=uhc players=[Ifuto_mitai[RED], zqzf[RED], _qat[BLUE], ml_Hika15[BLUE]] result=WINNER Ifuto_mitai[RED]
[13:34:29] [Async Chat Thread - #4/INFO]: <zqzf> gg
[13:34:31] [Async Chat Thread - #4/INFO]: <_qat> sry
[13:34:31] [luckperms-worker-8/INFO]: [NARENA] [GSit] zqzf (LOBBY): added [Owned[key=GSit.SitClick, value=true]], removed [Owned[key=GSit.SitClick, value=false]]
[13:34:31] [luckperms-worker-9/INFO]: [NARENA] [GSit] ml_Hika15 (LOBBY): added [Owned[key=GSit.SitClick, value=true]], removed [Owned[key=GSit.SitClick, value=false]]
[13:34:31] [luckperms-worker-4/INFO]: [NARENA] [GSit] _qat (LOBBY): added [Owned[key=GSit.SitClick, value=true]], removed [Owned[key=GSit.SitClick, value=false]]
[13:34:31] [luckperms-worker-6/INFO]: [NARENA] [GSit] Ifuto_mitai (LOBBY): added [Owned[key=GSit.SitClick, value=true]], removed [Owned[key=GSit.SitClick, value=false]]
[13:34:34] [Async Chat Thread - #4/INFO]: <_qat> みすった、、
[13:34:36] [Async Chat Thread - #4/INFO]: <Ifuto_mitai> next kit
[13:34:38] [Netty NIO IO #0/WARN]: Failed to update secure chat state for ml_Hika15: 'Chat disabled due to missing profile public key. Please try reconnecting.'
[13:34:41] [Async Chat Thread - #4/INFO]: <Ifuto_mitai> mace?
[13:34:41] [Async Chat Thread - #4/INFO]: <_qat> n
[13:34:42] [Async Chat Thread - #4/INFO]: <_qat> pot
[13:34:43] [Async Chat Thread - #4/INFO]: <_qat> npot
[13:34:45] [Async Chat Thread - #4/INFO]: <Ifuto_mitai> pot k
[13:34:54] [Server thread/INFO]: [NARENA] Match start kit=netherite_pot RED=Ifuto_mitai,zqzf BLUE=_qat,ml_Hika15
[13:34:54] [luckperms-worker-9/INFO]: [NARENA] [GSit] ml_Hika15 (MATCH): added [Owned[key=GSit.SitClick, value=false]], removed [Owned[key=GSit.SitClick, value=true]]
[13:34:54] [luckperms-worker-1/INFO]: [NARENA] [GSit] Ifuto_mitai (MATCH): added [Owned[key=GSit.SitClick, value=false]], removed [Owned[key=GSit.SitClick, value=true]]
[13:34:54] [luckperms-worker-4/INFO]: [NARENA] [GSit] _qat (MATCH): added [Owned[key=GSit.SitClick, value=false]], removed [Owned[key=GSit.SitClick, value=true]]
[13:34:54] [luckperms-worker-6/INFO]: [NARENA] [GSit] zqzf (MATCH): added [Owned[key=GSit.SitClick, value=false]], removed [Owned[key=GSit.SitClick, value=true]]
[13:34:55] [Server thread/INFO]: [NARENA] Re-pinning 2 participant(s) into arena 3ee57b8c-928e-433e-9c64-b9236a087ec0 before countdown (match 8238e586-916a-4a23-a1e1-7759a136024b).
[13:35:07] [Async Chat Thread - #4/INFO]: <zqzf> Ifutp
[13:35:55] [Async Chat Thread - #4/INFO]: <_qat> naeta
[13:36:09] [Server thread/INFO]: [NARENA] [Match] TEAM kit=netherite_pot players=[Ifuto_mitai[RED], zqzf[RED], _qat[BLUE], ml_Hika15[BLUE]] result=WINNER Ifuto_mitai[RED]
[13:36:11] [Netty NIO IO #0/WARN]: Failed to update secure chat state for ml_Hika15: 'Chat disabled due to missing profile public key. Please try reconnecting.'
[13:36:11] [luckperms-worker-1/INFO]: [NARENA] [GSit] ml_Hika15 (LOBBY): added [Owned[key=GSit.SitClick, value=true]], removed [Owned[key=GSit.SitClick, value=false]]
[13:36:11] [luckperms-worker-3/INFO]: [NARENA] [GSit] _qat (LOBBY): added [Owned[key=GSit.SitClick, value=true]], removed [Owned[key=GSit.SitClick, value=false]]
[13:36:11] [luckperms-worker-6/INFO]: [NARENA] [GSit] zqzf (LOBBY): added [Owned[key=GSit.SitClick, value=true]], removed [Owned[key=GSit.SitClick, value=false]]
[13:36:11] [luckperms-worker-2/INFO]: [NARENA] [GSit] Ifuto_mitai (LOBBY): added [Owned[key=GSit.SitClick, value=true]], removed [Owned[key=GSit.SitClick, value=false]]
[13:36:17] [Async Chat Thread - #4/INFO]: <Ifuto_mitai> next kit
[13:36:19] [Async Chat Thread - #4/INFO]: <zqzf> cart 3v1したい
[13:36:26] [Async Chat Thread - #4/INFO]: <Ifuto_mitai> u 1?
[13:36:34] [Async Chat Thread - #4/INFO]: <zqzf> u 1?
[13:36:37] [Async Chat Thread - #4/INFO]: <zqzf> yes
[13:36:39] [Async Chat Thread - #4/INFO]: <zqzf> w
[13:36:49] [Server thread/INFO]: [NARENA] Match start kit=lt_cart RED=zqzf BLUE=Ifuto_mitai,_qat,ml_Hika15
[13:36:50] [luckperms-worker-2/INFO]: [NARENA] [GSit] ml_Hika15 (MATCH): added [Owned[key=GSit.SitClick, value=false]], removed [Owned[key=GSit.SitClick, value=true]]
[13:36:50] [luckperms-worker-1/INFO]: [NARENA] [GSit] zqzf (MATCH): added [Owned[key=GSit.SitClick, value=false]], removed [Owned[key=GSit.SitClick, value=true]]
[13:36:50] [luckperms-worker-3/INFO]: [NARENA] [GSit] _qat (MATCH): added [Owned[key=GSit.SitClick, value=false]], removed [Owned[key=GSit.SitClick, value=true]]
[13:36:50] [luckperms-worker-6/INFO]: [NARENA] [GSit] Ifuto_mitai (MATCH): added [Owned[key=GSit.SitClick, value=false]], removed [Owned[key=GSit.SitClick, value=true]]
[13:36:59] [Async Chat Thread - #4/INFO]: <zqzf> what?
[13:37:01] [Async Chat Thread - #4/INFO]: <zqzf> LT?
[13:37:06] [Async Chat Thread - #4/INFO]: <_qat> ifuto
[13:37:06] [Async Chat Thread - #4/INFO]: <Ifuto_mitai> yep
[13:37:08] [Async Chat Thread - #4/INFO]: <_qat> matte
[13:37:14] [Async Chat Thread - #4/INFO]: <zqzf> 次HT
[13:37:17] [Async Chat Thread - #4/INFO]: <Ifuto_mitai> ok
[13:38:27] [Server thread/INFO]: [NARENA] [Match] TEAM kit=lt_cart players=[zqzf[RED], Ifuto_mitai[BLUE], _qat[BLUE], ml_Hika15[BLUE]] result=WINNER Ifuto_mitai[BLUE]
[13:38:29] [luckperms-worker-1/INFO]: [NARENA] [GSit] ml_Hika15 (LOBBY): added [Owned[key=GSit.SitClick, value=true]], removed [Owned[key=GSit.SitClick, value=false]]
[13:38:29] [luckperms-worker-4/INFO]: [NARENA] [GSit] zqzf (LOBBY): added [Owned[key=GSit.SitClick, value=true]], removed [Owned[key=GSit.SitClick, value=false]]
[13:38:29] [luckperms-worker-6/INFO]: [NARENA] [GSit] _qat (LOBBY): added [Owned[key=GSit.SitClick, value=true]], removed [Owned[key=GSit.SitClick, value=false]]
[13:38:29] [luckperms-worker-10/INFO]: [NARENA] [GSit] Ifuto_mitai (LOBBY): added [Owned[key=GSit.SitClick, value=true]], removed [Owned[key=GSit.SitClick, value=false]]
[13:38:29] [Async Chat Thread - #6/INFO]: <zqzf> now
[13:38:32] [Netty NIO IO #0/WARN]: Failed to update secure chat state for ml_Hika15: 'Chat disabled due to missing profile public key. Please try reconnecting.'
[13:38:34] [Server thread/INFO]: ml_Hika15 issued server command: /tell Ifuto_mitai uo
[13:38:37] [Server thread/INFO]: [NARENA] Match start kit=ht_cart RED=zqzf BLUE=Ifuto_mitai,_qat,ml_Hika15
[13:38:37] [Async Chat Thread - #6/INFO]: <_qat> ht
[13:38:37] [luckperms-worker-1/INFO]: [NARENA] [GSit] Ifuto_mitai (MATCH): added [Owned[key=GSit.SitClick, value=false]], removed [Owned[key=GSit.SitClick, value=true]]
[13:38:37] [luckperms-worker-0/INFO]: [NARENA] [GSit] _qat (MATCH): added [Owned[key=GSit.SitClick, value=false]], removed [Owned[key=GSit.SitClick, value=true]]
[13:38:37] [luckperms-worker-4/INFO]: [NARENA] [GSit] zqzf (MATCH): added [Owned[key=GSit.SitClick, value=false]], removed [Owned[key=GSit.SitClick, value=true]]
[13:38:37] [luckperms-worker-6/INFO]: [NARENA] [GSit] ml_Hika15 (MATCH): added [Owned[key=GSit.SitClick, value=false]], removed [Owned[key=GSit.SitClick, value=true]]
[13:38:38] [Server thread/INFO]: [NARENA] Re-pinning 2 participant(s) into arena 9fb89083-0100-457f-90e8-24f8b056afb4 before countdown (match 44517963-ee35-4798-a89a-a78e71de2413).
[13:41:02] [Netty NIO IO #0/WARN]: Failed to update secure chat state for ml_Hika15: 'Chat disabled due to missing profile public key. Please try reconnecting.'
[13:42:03] [Server thread/INFO]: ml_Hika15 issued server command: /tell Ifuto_mitai トイレ行ってくる
[13:43:14] [Server thread/INFO]: ml_Hika15 issued server command: /tell Ifuto_mitai modotta
[13:44:16] [Server thread/INFO]: [NARENA] [Match] TEAM kit=ht_cart players=[zqzf[RED], Ifuto_mitai[BLUE], _qat[BLUE], ml_Hika15[BLUE]] result=WINNER zqzf[RED]
[13:44:18] [Async Chat Thread - #8/INFO]: <zqzf> gg
[13:44:21] [Netty NIO IO #0/WARN]: Failed to update secure chat state for ml_Hika15: 'Chat disabled due to missing profile public key. Please try reconnecting.'
[13:44:21] [luckperms-worker-0/INFO]: [NARENA] [GSit] Ifuto_mitai (LOBBY): added [Owned[key=GSit.SitClick, value=true]], removed [Owned[key=GSit.SitClick, value=false]]
[13:44:21] [luckperms-worker-4/INFO]: [NARENA] [GSit] _qat (LOBBY): added [Owned[key=GSit.SitClick, value=true]], removed [Owned[key=GSit.SitClick, value=false]]
[13:44:21] [luckperms-worker-1/INFO]: [NARENA] [GSit] ml_Hika15 (LOBBY): added [Owned[key=GSit.SitClick, value=true]], removed [Owned[key=GSit.SitClick, value=false]]
[13:44:21] [luckperms-worker-6/INFO]: [NARENA] [GSit] zqzf (LOBBY): added [Owned[key=GSit.SitClick, value=true]], removed [Owned[key=GSit.SitClick, value=false]]
[13:44:31] [Async Chat Thread - #8/INFO]: <zqzf> 2人がmiss
[13:44:38] [Server thread/INFO]: ml_Hika15 issued server command: /tell Ifuto_mitai これしゃべれないのどうにかならないの
[13:44:52] [Server thread/INFO]: Ifuto_mitai issued server command: /tell ml_Hika15 なってたらできてるよねぇ
[13:44:52] [Server thread/INFO]: [ml_Hika15: Set own game mode to Creative Mode]
[13:44:55] [Async Chat Thread - #8/INFO]: <_qat> spear
[13:44:56] [Server thread/INFO]: [ml_Hika15: Set own game mode to Survival Mode]
[13:44:57] [Async Chat Thread - #8/INFO]: <_qat> mase
[13:44:58] [Async Chat Thread - #8/INFO]: <Ifuto_mitai> ok
[13:45:00] [Async Chat Thread - #8/INFO]: <_qat> mace
[13:45:01] [Async Chat Thread - #8/INFO]: <Ifuto_mitai> team
[13:45:07] [Async Chat Thread - #8/INFO]: <_qat> random
[13:45:10] [Async Chat Thread - #8/INFO]: <Ifuto_mitai> ok
[13:45:13] [Async Chat Thread - #9/INFO]: <zqzf> ok
[13:45:31] [Server thread/INFO]: [NARENA] Match start kit=spear_mace RED=zqzf,ml_Hika15 BLUE=Ifuto_mitai,_qat
[13:45:31] [luckperms-worker-4/INFO]: [NARENA] [GSit] ml_Hika15 (MATCH): added [Owned[key=GSit.SitClick, value=false]], removed [Owned[key=GSit.SitClick, value=true]]
[13:45:31] [luckperms-worker-1/INFO]: [NARENA] [GSit] _qat (MATCH): added [Owned[key=GSit.SitClick, value=false]], removed [Owned[key=GSit.SitClick, value=true]]
[13:45:31] [luckperms-worker-0/INFO]: [NARENA] [GSit] Ifuto_mitai (MATCH): added [Owned[key=GSit.SitClick, value=false]], removed [Owned[key=GSit.SitClick, value=true]]
[13:45:31] [luckperms-worker-6/INFO]: [NARENA] [GSit] zqzf (MATCH): added [Owned[key=GSit.SitClick, value=false]], removed [Owned[key=GSit.SitClick, value=true]]
[13:45:33] [Server thread/INFO]: [NARENA] Re-pinning 1 participant(s) into arena 7ea3afc5-4c35-4884-b23c-203fba789134 before countdown (match c4aa9c86-2a2b-4558-b2b1-7bf3e83d6b2f).
[13:45:42] [Async Chat Thread - #9/INFO]: <_qat> mate
[13:48:05] [User Authenticator #3/INFO]: UUID of player seyanasan is d87fc5ad-ced5-4161-924c-8348c92b201a
[13:48:05] [Server thread/INFO]: seyanasan[/127.123.9.238:54450] logged in with entity id 1456 at ([world]-10260.34386686897, 285.0, 5634.699999988079)
[13:48:05] [luckperms-worker-6/INFO]: [NARENA] [GSit] seyanasan (LOBBY): added [Owned[key=gsit.*, value=false]], removed []
[13:48:18] [Async Chat Thread - #10/INFO]: <seyanasan> yo
[13:48:19] [Async Chat Thread - #10/INFO]: <_qat> 2pop
[13:48:23] [Server thread/INFO]: [seyanasan: Set own game mode to Creative Mode]
[13:48:58] [Server thread/INFO]: seyanasan issued server command: /give @s minecraft:elytra
[13:48:58] [Server thread/INFO]: [seyanasan: Gave 1 [Elytra] to seyanasan]
[13:49:19] [Server thread/INFO]: seyanasan issued server command: /give @s minecraft:firework_rocket 64
[13:49:19] [Server thread/INFO]: [seyanasan: Gave 64 [Firework Rocket] to seyanasan]
[13:49:30] [Async Chat Thread - #12/INFO]: <Ifuto_mitai> wao
[13:49:33] [Async Chat Thread - #13/INFO]: <Ifuto_mitai> いるの気づかなかった
[13:50:00] [Server thread/INFO]: [seyanasan: Set own game mode to Spectator Mode]
[13:50:19] [Server thread/INFO]: seyanasan issued server command: /hub
[13:50:46] [Netty NIO IO #0/WARN]: Failed to update secure chat state for ml_Hika15: 'Chat disabled due to missing profile public key. Please try reconnecting.'
[13:50:47] [User Authenticator #4/INFO]: UUID of player buchaso is 092a7811-df2c-40fd-bdaf-f4fffc64268b
[13:50:48] [Server thread/INFO]: buchaso[/127.254.222.130:54497] logged in with entity id 1855 at ([world]624.275718251575, 2.0, 6067.699999988079)
[13:50:48] [luckperms-worker-0/INFO]: [NARENA] [GSit] buchaso (LOBBY): added [Owned[key=gsit.*, value=false], Owned[key=GSit.SitClick, value=true]], removed []
[13:50:52] [Async Chat Thread - #14/INFO]: <Ifuto_mitai> hi
[13:51:18] [Server thread/INFO]: buchaso issued server command: /rpaccept seyanasan
[13:51:18] [Server thread/INFO]: [NARENA] Match start kit=sword seyanasan vs buchaso
[13:51:18] [luckperms-worker-0/INFO]: [NARENA] [GSit] seyanasan (MATCH): added [Owned[key=GSit.SitClick, value=false]], removed [Owned[key=GSit.SitClick, value=true]]
[13:51:18] [luckperms-worker-4/INFO]: [NARENA] [GSit] buchaso (MATCH): added [Owned[key=GSit.SitClick, value=false]], removed [Owned[key=GSit.SitClick, value=true]]
[13:51:19] [Server thread/INFO]: [NARENA] Re-pinning 1 participant(s) into arena e634b047-a832-4040-930e-687ce00af3d5 before countdown (match 56f5db7a-7954-4a15-b6d5-0a092208f8f1).
[13:51:27] [Server thread/INFO]: [Not Secure] [Server] we are fighting
[13:51:45] [Server thread/INFO]: ml_Hika15 issued server command: /tell Ifuto_mitai 今通話できる？
[13:51:50] [Server thread/INFO]: Ifuto_mitai issued server command: /tell ml_Hika15 yesser
[13:51:55] [Server thread/INFO]: [NARENA] [Match] UNRANKED kit=sword players=[seyanasan, buchaso] result=WINNER seyanasan
[13:51:55] [Server thread/INFO]: ml_Hika15 issued server command: /tell Ifuto_mitai 無言暇
[13:51:57] [Server thread/INFO]: [NARENA] Match start kit=sword seyanasan vs buchaso
[13:51:59] [Server thread/INFO]: [NARENA] Re-pinning 1 participant(s) into arena 5bb15b78-f80f-425b-9c95-e2096bb1b2d3 before countdown (match 0a429561-e2f1-45ba-8fc5-79f963758d60).
[13:52:19] [Server thread/INFO]: Ifuto_mitai issued server command: /team
[13:52:36] [Server thread/INFO]: [NARENA] [Match] UNRANKED kit=sword players=[seyanasan, buchaso] result=WINNER seyanasan
[13:52:38] [Server thread/INFO]: [NARENA] Match start kit=sword seyanasan vs buchaso
[13:52:40] [Server thread/INFO]: [NARENA] Re-pinning 2 participant(s) into arena 92a1aaff-94d1-4eef-8bf2-5f1f57d82e90 before countdown (match a59582b8-45ab-4f34-bbbf-5c916c80af0e).
[13:53:11] [Server thread/INFO]: [NARENA] [Match] UNRANKED kit=sword players=[seyanasan, buchaso] result=WINNER seyanasan
[13:53:11] [Netty NIO IO #0/WARN]: Failed to update secure chat state for ml_Hika15: 'Chat disabled due to missing profile public key. Please try reconnecting.'
[13:53:12] [Server thread/INFO]: [NARENA] Match start kit=sword seyanasan vs buchaso
[13:53:14] [Server thread/INFO]: [NARENA] Re-pinning 1 participant(s) into arena dc142a3c-1795-4b8d-8701-4805f8c68a17 before countdown (match dd59f23b-da0f-4d5a-a9bc-2e2dfcf5028d).
[13:53:14] [Server thread/INFO]: Ifuto_mitai issued server command: /matchinv a59582b8-45ab-4f34-bbbf-5c916c80af0e d87fc5ad-ced5-4161-924c-8348c92b201a
[13:53:16] [luckperms-worker-0/INFO]: [NARENA] [GSit] seyanasan (LOBBY): added [Owned[key=GSit.SitClick, value=true]], removed [Owned[key=GSit.SitClick, value=false]]
[13:53:16] [luckperms-worker-1/INFO]: [NARENA] [GSit] buchaso (LOBBY): added [Owned[key=GSit.SitClick, value=true]], removed [Owned[key=GSit.SitClick, value=false]]
[13:53:31] [Server thread/INFO]: buchaso issued server command: /rpaccept seyanasan
[13:53:31] [Server thread/INFO]: [NARENA] Match start kit=axe seyanasan vs buchaso
[13:53:31] [luckperms-worker-4/INFO]: [NARENA] [GSit] seyanasan (MATCH): added [Owned[key=GSit.SitClick, value=false]], removed [Owned[key=GSit.SitClick, value=true]]
[13:53:31] [luckperms-worker-4/INFO]: [NARENA] [GSit] buchaso (MATCH): added [Owned[key=GSit.SitClick, value=false]], removed [Owned[key=GSit.SitClick, value=true]]
[13:53:33] [Server thread/INFO]: [NARENA] Re-pinning 1 participant(s) into arena 8b338eab-73be-4203-8147-e1d1873a9c8b before countdown (match 6cbe42fd-5a1b-4496-b955-261dc8597a65).
[13:54:02] [Server thread/INFO]: Ifuto_mitai issued server command: /hub
[13:54:07] [Server thread/INFO]: [NARENA] [Match] UNRANKED kit=axe players=[seyanasan, buchaso] result=WINNER seyanasan
[13:54:09] [Server thread/INFO]: [NARENA] Match start kit=axe seyanasan vs buchaso
[13:54:15] [Async Chat Thread - #16/INFO]: <Ifuto_mitai> 一回抜けて入りなおす
[13:54:17] [Server thread/INFO]: Ifuto_mitai lost connection: Disconnected
[13:54:22] [Server thread/INFO]: ml_Hika15 lost connection: Disconnected
[13:54:30] [User Authenticator #5/INFO]: UUID of player Ifuto_mitai is a70c1bc2-ee54-46dd-9325-3c88bbd418ed
[13:54:30] [Server thread/INFO]: Ifuto_mitai[/127.0.0.1:54583] logged in with entity id 2268 at ([world]7516.024873717011, 41.56632141899853, -48386.92497763051)
[13:54:30] [luckperms-worker-4/INFO]: [NARENA] [GSit] Ifuto_mitai (LOBBY): added [Owned[key=GSit.SitClick, value=true]], removed [Owned[key=GSit.SitClick, value=false]]
[13:54:33] [User Authenticator #5/INFO]: UUID of player ml_Hika15 is d49952df-7216-4882-92e3-3d0fa7075af5
[13:54:33] [Server thread/INFO]: ml_Hika15[/172.16.42.210:54585] logged in with entity id 2275 at ([world]7480.8012526251605, 45.13117357941849, -48327.76126886133)
[13:54:33] [luckperms-worker-7/INFO]: [NARENA] [GSit] ml_Hika15 (LOBBY): added [Owned[key=GSit.SitClick, value=true]], removed [Owned[key=GSit.SitClick, value=false]]
[13:54:41] [Server thread/INFO]: [Ifuto_mitai: Set own game mode to Creative Mode]
[13:54:46] [Server thread/INFO]: [Ifuto_mitai: Set own game mode to Spectator Mode]
[13:54:47] [Server thread/INFO]: Ifuto_mitai issued server command: /hub
[13:54:48] [User Authenticator #5/INFO]: UUID of player PhantoomMC is 6f47fa20-bb0d-4aaa-b10c-1814aa62d52b
[13:54:49] [Server thread/INFO]: PhantoomMC[/127.100.192.237:54599] logged in with entity id 2295 at ([world]-10257.699999988079, 279.0, 5650.673744825437)
[13:54:49] [luckperms-worker-1/INFO]: [NARENA] [GSit] PhantoomMC (LOBBY): added [Owned[key=gsit.*, value=false]], removed []
[13:54:53] [Server thread/INFO]: [NARENA] [Match] UNRANKED kit=axe players=[seyanasan, buchaso] result=WINNER seyanasan
[13:54:55] [Server thread/INFO]: [NARENA] Match start kit=axe seyanasan vs buchaso
[13:54:57] [Server thread/INFO]: [NARENA] Re-pinning 1 participant(s) into arena b41e9ffa-df70-4e77-a61e-174b2cd87a18 before countdown (match 5df521c6-8496-4634-8da3-402f6e798125).
[13:54:59] [Server thread/INFO]: Ifuto_mitai issued server command: /spec _qat
[13:54:59] [luckperms-worker-1/INFO]: [NARENA] [GSit] Ifuto_mitai (MATCH): added [Owned[key=GSit.SitClick, value=false]], removed [Owned[key=GSit.SitClick, value=true]]
[13:55:00] [Server thread/INFO]: ml_Hika15 issued server command: /hub
[13:55:06] [Server thread/INFO]: Ifuto_mitai issued server command: /hub
[13:55:06] [luckperms-worker-1/INFO]: [NARENA] [GSit] Ifuto_mitai (LOBBY): added [Owned[key=GSit.SitClick, value=true]], removed [Owned[key=GSit.SitClick, value=false]]
[13:55:14] [luckperms-worker-7/INFO]: [NARENA] [GSit] ml_Hika15 (MATCH): added [Owned[key=GSit.SitClick, value=false]], removed [Owned[key=GSit.SitClick, value=true]]
[13:55:15] [Server thread/INFO]: Ifuto_mitai issued server command: /spec zqzf
[13:55:16] [luckperms-worker-7/INFO]: [NARENA] [GSit] Ifuto_mitai (MATCH): added [Owned[key=GSit.SitClick, value=false]], removed [Owned[key=GSit.SitClick, value=true]]
[13:55:20] [Server thread/INFO]: ml_Hika15 issued server command: /tp Ifuto_mitai
[13:55:20] [Server thread/INFO]: [ml_Hika15: Teleported ml_Hika15 to Ifuto_mitai]
[13:55:28] [Server thread/INFO]: [NARENA] [Match] UNRANKED kit=axe players=[seyanasan, buchaso] result=WINNER seyanasan
[13:55:30] [Server thread/INFO]: [NARENA] Match start kit=axe seyanasan vs buchaso
[13:55:33] [Server thread/INFO]: Ifuto_mitai issued server command: /matchinv 5df521c6-8496-4634-8da3-402f6e798125 d87fc5ad-ced5-4161-924c-8348c92b201a
[13:55:41] [Server thread/INFO]: [NARENA] [Match] TEAM kit=spear_mace players=[zqzf[RED], ml_Hika15[RED], Ifuto_mitai[BLUE], _qat[BLUE]] result=WINNER _qat[BLUE] (disconnect forfeit)
[13:55:41] [luckperms-worker-0/INFO]: [NARENA] [GSit] Ifuto_mitai (LOBBY): added [Owned[key=GSit.SitClick, value=true]], removed [Owned[key=GSit.SitClick, value=false]]
[13:55:41] [luckperms-worker-10/INFO]: [NARENA] [GSit] ml_Hika15 (LOBBY): added [Owned[key=GSit.SitClick, value=true]], removed [Owned[key=GSit.SitClick, value=false]]
[13:55:46] [luckperms-worker-0/INFO]: [NARENA] [GSit] zqzf (LOBBY): added [Owned[key=GSit.SitClick, value=true]], removed [Owned[key=GSit.SitClick, value=false]]
[13:55:46] [luckperms-worker-4/INFO]: [NARENA] [GSit] _qat (LOBBY): added [Owned[key=GSit.SitClick, value=true]], removed [Owned[key=GSit.SitClick, value=false]]
[13:55:49] [Server thread/INFO]: [Ifuto_mitai: Set own game mode to Creative Mode]
[13:55:54] [Server thread/INFO]: PhantoomMC lost connection: Disconnected
[13:55:55] [Async Chat Thread - #18/INFO]: <zqzf> Phantoom
[13:55:56] [Async Chat Thread - #18/INFO]: <zqzf> a
[13:56:00] [Server thread/INFO]: Ifuto_mitai issued server command: /tp @s ~10000 ~ ~
[13:56:00] [Server thread/INFO]: [Ifuto_mitai: Teleported Ifuto_mitai to -256.299396, 281.782719, 5645.203269]
[13:56:04] [Server thread/INFO]: [ml_Hika15: Set own game mode to Survival Mode]
[13:56:05] [Server thread/INFO]: [ml_Hika15: Set own game mode to Creative Mode]
[13:56:06] [Server thread/INFO]: Ifuto_mitai issued server command: /tp ml_Hika15 Ifuto_mitai
[13:56:06] [Server thread/INFO]: [Ifuto_mitai: Teleported ml_Hika15 to Ifuto_mitai]
[13:56:13] [Server thread/INFO]: Ifuto_mitai issued server command: /testarena spawn
[13:56:19] [Server thread/INFO]: Ifuto_mitai issued server command: /testarena delete
[13:56:20] [Server thread/INFO]: [NARENA] [Match] UNRANKED kit=axe players=[seyanasan, buchaso] result=WINNER seyanasan
[13:56:22] [Server thread/INFO]: [NARENA] Match start kit=axe seyanasan vs buchaso
[13:56:22] [Server thread/INFO]: Ifuto_mitai issued server command: /testarena spawn
[13:56:26] [luckperms-worker-10/INFO]: [NARENA] [GSit] buchaso (LOBBY): added [Owned[key=GSit.SitClick, value=true]], removed [Owned[key=GSit.SitClick, value=false]]
[13:56:26] [luckperms-worker-0/INFO]: [NARENA] [GSit] seyanasan (LOBBY): added [Owned[key=GSit.SitClick, value=true]], removed [Owned[key=GSit.SitClick, value=false]]
[13:56:31] [Async Chat Thread - #18/INFO]: <_qat> nextttt
[13:56:39] [Server thread/INFO]: _qat issued server command: /p invite seyanasan
[13:56:44] [Server thread/INFO]: _qat issued server command: /p invite ml_Hika15
[13:56:47] [Server thread/INFO]: buchaso issued server command: /rpaccept seyanasan
[13:56:47] [Server thread/INFO]: [NARENA] Match start kit=uhc seyanasan vs buchaso
[13:56:47] [Server thread/INFO]: ml_Hika15 issued server command: /team join _qat's Team
[13:56:47] [luckperms-worker-0/INFO]: [NARENA] [GSit] seyanasan (MATCH): added [Owned[key=GSit.SitClick, value=false]], removed [Owned[key=GSit.SitClick, value=true]]
[13:56:47] [luckperms-worker-4/INFO]: [NARENA] [GSit] buchaso (MATCH): added [Owned[key=GSit.SitClick, value=false]], removed [Owned[key=GSit.SitClick, value=true]]
[13:56:48] [Server thread/INFO]: [NARENA] Re-pinning 1 participant(s) into arena 241dd8c4-7d14-492e-83d2-dbfa9c1e301f before countdown (match 2bb42e3b-bf04-48ac-8c42-5c506768f7b7).
[13:56:52] [Server thread/INFO]: _qat issued server command: /p invite Ifuto_mitai
[13:57:10] [Server thread/INFO]: _qat issued server command: /p invite zqzf
[13:57:12] [Server thread/INFO]: zqzf issued server command: /team join _qat's Team
[13:57:17] [Async Chat Thread - #18/INFO]: <_qat> ifutoo
[13:57:20] [Server thread/INFO]: Ifuto_mitai issued server command: /spec _qat Ifuto_mitai
[13:57:21] [Async Chat Thread - #18/INFO]: <_qat> はいって
[13:57:26] [Server thread/INFO]: Ifuto_mitai issued server command: /team join _qat's Team
[13:57:28] [Async Chat Thread - #18/INFO]: <Ifuto_mitai> いっかい
[13:57:29] [Async Chat Thread - #18/INFO]: <zqzf> mitai haitte
[13:57:33] [Server thread/INFO]: Ifuto_mitai issued server command: /tp _qat Ifuto_mitai
[13:57:33] [Server thread/INFO]: [Ifuto_mitai: Teleported _qat to Ifuto_mitai]
[13:57:37] [Async Chat Thread - #18/INFO]: <Ifuto_mitai> ここ
[13:57:39] [Server thread/INFO]: [NARENA] Match start kit=mace RED=ml_Hika15,zqzf BLUE=_qat,Ifuto_mitai
[13:57:39] [luckperms-worker-0/INFO]: [NARENA] [GSit] ml_Hika15 (MATCH): added [Owned[key=GSit.SitClick, value=false]], removed [Owned[key=GSit.SitClick, value=true]]
[13:57:39] [luckperms-worker-7/INFO]: [NARENA] [GSit] Ifuto_mitai (MATCH): added [Owned[key=GSit.SitClick, value=false]], removed [Owned[key=GSit.SitClick, value=true]]
[13:57:39] [luckperms-worker-4/INFO]: [NARENA] [GSit] zqzf (MATCH): added [Owned[key=GSit.SitClick, value=false]], removed [Owned[key=GSit.SitClick, value=true]]
[13:57:39] [luckperms-worker-10/INFO]: [NARENA] [GSit] _qat (MATCH): added [Owned[key=GSit.SitClick, value=false]], removed [Owned[key=GSit.SitClick, value=true]]
[13:57:40] [Server thread/INFO]: [NARENA] Re-pinning 4 participant(s) into arena 13968551-e492-4226-9eaf-f4bb89a0dcd3 before countdown (match 1c9f2c39-cf11-4ab2-8a83-e814925c8cbd).
[13:59:03] [User Authenticator #6/INFO]: UUID of player yamanoko_ is 40bec237-1792-4786-bc17-e15192f3d7cb
[13:59:07] [luckperms-worker-7/INFO]: [NARENA] [GSit] yamanoko_ (LOBBY): added [Owned[key=gsit.*, value=false]], removed []
[13:59:07] [Server thread/INFO]: yamanoko_[/127.101.188.117:54693] logged in with entity id 2603 at ([world]60395.54558945739, -51.07840000152588, 59994.766562934106)
[13:59:14] [Server thread/INFO]: [NARENA] [Match] UNRANKED kit=uhc players=[seyanasan, buchaso] result=WINNER buchaso
[13:59:17] [Server thread/INFO]: [NARENA] Match start kit=uhc seyanasan vs buchaso
[13:59:19] [Server thread/INFO]: [NARENA] Re-pinning 1 participant(s) into arena 2ff53ae3-6d2d-4408-bcd1-9d3b5089c1c4 before countdown (match ab0a8718-d801-4f15-9064-b7777cf1899e).
[13:59:30] [luckperms-worker-4/INFO]: [NARENA] [GSit] yamanoko_ (MATCH): added [Owned[key=GSit.SitClick, value=false]], removed [Owned[key=GSit.SitClick, value=true]]
[14:00:53] [Server thread/INFO]: [NARENA] [Match] UNRANKED kit=uhc players=[seyanasan, buchaso] result=WINNER seyanasan
[14:00:56] [Server thread/INFO]: [NARENA] Match start kit=uhc seyanasan vs buchaso
[14:02:15] [Server thread/INFO]: [NARENA] [Match] UNRANKED kit=uhc players=[seyanasan, buchaso] result=WINNER seyanasan
[14:02:15] [luckperms-worker-4/INFO]: [NARENA] [GSit] seyanasan (LOBBY): added [Owned[key=GSit.SitClick, value=true]], removed [Owned[key=GSit.SitClick, value=false]]
[14:02:15] [luckperms-worker-0/INFO]: [NARENA] [GSit] buchaso (LOBBY): added [Owned[key=GSit.SitClick, value=true]], removed [Owned[key=GSit.SitClick, value=false]]
[14:02:15] [luckperms-worker-7/INFO]: [NARENA] [GSit] yamanoko_ (LOBBY): added [Owned[key=GSit.SitClick, value=true]], removed [Owned[key=GSit.SitClick, value=false]]
[14:02:39] [Server thread/INFO]: buchaso issued server command: /rpaccept seyanasan
[14:02:39] [Server thread/INFO]: [NARENA] Match start kit=smp seyanasan vs buchaso
[14:02:39] [luckperms-worker-0/INFO]: [NARENA] [GSit] seyanasan (MATCH): added [Owned[key=GSit.SitClick, value=false]], removed [Owned[key=GSit.SitClick, value=true]]
[14:02:39] [luckperms-worker-10/INFO]: [NARENA] [GSit] buchaso (MATCH): added [Owned[key=GSit.SitClick, value=false]], removed [Owned[key=GSit.SitClick, value=true]]
[14:02:40] [Server thread/INFO]: [seyanasan: Set own game mode to Spectator Mode]
[14:02:41] [Server thread/INFO]: [NARENA] Re-pinning 2 participant(s) into arena 0099bd47-d348-4338-9489-6b10901a2796 before countdown (match eb9f2754-1ce0-4fa6-be85-d58b62e3f7bd).
[14:03:01] [Notification Thread/WARN]: [com.fastasyncworldedit.core.Fawe] High memory usage detected, FAWE will attempt to slow operations to prevent a crash.
[14:03:59] [Server thread/ERROR]: [NARENA] [Quantum] HeroBot spawn failed for profile NARENA_BOT_09afb at Location{world=CraftWorld{name=world},x=-10250.199999988079,y=280.0,z=5639.356498610396,pitch=0.0,yaw=0.0}
java.lang.UnsupportedOperationException
	at com.google.common.collect.ImmutableMultimap.put(ImmutableMultimap.java:508) ~[guava-33.5.0-jre.jar:?]
	at com.google.common.collect.ForwardingMultimap.put(ForwardingMultimap.java:102) ~[guava-33.5.0-jre.jar:?]
	at RumilancePractice-1.76.53.jar//com.rumilance.practice.herobot.HeroBotRegistry.spawn(HeroBotRegistry.java:118) ~[?:?]
	at RumilancePractice-1.76.53.jar//com.rumilance.practice.herobot.HeroBotRegistry.spawn(HeroBotRegistry.java:90) ~[?:?]
	at RumilancePractice-1.76.53.jar//com.rumilance.practice.quantum.QuantumRuntime.spawnBot(QuantumRuntime.java:710) ~[?:?]
	at RumilancePractice-1.76.53.jar//com.rumilance.practice.gui.menus.PracticeBotSelectGui.handleClick(PracticeBotSelectGui.java:220) ~[?:?]
	at RumilancePractice-1.76.53.jar//com.rumilance.practice.gui.GuiListener.clickSafely(GuiListener.java:267) ~[?:?]
	at RumilancePractice-1.76.53.jar//com.rumilance.practice.gui.GuiListener.dispatchTopClick(GuiListener.java:327) ~[?:?]
	at RumilancePractice-1.76.53.jar//com.rumilance.practice.gui.GuiListener.onClick(GuiListener.java:252) ~[?:?]
	at co.aikar.timings.TimedEventExecutor.execute(TimedEventExecutor.java:80) ~[paper-api-1.21.11-R0.1-SNAPSHOT.jar:?]
	at org.bukkit.plugin.RegisteredListener.callEvent(RegisteredListener.java:71) ~[paper-api-1.21.11-R0.1-SNAPSHOT.jar:?]
	at io.papermc.paper.plugin.manager.PaperEventManager.callEvent(PaperEventManager.java:54) ~[paper-1.21.11.jar:1.21.11-131-6d5b910]
	at io.papermc.paper.plugin.manager.PaperPluginManagerImpl.callEvent(PaperPluginManagerImpl.java:131) ~[paper-1.21.11.jar:1.21.11-131-6d5b910]
	at org.bukkit.plugin.SimplePluginManager.callEvent(SimplePluginManager.java:628) ~[paper-api-1.21.11-R0.1-SNAPSHOT.jar:?]
	at net.minecraft.server.network.ServerGamePacketListenerImpl.handleContainerClick(ServerGamePacketListenerImpl.java:3297) ~[paper-1.21.11.jar:1.21.11-131-6d5b910]
	at net.minecraft.network.protocol.game.ServerboundContainerClickPacket.handle(ServerboundContainerClickPacket.java:59) ~[paper-1.21.11.jar:1.21.11-131-6d5b910]
	at net.minecraft.network.protocol.game.ServerboundContainerClickPacket.handle(ServerboundContainerClickPacket.java:14) ~[paper-1.21.11.jar:1.21.11-131-6d5b910]
	at net.minecraft.network.PacketProcessor$ListenerAndPacket.handle(PacketProcessor.java:99) ~[paper-1.21.11.jar:1.21.11-131-6d5b910]
	at net.minecraft.network.PacketProcessor.executeSinglePacket(PacketProcessor.java:33) ~[paper-1.21.11.jar:1.21.11-131-6d5b910]
	at net.minecraft.server.MinecraftServer.runAllTasksAtTickStart(MinecraftServer.java:1180) ~[paper-1.21.11.jar:1.21.11-131-6d5b910]
	at net.minecraft.server.MinecraftServer.processPacketsAndTick(MinecraftServer.java:1666) ~[paper-1.21.11.jar:1.21.11-131-6d5b910]
	at net.minecraft.server.MinecraftServer.runServer(MinecraftServer.java:1335) ~[paper-1.21.11.jar:1.21.11-131-6d5b910]
	at net.minecraft.server.MinecraftServer.lambda$spin$2(MinecraftServer.java:388) ~[paper-1.21.11.jar:1.21.11-131-6d5b910]
	at java.base/java.lang.Thread.run(Thread.java:1474) ~[?:?]
[14:04:06] [luckperms-worker-14/INFO]: [NARENA] [GSit] yamanoko_ (MATCH): added [Owned[key=GSit.SitClick, value=false]], removed [Owned[key=GSit.SitClick, value=true]]
[14:04:16] [Server thread/INFO]: [yamanoko_: Set own game mode to Creative Mode]
[14:04:19] [Server thread/INFO]: [yamanoko_: Set own game mode to Spectator Mode]
[14:04:35] [Server thread/INFO]: zqzf lost connection: Disconnected
[14:04:36] [Server thread/INFO]: [NARENA] [Match] UNRANKED kit=smp players=[seyanasan, buchaso] result=WINNER seyanasan
[14:04:37] [Server thread/INFO]: [NARENA] Match start kit=smp seyanasan vs buchaso
[14:04:40] [User Authenticator #7/INFO]: UUID of player zqzf is 1f3eae68-6bbd-45c4-9c95-67eb13981402
[14:04:40] [luckperms-worker-13/INFO]: [NARENA] [GSit] zqzf (LOBBY): added [Owned[key=GSit.SitClick, value=true]], removed [Owned[key=GSit.SitClick, value=false]]
[14:04:40] [Server thread/INFO]: zqzf[/127.176.188.22:54793] logged in with entity id 3247 at ([world]-37052.789154684106, 24.11759293784915, -93822.8166686205)
[14:04:41] [Server thread/INFO]: [NARENA] zqzf keeps playing without the resource pack (declined) — text rank badges apply
[14:04:42] [Server thread/INFO]: yamanoko_ issued server command: /spawn
[14:04:43] [luckperms-worker-13/INFO]: [NARENA] [GSit] yamanoko_ (LOBBY): added [Owned[key=GSit.SitClick, value=true]], removed [Owned[key=GSit.SitClick, value=false]]
[14:05:21] [Server thread/INFO]: [NARENA] [Match] UNRANKED kit=smp players=[seyanasan, buchaso] result=WINNER seyanasan
[14:05:23] [Server thread/INFO]: [NARENA] Match start kit=smp seyanasan vs buchaso
[14:05:26] [Server thread/INFO]: [NARENA] Re-pinning 1 participant(s) into arena 63a5ce05-5306-40b5-b268-5dcba703833e before countdown (match d2e95550-1380-4025-af0f-099b96b480ef).
[14:05:44] [User Authenticator #8/INFO]: UUID of player Aslqz_ is 4f76f8cf-4b8a-4df8-83b5-cc3c968b331f
[14:05:45] [Server thread/INFO]: Aslqz_[/127.122.118.47:54818] logged in with entity id 3331 at ([world]-644.8135542666718, 19.0, 89.14344380295849)
[14:05:45] [luckperms-worker-13/INFO]: [NARENA] [GSit] Aslqz_ (LOBBY): added [Owned[key=gsit.*, value=false]], removed []
[14:05:45] [Async Chat Thread - #22/INFO]: <zqzf> seyanachan vc
[14:05:50] [Async Chat Thread - #22/INFO]: <yamanoko_> axe q
[14:06:05] [Server thread/INFO]: [NARENA] [Match] TEAM kit=mace players=[ml_Hika15[RED], zqzf[RED], _qat[BLUE], Ifuto_mitai[BLUE]] result=WINNER _qat[BLUE] (disconnect forfeit)
[14:06:09] [Netty NIO IO #0/WARN]: Failed to update secure chat state for ml_Hika15: 'Chat disabled due to missing profile public key. Please try reconnecting.'
[14:06:10] [luckperms-worker-11/INFO]: [NARENA] [GSit] _qat (LOBBY): added [Owned[key=GSit.SitClick, value=true]], removed [Owned[key=GSit.SitClick, value=false]]
[14:06:10] [luckperms-worker-13/INFO]: [NARENA] [GSit] Ifuto_mitai (LOBBY): added [Owned[key=GSit.SitClick, value=true]], removed [Owned[key=GSit.SitClick, value=false]]
[14:06:10] [luckperms-worker-14/INFO]: [NARENA] [GSit] ml_Hika15 (LOBBY): added [Owned[key=GSit.SitClick, value=true]], removed [Owned[key=GSit.SitClick, value=false]]
[14:06:14] [Server thread/ERROR]: [NARENA] [Quantum] HeroBot spawn failed for profile NARENA_BOT_09afc at Location{world=CraftWorld{name=world},x=-10242.763028236199,y=276.125,z=5643.318738239201,pitch=0.0,yaw=0.0}
java.lang.UnsupportedOperationException
	at com.google.common.collect.ImmutableMultimap.put(ImmutableMultimap.java:508) ~[guava-33.5.0-jre.jar:?]
	at com.google.common.collect.ForwardingMultimap.put(ForwardingMultimap.java:102) ~[guava-33.5.0-jre.jar:?]
	at RumilancePractice-1.76.53.jar//com.rumilance.practice.herobot.HeroBotRegistry.spawn(HeroBotRegistry.java:118) ~[?:?]
	at RumilancePractice-1.76.53.jar//com.rumilance.practice.herobot.HeroBotRegistry.spawn(HeroBotRegistry.java:90) ~[?:?]
	at RumilancePractice-1.76.53.jar//com.rumilance.practice.quantum.QuantumRuntime.spawnBot(QuantumRuntime.java:710) ~[?:?]
	at RumilancePractice-1.76.53.jar//com.rumilance.practice.gui.menus.PracticeBotSelectGui.handleClick(PracticeBotSelectGui.java:220) ~[?:?]
	at RumilancePractice-1.76.53.jar//com.rumilance.practice.gui.GuiListener.clickSafely(GuiListener.java:267) ~[?:?]
	at RumilancePractice-1.76.53.jar//com.rumilance.practice.gui.GuiListener.dispatchTopClick(GuiListener.java:327) ~[?:?]
	at RumilancePractice-1.76.53.jar//com.rumilance.practice.gui.GuiListener.onClick(GuiListener.java:252) ~[?:?]
	at co.aikar.timings.TimedEventExecutor.execute(TimedEventExecutor.java:80) ~[paper-api-1.21.11-R0.1-SNAPSHOT.jar:?]
	at org.bukkit.plugin.RegisteredListener.callEvent(RegisteredListener.java:71) ~[paper-api-1.21.11-R0.1-SNAPSHOT.jar:?]
	at io.papermc.paper.plugin.manager.PaperEventManager.callEvent(PaperEventManager.java:54) ~[paper-1.21.11.jar:1.21.11-131-6d5b910]
	at io.papermc.paper.plugin.manager.PaperPluginManagerImpl.callEvent(PaperPluginManagerImpl.java:131) ~[paper-1.21.11.jar:1.21.11-131-6d5b910]
	at org.bukkit.plugin.SimplePluginManager.callEvent(SimplePluginManager.java:628) ~[paper-api-1.21.11-R0.1-SNAPSHOT.jar:?]
	at net.minecraft.server.network.ServerGamePacketListenerImpl.handleContainerClick(ServerGamePacketListenerImpl.java:3297) ~[paper-1.21.11.jar:1.21.11-131-6d5b910]
	at net.minecraft.network.protocol.game.ServerboundContainerClickPacket.handle(ServerboundContainerClickPacket.java:59) ~[paper-1.21.11.jar:1.21.11-131-6d5b910]
	at net.minecraft.network.protocol.game.ServerboundContainerClickPacket.handle(ServerboundContainerClickPacket.java:14) ~[paper-1.21.11.jar:1.21.11-131-6d5b910]
	at net.minecraft.network.PacketProcessor$ListenerAndPacket.handle(PacketProcessor.java:99) ~[paper-1.21.11.jar:1.21.11-131-6d5b910]
	at net.minecraft.network.PacketProcessor.executeSinglePacket(PacketProcessor.java:33) ~[paper-1.21.11.jar:1.21.11-131-6d5b910]
	at net.minecraft.server.MinecraftServer.pollTask(MinecraftServer.java:1499) ~[paper-1.21.11.jar:1.21.11-131-6d5b910]
	at net.minecraft.server.MinecraftServer.recordTaskExecutionTimeWhileWaiting(MinecraftServer.java:1225) ~[paper-1.21.11.jar:1.21.11-131-6d5b910]
	at net.minecraft.server.MinecraftServer.runServer(MinecraftServer.java:1341) ~[paper-1.21.11.jar:1.21.11-131-6d5b910]
	at net.minecraft.server.MinecraftServer.lambda$spin$2(MinecraftServer.java:388) ~[paper-1.21.11.jar:1.21.11-131-6d5b910]
	at java.base/java.lang.Thread.run(Thread.java:1474) ~[?:?]
[14:06:15] [Async Chat Thread - #22/INFO]: <Ifuto_mitai> minna
[14:06:16] [User Authenticator #8/INFO]: UUID of player RiaAkiRuka is 75d72ec5-564b-4c40-a25b-d3434b52a970
[14:06:16] [Server thread/INFO]: RiaAkiRuka[/127.239.233.182:54836] logged in with entity id 3380 at ([world]-10237.222880620831, 276.28131047879816, 5642.369226094356)
[14:06:16] [luckperms-worker-13/INFO]: [NARENA] [GSit] RiaAkiRuka (LOBBY): added [Owned[key=gsit.*, value=false]], removed []
[14:06:18] [Async Chat Thread - #22/INFO]: <Ifuto_mitai> syoutaisiyo
[14:06:25] [Server thread/INFO]: yamanoko_ issued server command: /team join _qat's Team
[14:06:26] [Server thread/INFO]: yamanoko_ issued server command: /team join _qat's Team
[14:06:27] [Server thread/INFO]: yamanoko_ issued server command: /team join _qat's Team
[14:06:27] [Async Chat Thread - #22/INFO]: <Ifuto_mitai> Team yaroze-
[14:06:30] [Server thread/INFO]: Aslqz_ issued server command: /team join _qat's Team
[14:06:35] [Server thread/INFO]: yamanoko_ issued server command: /team join _qat's Team
[14:06:35] [Server thread/INFO]: [NARENA] [Match] UNRANKED kit=smp players=[seyanasan, buchaso] result=WINNER seyanasan
[14:06:38] [Server thread/INFO]: [NARENA] Match start kit=smp seyanasan vs buchaso
[14:06:40] [Async Chat Thread - #22/INFO]: <zqzf> dare?
[14:06:42] [Async Chat Thread - #22/INFO]: <_qat> riaさんもやろ
[14:06:50] [User Authenticator #8/INFO]: UUID of player AsLuqz_ is b7d28ce6-0c4c-434e-a385-904f686b7ef4
[14:06:51] [Server thread/INFO]: AsLuqz_[/127.14.73.188:54857] logged in with entity id 3391 at ([world]-10024.065854718167, 342.36905065159544, 5407.747153021028)
[14:06:51] [luckperms-worker-13/INFO]: [NARENA] [GSit] AsLuqz_ (LOBBY): added [Owned[key=gsit.*, value=false]], removed []
[14:06:57] [Async Chat Thread - #22/INFO]: <Ifuto_mitai> 似非いるよ
[14:06:58] [Async Chat Thread - #22/INFO]: <Ifuto_mitai> えせ
[14:07:03] [Async Chat Thread - #22/INFO]: <yamanoko_> all member party
[14:07:07] [Async Chat Thread - #22/INFO]: <seyanasan> aslqz kusa
[14:07:08] [Async Chat Thread - #22/INFO]: <AsLuqz_> zettai ta
[14:07:10] [Async Chat Thread - #22/INFO]: <AsLuqz_> 95%
[14:07:13] [Async Chat Thread - #22/INFO]: <Ifuto_mitai> AsLuqz_とAslqz_いるのくさ
[14:07:14] [Async Chat Thread - #22/INFO]: <RiaAkiRuka> naze o-na-??
[14:07:19] [Server thread/INFO]: AsLuqz_ issued server command: /team join _qat's Team
[14:07:21] [Async Chat Thread - #22/INFO]: <Ifuto_mitai> OPあると
[14:07:26] [Server thread/INFO]: AsLuqz_ issued server command: /gamemode creative
[14:07:26] [Server thread/INFO]: [AsLuqz_: Set own game mode to Creative Mode]
[14:07:26] [Server thread/INFO]: [yamanoko_: Set own game mode to Survival Mode]
[14:07:27] [Server thread/INFO]: [yamanoko_: Set own game mode to Adventure Mode]
[14:07:30] [Async Chat Thread - #22/INFO]: <_qat> riaさん
[14:07:32] [Async Chat Thread - #22/INFO]: <Ifuto_mitai> 表記がそうなっちゃう
[14:07:34] [Async Chat Thread - #22/INFO]: <_qat> きて
[14:07:36] [Async Chat Thread - #22/INFO]: <RiaAkiRuka> ane
[14:07:40] [Server thread/WARN]: [NARENA] [N Arena][DeathBridge] revive hook failed for buchaso
java.lang.NullPointerException
	at java.base/java.util.concurrent.ConcurrentHashMap.putVal(ConcurrentHashMap.java:1023) ~[?:?]
	at java.base/java.util.concurrent.ConcurrentHashMap.put(ConcurrentHashMap.java:1018) ~[?:?]
	at RumilancePractice-1.76.53.jar//com.rumilance.practice.match.MatchService.handleLethal(MatchService.java:1563) ~[?:?]
	at RumilancePractice-1.76.53.jar//com.rumilance.practice.match.MatchListener.lambda$onDeath$0(MatchListener.java:218) ~[?:?]
	at RumilancePractice-1.76.53.jar//com.rumilance.practice.combat.DeathBridge.runRuling(DeathBridge.java:148) ~[?:?]
	at RumilancePractice-1.76.53.jar//com.rumilance.practice.combat.DeathBridge.revivePlanned(DeathBridge.java:118) ~[?:?]
	at RumilancePractice-1.76.53.jar//com.rumilance.practice.combat.DeathBridge.lambda$onDeath$0(DeathBridge.java:91) ~[?:?]
	at org.bukkit.craftbukkit.scheduler.CraftTask.run(CraftTask.java:78) ~[paper-1.21.11.jar:1.21.11-131-6d5b910]
	at org.bukkit.craftbukkit.scheduler.CraftScheduler.mainThreadHeartbeat(CraftScheduler.java:474) ~[paper-1.21.11.jar:1.21.11-131-6d5b910]
	at net.minecraft.server.MinecraftServer.tickChildren(MinecraftServer.java:1756) ~[paper-1.21.11.jar:1.21.11-131-6d5b910]
	at net.minecraft.server.MinecraftServer.tickServer(MinecraftServer.java:1611) ~[paper-1.21.11.jar:1.21.11-131-6d5b910]
	at net.minecraft.server.dedicated.DedicatedServer.tickServer(DedicatedServer.java:427) ~[paper-1.21.11.jar:1.21.11-131-6d5b910]
	at net.minecraft.server.MinecraftServer.processPacketsAndTick(MinecraftServer.java:1667) ~[paper-1.21.11.jar:1.21.11-131-6d5b910]
	at net.minecraft.server.MinecraftServer.runServer(MinecraftServer.java:1335) ~[paper-1.21.11.jar:1.21.11-131-6d5b910]
	at net.minecraft.server.MinecraftServer.lambda$spin$2(MinecraftServer.java:388) ~[paper-1.21.11.jar:1.21.11-131-6d5b910]
	at java.base/java.lang.Thread.run(Thread.java:1474) ~[?:?]
[14:07:45] [Async Chat Thread - #22/INFO]: <yamanoko_> ./ban riaakiruka ...
[14:07:49] [Server thread/INFO]: Ifuto_mitai issued server command: /rank Ifuto_mitai owner
[14:07:52] [Server thread/INFO]: AsLuqz_ issued server command: /spawn
[14:07:54] [Server thread/INFO]: [NARENA] Match start kit=spear_mace RED=ml_Hika15,zqzf,Aslqz_,RiaAkiRuka BLUE=_qat,Ifuto_mitai,yamanoko_,AsLuqz_
[14:07:55] [luckperms-worker-12/INFO]: [NARENA] [GSit] _qat (MATCH): added [Owned[key=GSit.SitClick, value=false]], removed [Owned[key=GSit.SitClick, value=true]]
[14:07:55] [luckperms-worker-12/INFO]: [NARENA] [GSit] Aslqz_ (MATCH): added [Owned[key=GSit.SitClick, value=false]], removed [Owned[key=GSit.SitClick, value=true]]
[14:07:55] [luckperms-worker-8/INFO]: [NARENA] [GSit] AsLuqz_ (MATCH): added [Owned[key=GSit.SitClick, value=false]], removed [Owned[key=GSit.SitClick, value=true]]
[14:07:55] [luckperms-worker-0/INFO]: [NARENA] [GSit] zqzf (MATCH): added [Owned[key=GSit.SitClick, value=false]], removed [Owned[key=GSit.SitClick, value=true]]
[14:07:55] [luckperms-worker-9/INFO]: [NARENA] [GSit] RiaAkiRuka (MATCH): added [Owned[key=GSit.SitClick, value=false]], removed [Owned[key=GSit.SitClick, value=true]]
[14:07:55] [luckperms-worker-14/INFO]: [NARENA] [GSit] ml_Hika15 (MATCH): added [Owned[key=GSit.SitClick, value=false]], removed [Owned[key=GSit.SitClick, value=true]]
[14:07:55] [luckperms-worker-4/INFO]: [NARENA] [GSit] yamanoko_ (MATCH): added [Owned[key=GSit.SitClick, value=false]], removed [Owned[key=GSit.SitClick, value=true]]
[14:07:55] [luckperms-worker-13/INFO]: [NARENA] [GSit] Ifuto_mitai (MATCH): added [Owned[key=GSit.SitClick, value=false]], removed [Owned[key=GSit.SitClick, value=true]]
[14:07:56] [Server thread/INFO]: [NARENA] Re-pinning 1 participant(s) into arena 2d54cd40-bbf1-4f1f-8c73-1bd06ed1656a before countdown (match 39857b0d-b443-48f8-bcc0-9711fb78303b).
[14:09:15] [Async Chat Thread - #24/INFO]: <seyanasan> ha
[14:09:37] [Async Chat Thread - #24/INFO]: <Ifuto_mitai> lagg
[14:09:41] [Async Chat Thread - #24/INFO]: <seyanasan> ihuto
[14:10:38] [Async Chat Thread - #24/INFO]: <Ifuto_mitai> ;w;
[14:14:37] [User Authenticator #9/INFO]: UUID of player Kawasy_o0 is e8a63fe1-b011-4149-8074-5303370c2922
[14:14:37] [Server thread/INFO]: Kawasy_o0[/127.84.219.133:55004] logged in with entity id 5157 at ([world]-10248.661297532359, 278.125, 5636.042982675747)
[14:14:37] [luckperms-worker-4/INFO]: [NARENA] [GSit] Kawasy_o0 (LOBBY): added [Owned[key=gsit.*, value=false]], removed []
[14:15:02] [Notification Thread/WARN]: [com.fastasyncworldedit.core.Fawe] High memory usage detected, FAWE will attempt to slow operations to prevent a crash.
[14:15:16] [Async Chat Thread - #26/INFO]: <seyanasan> ww
[14:15:16] [Server thread/INFO]: [yamanoko_: Set own game mode to Creative Mode]
[14:15:17] [Server thread/INFO]: [yamanoko_: Set own game mode to Spectator Mode]
[14:15:22] [Server thread/INFO]: Kawasy_o0 issued server command: /matchinv 39857b0d-b443-48f8-bcc0-9711fb78303b b7d28ce6-0c4c-434e-a385-904f686b7ef4
[14:15:22] [Server thread/INFO]: Kawasy_o0 issued server command: /matchinv 39857b0d-b443-48f8-bcc0-9711fb78303b b7d28ce6-0c4c-434e-a385-904f686b7ef4
[14:15:46] [Server thread/INFO]: Kawasy_o0 issued server command: /spec Aslqz_
[14:15:46] [luckperms-worker-4/INFO]: [NARENA] [GSit] Kawasy_o0 (MATCH): added [Owned[key=GSit.SitClick, value=false]], removed [Owned[key=GSit.SitClick, value=true]]
[14:15:53] [Server thread/INFO]: [NARENA] [Match] TEAM kit=spear_mace players=[ml_Hika15[RED], zqzf[RED], Aslqz_[RED], RiaAkiRuka[RED], _qat[BLUE], Ifuto_mitai[BLUE], yamanoko_[BLUE], AsLuqz_[BLUE]] result=WINNER zqzf[RED]
[14:15:57] [luckperms-worker-14/INFO]: [NARENA] [GSit] zqzf (LOBBY): added [Owned[key=GSit.SitClick, value=true]], removed [Owned[key=GSit.SitClick, value=false]]
[14:15:57] [luckperms-worker-9/INFO]: [NARENA] [GSit] Aslqz_ (LOBBY): added [Owned[key=GSit.SitClick, value=true]], removed [Owned[key=GSit.SitClick, value=false]]
[14:15:57] [luckperms-worker-7/INFO]: [NARENA] [GSit] yamanoko_ (LOBBY): added [Owned[key=GSit.SitClick, value=true]], removed [Owned[key=GSit.SitClick, value=false]]
[14:15:57] [luckperms-worker-2/INFO]: [NARENA] [GSit] RiaAkiRuka (LOBBY): added [Owned[key=GSit.SitClick, value=true]], removed [Owned[key=GSit.SitClick, value=false]]
[14:15:57] [luckperms-worker-8/INFO]: [NARENA] [GSit] Kawasy_o0 (LOBBY): added [Owned[key=GSit.SitClick, value=true]], removed [Owned[key=GSit.SitClick, value=false]]
[14:15:57] [luckperms-worker-4/INFO]: [NARENA] [GSit] _qat (LOBBY): added [Owned[key=GSit.SitClick, value=true]], removed [Owned[key=GSit.SitClick, value=false]]
[14:15:57] [luckperms-worker-0/INFO]: [NARENA] [GSit] Ifuto_mitai (LOBBY): added [Owned[key=GSit.SitClick, value=true]], removed [Owned[key=GSit.SitClick, value=false]]
[14:15:57] [luckperms-worker-3/INFO]: [NARENA] [GSit] AsLuqz_ (LOBBY): added [Owned[key=GSit.SitClick, value=true]], removed [Owned[key=GSit.SitClick, value=false]]
[14:15:57] [luckperms-worker-13/INFO]: [NARENA] [GSit] ml_Hika15 (LOBBY): added [Owned[key=GSit.SitClick, value=true]], removed [Owned[key=GSit.SitClick, value=false]]
[14:16:01] [Server thread/INFO]: Ifuto_mitai issued server command: /hub
[14:16:04] [Server thread/INFO]: [ml_Hika15: Set own game mode to Spectator Mode]
[14:16:06] [Async Chat Thread - #26/INFO]: <Aslqz_> ragu sugiru
[14:16:06] [Server thread/INFO]: [AsLuqz_: Set own game mode to Spectator Mode]
[14:16:07] [Server thread/INFO]: yamanoko_ lost connection: Disconnected
[14:16:08] [Server thread/INFO]: [NARENA] Match start kit=ht_vanilla RED=_qat,zqzf,AsLuqz_,RiaAkiRuka,Kawasy_o0 BLUE=ml_Hika15,Ifuto_mitai,Aslqz_
[14:16:09] [luckperms-worker-13/INFO]: [NARENA] [GSit] RiaAkiRuka (MATCH): added [Owned[key=GSit.SitClick, value=false]], removed [Owned[key=GSit.SitClick, value=true]]
[14:16:09] [luckperms-worker-0/INFO]: [NARENA] [GSit] Ifuto_mitai (MATCH): added [Owned[key=GSit.SitClick, value=false]], removed [Owned[key=GSit.SitClick, value=true]]
[14:16:09] [luckperms-worker-2/INFO]: [NARENA] [GSit] _qat (MATCH): added [Owned[key=GSit.SitClick, value=false]], removed [Owned[key=GSit.SitClick, value=true]]
[14:16:09] [luckperms-worker-9/INFO]: [NARENA] [GSit] Kawasy_o0 (MATCH): added [Owned[key=GSit.SitClick, value=false]], removed [Owned[key=GSit.SitClick, value=true]]
[14:16:09] [luckperms-worker-3/INFO]: [NARENA] [GSit] ml_Hika15 (MATCH): added [Owned[key=GSit.SitClick, value=false]], removed [Owned[key=GSit.SitClick, value=true]]
[14:16:09] [luckperms-worker-7/INFO]: [NARENA] [GSit] AsLuqz_ (MATCH): added [Owned[key=GSit.SitClick, value=false]], removed [Owned[key=GSit.SitClick, value=true]]
[14:16:09] [luckperms-worker-8/INFO]: [NARENA] [GSit] Aslqz_ (MATCH): added [Owned[key=GSit.SitClick, value=false]], removed [Owned[key=GSit.SitClick, value=true]]
[14:16:09] [luckperms-worker-4/INFO]: [NARENA] [GSit] zqzf (MATCH): added [Owned[key=GSit.SitClick, value=false]], removed [Owned[key=GSit.SitClick, value=true]]
[14:16:09] [Server thread/INFO]: [NARENA] Re-pinning 1 participant(s) into arena 9ff00441-0e3e-4c0b-9852-218dffc1073d before countdown (match a2f1d96c-f98d-49b9-80ec-e4c1a824814b).
[14:16:12] [User Authenticator #10/INFO]: UUID of player yamanoko_ is 40bec237-1792-4786-bc17-e15192f3d7cb
[14:16:12] [luckperms-worker-4/INFO]: [NARENA] [GSit] _qat (LOBBY): added [Owned[key=GSit.SitClick, value=true]], removed [Owned[key=GSit.SitClick, value=false]]
[14:16:12] [luckperms-worker-3/INFO]: [NARENA] [GSit] Kawasy_o0 (LOBBY): added [Owned[key=GSit.SitClick, value=true]], removed [Owned[key=GSit.SitClick, value=false]]
[14:16:12] [luckperms-worker-0/INFO]: [NARENA] [GSit] Aslqz_ (LOBBY): added [Owned[key=GSit.SitClick, value=true]], removed [Owned[key=GSit.SitClick, value=false]]
[14:16:12] [luckperms-worker-14/INFO]: [NARENA] [GSit] RiaAkiRuka (LOBBY): added [Owned[key=GSit.SitClick, value=true]], removed [Owned[key=GSit.SitClick, value=false]]
[14:16:12] [luckperms-worker-9/INFO]: [NARENA] [GSit] AsLuqz_ (LOBBY): added [Owned[key=GSit.SitClick, value=true]], removed [Owned[key=GSit.SitClick, value=false]]
[14:16:12] [luckperms-worker-8/INFO]: [NARENA] [GSit] zqzf (LOBBY): added [Owned[key=GSit.SitClick, value=true]], removed [Owned[key=GSit.SitClick, value=false]]
[14:16:12] [luckperms-worker-2/INFO]: [NARENA] [GSit] Ifuto_mitai (LOBBY): added [Owned[key=GSit.SitClick, value=true]], removed [Owned[key=GSit.SitClick, value=false]]
[14:16:12] [luckperms-worker-11/INFO]: [NARENA] [GSit] ml_Hika15 (LOBBY): added [Owned[key=GSit.SitClick, value=true]], removed [Owned[key=GSit.SitClick, value=false]]
[14:16:13] [Server thread/INFO]: yamanoko_[/127.101.188.117:55096] logged in with entity id 5471 at ([world]-10263.699999988079, 286.0, 5633.699999988079)
[14:16:23] [Server thread/INFO]: [NARENA] Match start kit=uhc RED=_qat,zqzf,AsLuqz_,RiaAkiRuka,Kawasy_o0 BLUE=ml_Hika15,Ifuto_mitai,Aslqz_
[14:16:24] [luckperms-worker-9/INFO]: [NARENA] [GSit] _qat (MATCH): added [Owned[key=GSit.SitClick, value=false]], removed [Owned[key=GSit.SitClick, value=true]]
[14:16:24] [luckperms-worker-8/INFO]: [NARENA] [GSit] Ifuto_mitai (MATCH): added [Owned[key=GSit.SitClick, value=false]], removed [Owned[key=GSit.SitClick, value=true]]
[14:16:24] [luckperms-worker-4/INFO]: [NARENA] [GSit] AsLuqz_ (MATCH): added [Owned[key=GSit.SitClick, value=false]], removed [Owned[key=GSit.SitClick, value=true]]
[14:16:24] [luckperms-worker-0/INFO]: [NARENA] [GSit] Aslqz_ (MATCH): added [Owned[key=GSit.SitClick, value=false]], removed [Owned[key=GSit.SitClick, value=true]]
[14:16:24] [luckperms-worker-14/INFO]: [NARENA] [GSit] zqzf (MATCH): added [Owned[key=GSit.SitClick, value=false]], removed [Owned[key=GSit.SitClick, value=true]]
[14:16:24] [luckperms-worker-11/INFO]: [NARENA] [GSit] ml_Hika15 (MATCH): added [Owned[key=GSit.SitClick, value=false]], removed [Owned[key=GSit.SitClick, value=true]]
[14:16:24] [luckperms-worker-1/INFO]: [NARENA] [GSit] Kawasy_o0 (MATCH): added [Owned[key=GSit.SitClick, value=false]], removed [Owned[key=GSit.SitClick, value=true]]
[14:16:24] [luckperms-worker-2/INFO]: [NARENA] [GSit] RiaAkiRuka (MATCH): added [Owned[key=GSit.SitClick, value=false]], removed [Owned[key=GSit.SitClick, value=true]]
[14:16:24] [Server thread/INFO]: [NARENA] Re-pinning 1 participant(s) into arena 14e6d38d-9897-435e-b8e4-a10be1dabbab before countdown (match 0a09773c-d0d5-40bc-a91a-1d56890c55bc).
[14:16:27] [Server thread/INFO]: yamanoko_ issued server command: /party join _qat's Team
[14:16:31] [Server thread/INFO]: [yamanoko_: Set own game mode to Spectator Mode]
[14:16:32] [Server thread/INFO]: [yamanoko_: Set own game mode to Creative Mode]
[14:16:35] [Server thread/INFO]: [yamanoko_: Set own game mode to Survival Mode]
[14:16:38] [Notification Thread/WARN]: [com.fastasyncworldedit.core.Fawe] High memory usage detected, FAWE will attempt to slow operations to prevent a crash.
[14:16:40] [Server thread/INFO]: [yamanoko_: Set own game mode to Spectator Mode]
[14:16:43] [Server thread/INFO]: yamanoko_ issued server command: /tp yamanoko_ Ifuto_mitai
[14:16:43] [Server thread/INFO]: [yamanoko_: Teleported yamanoko_ to Ifuto_mitai]
[14:17:37] [Async Chat Thread - #28/INFO]: <Ifuto_mitai> kusa
[14:17:41] [Netty NIO IO #0/WARN]: Failed to update secure chat state for ml_Hika15: 'Chat disabled due to missing profile public key. Please try reconnecting.'
[14:17:46] [Async Chat Thread - #28/INFO]: <AsLuqz_> yoo
[14:18:04] [Server thread/INFO]: [NARENA] [Match] TEAM kit=uhc players=[_qat[RED], zqzf[RED], AsLuqz_[RED], RiaAkiRuka[RED], Kawasy_o0[RED], ml_Hika15[BLUE], Ifuto_mitai[BLUE], Aslqz_[BLUE]] result=WINNER _qat[RED]
[14:18:06] [Async Chat Thread - #28/INFO]: <yamanoko_> いじめてるのおもろい
[14:18:06] [Async Chat Thread - #28/INFO]: <AsLuqz_> full box
[14:18:07] [luckperms-worker-8/INFO]: [NARENA] [GSit] zqzf (LOBBY): added [Owned[key=GSit.SitClick, value=true]], removed [Owned[key=GSit.SitClick, value=false]]
[14:18:07] [luckperms-worker-9/INFO]: [NARENA] [GSit] Kawasy_o0 (LOBBY): added [Owned[key=GSit.SitClick, value=true]], removed [Owned[key=GSit.SitClick, value=false]]
[14:18:07] [luckperms-worker-15/INFO]: [NARENA] [GSit] Ifuto_mitai (LOBBY): added [Owned[key=GSit.SitClick, value=true]], removed [Owned[key=GSit.SitClick, value=false]]
[14:18:07] [luckperms-worker-7/INFO]: [NARENA] [GSit] ml_Hika15 (LOBBY): added [Owned[key=GSit.SitClick, value=true]], removed [Owned[key=GSit.SitClick, value=false]]
[14:18:07] [luckperms-worker-11/INFO]: [NARENA] [GSit] _qat (LOBBY): added [Owned[key=GSit.SitClick, value=true]], removed [Owned[key=GSit.SitClick, value=false]]
[14:18:07] [luckperms-worker-12/INFO]: [NARENA] [GSit] AsLuqz_ (LOBBY): added [Owned[key=GSit.SitClick, value=true]], removed [Owned[key=GSit.SitClick, value=false]]
[14:18:07] [luckperms-worker-3/INFO]: [NARENA] [GSit] Aslqz_ (LOBBY): added [Owned[key=GSit.SitClick, value=true]], removed [Owned[key=GSit.SitClick, value=false]]
[14:18:07] [luckperms-worker-13/INFO]: [NARENA] [GSit] RiaAkiRuka (LOBBY): added [Owned[key=GSit.SitClick, value=true]], removed [Owned[key=GSit.SitClick, value=false]]
[14:18:08] [Server thread/WARN]: [com.rumilance.practice.arena.DisposableArenaService] Clearing disposable copy 14e6d38d-9897-435e-b8e4-a10be1dabbab while a player still bounds inside (teleport barrier exhausted).
[14:18:11] [Async Chat Thread - #28/INFO]: <AsLuqz_> 4v4
[14:18:15] [Netty NIO IO #0/WARN]: Failed to update secure chat state for ml_Hika15: 'Chat disabled due to missing profile public key. Please try reconnecting.'
[14:18:17] [Server thread/INFO]: yamanoko_ issued server command: /tp yamanoko_ Ifuto_mitai
[14:18:17] [Server thread/INFO]: [yamanoko_: Teleported yamanoko_ to Ifuto_mitai]
[14:18:18] [Server thread/INFO]: zqzf issued server command: /tell AsLuqz_ vsしませんか？
[14:18:18] [Server thread/INFO]: [NARENA] [Match] UNRANKED kit=smp players=[seyanasan, buchaso] result=WINNER buchaso
[14:18:19] [Server thread/INFO]: [yamanoko_: Set own game mode to Survival Mode]
[14:18:20] [Async Chat Thread - #28/INFO]: <seyanasan> aw
[14:18:21] [luckperms-worker-8/INFO]: [NARENA] [GSit] seyanasan (LOBBY): added [Owned[key=GSit.SitClick, value=true]], removed [Owned[key=GSit.SitClick, value=false]]
[14:18:21] [luckperms-worker-13/INFO]: [NARENA] [GSit] buchaso (LOBBY): added [Owned[key=GSit.SitClick, value=true]], removed [Owned[key=GSit.SitClick, value=false]]
[14:18:25] [Async Chat Thread - #28/INFO]: <AsLuqz_> vs?
[14:18:26] [Async Chat Thread - #29/INFO]: <buchaso> ooo
[14:18:30] [Server thread/INFO]: zqzf issued server command: /tell AsLuqz_ vc w
[14:18:34] [Async Chat Thread - #29/INFO]: <AsLuqz_> doko?
[14:18:36] [Server thread/INFO]: [NARENA] Match start kit=spear_mace RED=_qat,ml_Hika15,Ifuto_mitai,zqzf,Kawasy_o0,yamanoko_ BLUE=Aslqz_,AsLuqz_,RiaAkiRuka
[14:18:36] [luckperms-worker-12/INFO]: [NARENA] [GSit] Ifuto_mitai (MATCH): added [Owned[key=GSit.SitClick, value=false]], removed [Owned[key=GSit.SitClick, value=true]]
[14:18:36] [luckperms-worker-13/INFO]: [NARENA] [GSit] ml_Hika15 (MATCH): added [Owned[key=GSit.SitClick, value=false]], removed [Owned[key=GSit.SitClick, value=true]]
[14:18:37] [luckperms-worker-8/INFO]: [NARENA] [GSit] _qat (MATCH): added [Owned[key=GSit.SitClick, value=false]], removed [Owned[key=GSit.SitClick, value=true]]
[14:18:37] [luckperms-worker-0/INFO]: [NARENA] [GSit] RiaAkiRuka (MATCH): added [Owned[key=GSit.SitClick, value=false]], removed [Owned[key=GSit.SitClick, value=true]]
[14:18:37] [luckperms-worker-14/INFO]: [NARENA] [GSit] AsLuqz_ (MATCH): added [Owned[key=GSit.SitClick, value=false]], removed [Owned[key=GSit.SitClick, value=true]]
[14:18:37] [luckperms-worker-1/INFO]: [NARENA] [GSit] Kawasy_o0 (MATCH): added [Owned[key=GSit.SitClick, value=false]], removed [Owned[key=GSit.SitClick, value=true]]
[14:18:37] [luckperms-worker-4/INFO]: [NARENA] [GSit] yamanoko_ (MATCH): added [Owned[key=GSit.SitClick, value=false]], removed [Owned[key=GSit.SitClick, value=true]]
[14:18:37] [luckperms-worker-9/INFO]: [NARENA] [GSit] Aslqz_ (MATCH): added [Owned[key=GSit.SitClick, value=false]], removed [Owned[key=GSit.SitClick, value=true]]
[14:18:37] [luckperms-worker-11/INFO]: [NARENA] [GSit] zqzf (MATCH): added [Owned[key=GSit.SitClick, value=false]], removed [Owned[key=GSit.SitClick, value=true]]
[14:18:38] [Server thread/INFO]: [NARENA] Re-pinning 3 participant(s) into arena 7c1ef8d5-1344-4568-89af-99f66a4d13eb before countdown (match cad740c8-7827-4703-a1ef-fae142cd682c).
[14:18:45] [Async Chat Thread - #29/INFO]: <seyanasan> みんな消えた
[14:18:48] [Async Chat Thread - #28/INFO]: <zqzf> vc鯖
[14:18:52] [Async Chat Thread - #28/INFO]: <AsLuqz_> nannde
[14:18:55] [Async Chat Thread - #28/INFO]: <AsLuqz_> supia mace
[14:18:58] [Async Chat Thread - #28/INFO]: <buchaso> みんな多分ぱーちー
[14:19:50] [Server thread/INFO]: buchaso issued server command: /rpaccept seyanasan
[14:19:50] [Server thread/INFO]: [NARENA] Match start kit=lt_vanilla seyanasan vs buchaso
[14:19:51] [luckperms-worker-14/INFO]: [NARENA] [GSit] seyanasan (MATCH): added [Owned[key=GSit.SitClick, value=false]], removed [Owned[key=GSit.SitClick, value=true]]
[14:19:51] [luckperms-worker-1/INFO]: [NARENA] [GSit] buchaso (MATCH): added [Owned[key=GSit.SitClick, value=false]], removed [Owned[key=GSit.SitClick, value=true]]
[14:20:00] [Async Chat Thread - #30/INFO]: <buchaso> nannkato-temusukanaiii
[14:20:03] [Server thread/WARN]: [NARENA] [N Arena][DeathBridge] revive hook failed for buchaso
java.lang.NullPointerException
	at java.base/java.util.concurrent.ConcurrentHashMap.putVal(ConcurrentHashMap.java:1023) ~[?:?]
	at java.base/java.util.concurrent.ConcurrentHashMap.put(ConcurrentHashMap.java:1018) ~[?:?]
	at RumilancePractice-1.76.53.jar//com.rumilance.practice.match.MatchService.handleLethal(MatchService.java:1563) ~[?:?]
	at RumilancePractice-1.76.53.jar//com.rumilance.practice.match.MatchListener.lambda$onDeath$0(MatchListener.java:218) ~[?:?]
	at RumilancePractice-1.76.53.jar//com.rumilance.practice.combat.DeathBridge.runRuling(DeathBridge.java:148) ~[?:?]
	at RumilancePractice-1.76.53.jar//com.rumilance.practice.combat.DeathBridge.revivePlanned(DeathBridge.java:118) ~[?:?]
	at RumilancePractice-1.76.53.jar//com.rumilance.practice.combat.DeathBridge.lambda$onDeath$0(DeathBridge.java:91) ~[?:?]
	at org.bukkit.craftbukkit.scheduler.CraftTask.run(CraftTask.java:78) ~[paper-1.21.11.jar:1.21.11-131-6d5b910]
	at org.bukkit.craftbukkit.scheduler.CraftScheduler.mainThreadHeartbeat(CraftScheduler.java:474) ~[paper-1.21.11.jar:1.21.11-131-6d5b910]
	at net.minecraft.server.MinecraftServer.tickChildren(MinecraftServer.java:1756) ~[paper-1.21.11.jar:1.21.11-131-6d5b910]
	at net.minecraft.server.MinecraftServer.tickServer(MinecraftServer.java:1611) ~[paper-1.21.11.jar:1.21.11-131-6d5b910]
	at net.minecraft.server.dedicated.DedicatedServer.tickServer(DedicatedServer.java:427) ~[paper-1.21.11.jar:1.21.11-131-6d5b910]
	at net.minecraft.server.MinecraftServer.processPacketsAndTick(MinecraftServer.java:1667) ~[paper-1.21.11.jar:1.21.11-131-6d5b910]
	at net.minecraft.server.MinecraftServer.runServer(MinecraftServer.java:1335) ~[paper-1.21.11.jar:1.21.11-131-6d5b910]
	at net.minecraft.server.MinecraftServer.lambda$spin$2(MinecraftServer.java:388) ~[paper-1.21.11.jar:1.21.11-131-6d5b910]
	at java.base/java.lang.Thread.run(Thread.java:1474) ~[?:?]
[14:21:46] [Server thread/INFO]: [NARENA] [Match] UNRANKED kit=lt_vanilla players=[seyanasan, buchaso] result=WINNER buchaso
[14:21:49] [luckperms-worker-1/INFO]: [NARENA] [GSit] buchaso (LOBBY): added [Owned[key=GSit.SitClick, value=true]], removed [Owned[key=GSit.SitClick, value=false]]
[14:21:49] [luckperms-worker-14/INFO]: [NARENA] [GSit] seyanasan (LOBBY): added [Owned[key=GSit.SitClick, value=true]], removed [Owned[key=GSit.SitClick, value=false]]
[14:21:59] [Async Chat Thread - #32/INFO]: <buchaso> わったへっく
[14:23:13] [Server thread/INFO]: buchaso issued server command: /spawn
[14:23:21] [Server thread/INFO]: [seyanasan: Set own game mode to Creative Mode]
[14:23:39] [Server thread/INFO]: seyanasan issued server command: /tp buchaso @s
[14:23:39] [Server thread/INFO]: [seyanasan: Teleported buchaso to seyanasan]
[14:23:54] [Server thread/INFO]: Kawasy_o0 issued server command: /hub
[14:23:56] [Server thread/INFO]: Kawasy_o0 issued server command: /leave
[14:24:26] [luckperms-worker-4/INFO]: [NARENA] [GSit] seyanasan (MATCH): added [Owned[key=GSit.SitClick, value=false]], removed [Owned[key=GSit.SitClick, value=true]]
[14:24:46] [Server thread/INFO]: Kawasy_o0 issued server command: /leave Kawasy_o0
[14:24:49] [Server thread/INFO]: Kawasy_o0 issued server command: /hub
[14:25:12] [Async Chat Thread - #34/INFO]: <zqzf> oh
[14:25:15] [Async Chat Thread - #34/INFO]: <_qat> ｇｇｇｇｇ
[14:25:18] [Async Chat Thread - #34/INFO]: <_qat> ｇｇｗ
[14:25:20] [Async Chat Thread - #34/INFO]: <_qat> ｇｇｇ
[14:25:23] [Server thread/INFO]: [NARENA] [Match] TEAM kit=spear_mace players=[_qat[RED], ml_Hika15[RED], Ifuto_mitai[RED], zqzf[RED], Kawasy_o0[RED], yamanoko_[RED], Aslqz_[BLUE], AsLuqz_[BLUE], RiaAkiRuka[BLUE]] result=WINNER Aslqz_[BLUE]
[14:25:28] [luckperms-worker-9/INFO]: [NARENA] [GSit] _qat (LOBBY): added [Owned[key=GSit.SitClick, value=true]], removed [Owned[key=GSit.SitClick, value=false]]
[14:25:28] [luckperms-worker-0/INFO]: [NARENA] [GSit] Aslqz_ (LOBBY): added [Owned[key=GSit.SitClick, value=true]], removed [Owned[key=GSit.SitClick, value=false]]
[14:25:28] [luckperms-worker-4/INFO]: [NARENA] [GSit] seyanasan (LOBBY): added [Owned[key=GSit.SitClick, value=true]], removed [Owned[key=GSit.SitClick, value=false]]
[14:25:28] [luckperms-worker-1/INFO]: [NARENA] [GSit] ml_Hika15 (LOBBY): added [Owned[key=GSit.SitClick, value=true]], removed [Owned[key=GSit.SitClick, value=false]]
[14:25:28] [luckperms-worker-11/INFO]: [NARENA] [GSit] zqzf (LOBBY): added [Owned[key=GSit.SitClick, value=true]], removed [Owned[key=GSit.SitClick, value=false]]
[14:25:28] [luckperms-worker-14/INFO]: [NARENA] [GSit] Ifuto_mitai (LOBBY): added [Owned[key=GSit.SitClick, value=true]], removed [Owned[key=GSit.SitClick, value=false]]
[14:25:28] [luckperms-worker-12/INFO]: [NARENA] [GSit] Kawasy_o0 (LOBBY): added [Owned[key=GSit.SitClick, value=true]], removed [Owned[key=GSit.SitClick, value=false]]
[14:25:28] [luckperms-worker-13/INFO]: [NARENA] [GSit] RiaAkiRuka (LOBBY): added [Owned[key=GSit.SitClick, value=true]], removed [Owned[key=GSit.SitClick, value=false]]
[14:25:28] [luckperms-worker-8/INFO]: [NARENA] [GSit] AsLuqz_ (LOBBY): added [Owned[key=GSit.SitClick, value=true]], removed [Owned[key=GSit.SitClick, value=false]]
[14:25:28] [luckperms-worker-2/INFO]: [NARENA] [GSit] yamanoko_ (LOBBY): added [Owned[key=GSit.SitClick, value=true]], removed [Owned[key=GSit.SitClick, value=false]]
[14:25:30] [Async Chat Thread - #35/INFO]: <yamanoko_> 手汗がやばい
[14:25:30] [Async Chat Thread - #34/INFO]: <seyanasan> pa-ti- irete
[14:25:37] [Server thread/INFO]: seyanasan issued server command: /team join _qat's Team
[14:25:38] [Server thread/INFO]: buchaso issued server command: /team join _qat's Team
[14:25:38] [Async Chat Thread - #34/INFO]: <Aslqz_> ragusugiru
[14:25:39] [Async Chat Thread - #34/INFO]: <Aslqz_> kara
[14:25:40] [Async Chat Thread - #34/INFO]: <yamanoko_> not mace
[14:25:41] [Async Chat Thread - #34/INFO]: <Aslqz_> nukemasu
[14:26:02] [Server thread/INFO]: Aslqz_ lost connection: Disconnected
[14:26:04] [Async Chat Thread - #34/INFO]: <_qat> るあ
[14:26:07] [Async Chat Thread - #34/INFO]: <_qat> なにがいいですか
[14:26:10] [Async Chat Thread - #34/INFO]: <zqzf> rua様な
[14:26:11] [Async Chat Thread - #34/INFO]: <AsLuqz_> smp
[14:26:14] [Server thread/INFO]: [NARENA] Match start kit=smp RED=_qat,ml_Hika15,zqzf,Kawasy_o0,yamanoko_,seyanasan,buchaso BLUE=Ifuto_mitai,AsLuqz_,RiaAkiRuka
[14:26:15] [luckperms-worker-1/INFO]: [NARENA] [GSit] buchaso (MATCH): added [Owned[key=GSit.SitClick, value=false]], removed [Owned[key=GSit.SitClick, value=true]]
[14:26:15] [luckperms-worker-0/INFO]: [NARENA] [GSit] Ifuto_mitai (MATCH): added [Owned[key=GSit.SitClick, value=false]], removed [Owned[key=GSit.SitClick, value=true]]
[14:26:15] [luckperms-worker-13/INFO]: [NARENA] [GSit] ml_Hika15 (MATCH): added [Owned[key=GSit.SitClick, value=false]], removed [Owned[key=GSit.SitClick, value=true]]
[14:26:15] [luckperms-worker-12/INFO]: [NARENA] [GSit] AsLuqz_ (MATCH): added [Owned[key=GSit.SitClick, value=false]], removed [Owned[key=GSit.SitClick, value=true]]
[14:26:15] [luckperms-worker-8/INFO]: [NARENA] [GSit] Kawasy_o0 (MATCH): added [Owned[key=GSit.SitClick, value=false]], removed [Owned[key=GSit.SitClick, value=true]]
[14:26:15] [luckperms-worker-11/INFO]: [NARENA] [GSit] yamanoko_ (MATCH): added [Owned[key=GSit.SitClick, value=false]], removed [Owned[key=GSit.SitClick, value=true]]
[14:26:15] [luckperms-worker-10/INFO]: [NARENA] [GSit] seyanasan (MATCH): added [Owned[key=GSit.SitClick, value=false]], removed [Owned[key=GSit.SitClick, value=true]]
[14:26:15] [luckperms-worker-4/INFO]: [NARENA] [GSit] _qat (MATCH): added [Owned[key=GSit.SitClick, value=false]], removed [Owned[key=GSit.SitClick, value=true]]
[14:26:15] [luckperms-worker-14/INFO]: [NARENA] [GSit] RiaAkiRuka (MATCH): added [Owned[key=GSit.SitClick, value=false]], removed [Owned[key=GSit.SitClick, value=true]]
[14:26:15] [luckperms-worker-2/INFO]: [NARENA] [GSit] zqzf (MATCH): added [Owned[key=GSit.SitClick, value=false]], removed [Owned[key=GSit.SitClick, value=true]]
[14:26:16] [Server thread/INFO]: [NARENA] Re-pinning 4 participant(s) into arena db875053-e826-4ce1-bc53-7d515d52acbe before countdown (match 44678ce5-079e-4f6f-bc57-e99df08e9d65).
[14:26:37] [Async Chat Thread - #34/INFO]: <yamanoko_> ifuto korosuwa
[14:27:38] [Async Chat Thread - #36/INFO]: <Ifuto_mitai> ;;;;;;;;;;;;;;;wwwwwwwwwwww;;;;;;;;;;;;;;;;;;;;;;;;;;;
[14:27:54] [Async Chat Thread - #36/INFO]: <Ifuto_mitai> 急に5人くらい追ってくるの怖いって
[14:30:29] [Async Chat Thread - #38/INFO]: <yamanoko_> iiyo
[14:30:47] [Server thread/INFO]: [AsLuqz_: Set own game mode to Creative Mode]
[14:30:49] [Async Chat Thread - #38/INFO]: <Ifuto_mitai> 観戦やめてHub戻れるようにするか
[14:32:10] [Server thread/INFO]: [AsLuqz_: Set own game mode to Spectator Mode]
[14:33:17] [Async Chat Thread - #40/INFO]: <yamanoko_> みんなオフハンドにトーテムもってね ()
[14:33:48] [Server thread/INFO]: [NARENA] [Match] TEAM kit=smp players=[_qat[RED], ml_Hika15[RED], zqzf[RED], Kawasy_o0[RED], yamanoko_[RED], seyanasan[RED], buchaso[RED], Ifuto_mitai[BLUE], AsLuqz_[BLUE], RiaAkiRuka[BLUE]] result=WINNER _qat[RED]
[14:33:50] [luckperms-worker-12/INFO]: [NARENA] [GSit] seyanasan (LOBBY): added [Owned[key=GSit.SitClick, value=true]], removed [Owned[key=GSit.SitClick, value=false]]
[14:33:50] [luckperms-worker-0/INFO]: [NARENA] [GSit] ml_Hika15 (LOBBY): added [Owned[key=GSit.SitClick, value=true]], removed [Owned[key=GSit.SitClick, value=false]]
[14:33:50] [luckperms-worker-8/INFO]: [NARENA] [GSit] zqzf (LOBBY): added [Owned[key=GSit.SitClick, value=true]], removed [Owned[key=GSit.SitClick, value=false]]
[14:33:50] [luckperms-worker-14/INFO]: [NARENA] [GSit] AsLuqz_ (LOBBY): added [Owned[key=GSit.SitClick, value=true]], removed [Owned[key=GSit.SitClick, value=false]]
[14:33:50] [luckperms-worker-10/INFO]: [NARENA] [GSit] Kawasy_o0 (LOBBY): added [Owned[key=GSit.SitClick, value=true]], removed [Owned[key=GSit.SitClick, value=false]]
[14:33:50] [luckperms-worker-9/INFO]: [NARENA] [GSit] yamanoko_ (LOBBY): added [Owned[key=GSit.SitClick, value=true]], removed [Owned[key=GSit.SitClick, value=false]]
[14:33:50] [luckperms-worker-11/INFO]: [NARENA] [GSit] _qat (LOBBY): added [Owned[key=GSit.SitClick, value=true]], removed [Owned[key=GSit.SitClick, value=false]]
[14:33:50] [luckperms-worker-2/INFO]: [NARENA] [GSit] RiaAkiRuka (LOBBY): added [Owned[key=GSit.SitClick, value=true]], removed [Owned[key=GSit.SitClick, value=false]]
[14:33:50] [luckperms-worker-4/INFO]: [NARENA] [GSit] Ifuto_mitai (LOBBY): added [Owned[key=GSit.SitClick, value=true]], removed [Owned[key=GSit.SitClick, value=false]]
[14:33:50] [luckperms-worker-13/INFO]: [NARENA] [GSit] buchaso (LOBBY): added [Owned[key=GSit.SitClick, value=true]], removed [Owned[key=GSit.SitClick, value=false]]
[14:33:59] [Server thread/INFO]: [NARENA] Match start kit=ht_cart RED=_qat,ml_Hika15,zqzf,Kawasy_o0,yamanoko_,seyanasan,buchaso BLUE=Ifuto_mitai,AsLuqz_,RiaAkiRuka
[14:33:59] [Async Chat Thread - #41/INFO]: <yamanoko_> すごくかくかくしてます
[14:33:59] [luckperms-worker-4/INFO]: [NARENA] [GSit] _qat (MATCH): added [Owned[key=GSit.SitClick, value=false]], removed [Owned[key=GSit.SitClick, value=true]]
[14:33:59] [luckperms-worker-4/INFO]: [NARENA] [GSit] Kawasy_o0 (MATCH): added [Owned[key=GSit.SitClick, value=false]], removed [Owned[key=GSit.SitClick, value=true]]
[14:33:59] [luckperms-worker-4/INFO]: [NARENA] [GSit] yamanoko_ (MATCH): added [Owned[key=GSit.SitClick, value=false]], removed [Owned[key=GSit.SitClick, value=true]]
[14:33:59] [luckperms-worker-0/INFO]: [NARENA] [GSit] AsLuqz_ (MATCH): added [Owned[key=GSit.SitClick, value=false]], removed [Owned[key=GSit.SitClick, value=true]]
[14:33:59] [luckperms-worker-8/INFO]: [NARENA] [GSit] ml_Hika15 (MATCH): added [Owned[key=GSit.SitClick, value=false]], removed [Owned[key=GSit.SitClick, value=true]]
[14:33:59] [luckperms-worker-9/INFO]: [NARENA] [GSit] seyanasan (MATCH): added [Owned[key=GSit.SitClick, value=false]], removed [Owned[key=GSit.SitClick, value=true]]
[14:33:59] [luckperms-worker-14/INFO]: [NARENA] [GSit] Ifuto_mitai (MATCH): added [Owned[key=GSit.SitClick, value=false]], removed [Owned[key=GSit.SitClick, value=true]]
[14:33:59] [luckperms-worker-12/INFO]: [NARENA] [GSit] zqzf (MATCH): added [Owned[key=GSit.SitClick, value=false]], removed [Owned[key=GSit.SitClick, value=true]]
[14:33:59] [luckperms-worker-2/INFO]: [NARENA] [GSit] buchaso (MATCH): added [Owned[key=GSit.SitClick, value=false]], removed [Owned[key=GSit.SitClick, value=true]]
[14:33:59] [luckperms-worker-1/INFO]: [NARENA] [GSit] RiaAkiRuka (MATCH): added [Owned[key=GSit.SitClick, value=false]], removed [Owned[key=GSit.SitClick, value=true]]
[14:34:00] [Server thread/INFO]: [NARENA] Re-pinning 2 participant(s) into arena cde5111f-2665-4624-a0b6-a8cf53bd815e before countdown (match bebc3eca-bf25-4646-bd7c-98d3098226ff).
[14:34:07] [Async Chat Thread - #41/INFO]: <yamanoko_> やったことない
[14:36:51] [Async Chat Thread - #42/INFO]: <_qat> ふぁいとー
[14:36:54] [Async Chat Thread - #42/INFO]: <_qat> ふぁいとー
[14:36:54] [Async Chat Thread - #42/INFO]: <_qat> ふぁいとー
[14:37:21] [Server thread/INFO]: _qat issued server command: /objection 冗談ですやん
[14:38:38] [User Authenticator #11/INFO]: UUID of player AYATO_N is 38cdbf42-4ac7-4d7d-b1b1-106975115185
[14:38:38] [luckperms-worker-12/INFO]: [NARENA] [GSit] AYATO_N (LOBBY): added [Owned[key=gsit.*, value=false]], removed []
[14:38:38] [Server thread/INFO]: AYATO_N[/127.82.25.180:56996] logged in with entity id 9962 at ([world]-10259.023042043002, 281.02442408821366, 5645.196658614425)
[14:38:56] [User Authenticator #11/INFO]: UUID of player nikugyu_mc is 6e47831a-08e0-4f3b-9b34-fb2849cd183e
[14:38:56] [luckperms-worker-14/INFO]: [NARENA] [GSit] nikugyu_mc (LOBBY): added [Owned[key=gsit.*, value=false], Owned[key=GSit.SitClick, value=true]], removed []
[14:38:56] [Server thread/INFO]: nikugyu_mc[/127.3.250.128:57014] logged in with entity id 10010 at ([world]8.5, 39.0, 8.5)
[14:39:02] [Async Chat Thread - #44/INFO]: <seyanasan> やまのこ味方殺しすぎ
[14:39:02] [Server thread/INFO]: [yamanoko_: Set own game mode to Creative Mode]
[14:39:04] [Server thread/INFO]: [yamanoko_: Set own game mode to Spectator Mode]
[14:39:11] [Async Chat Thread - #44/INFO]: <yamanoko_> ごめｎ()
[14:39:14] [Server thread/ERROR]: [NARENA] [Quantum] HeroBot spawn failed for profile NARENA_BOT_09afd at Location{world=CraftWorld{name=world},x=-10240.456267512382,y=279.125,z=5639.366327824718,pitch=0.0,yaw=0.0}
java.lang.UnsupportedOperationException
	at com.google.common.collect.ImmutableMultimap.put(ImmutableMultimap.java:508) ~[guava-33.5.0-jre.jar:?]
	at com.google.common.collect.ForwardingMultimap.put(ForwardingMultimap.java:102) ~[guava-33.5.0-jre.jar:?]
	at RumilancePractice-1.76.53.jar//com.rumilance.practice.herobot.HeroBotRegistry.spawn(HeroBotRegistry.java:118) ~[?:?]
	at RumilancePractice-1.76.53.jar//com.rumilance.practice.herobot.HeroBotRegistry.spawn(HeroBotRegistry.java:90) ~[?:?]
	at RumilancePractice-1.76.53.jar//com.rumilance.practice.quantum.QuantumRuntime.spawnBot(QuantumRuntime.java:710) ~[?:?]
	at RumilancePractice-1.76.53.jar//com.rumilance.practice.gui.menus.PracticeBotSelectGui.handleClick(PracticeBotSelectGui.java:220) ~[?:?]
	at RumilancePractice-1.76.53.jar//com.rumilance.practice.gui.GuiListener.clickSafely(GuiListener.java:267) ~[?:?]
	at RumilancePractice-1.76.53.jar//com.rumilance.practice.gui.GuiListener.dispatchTopClick(GuiListener.java:327) ~[?:?]
	at RumilancePractice-1.76.53.jar//com.rumilance.practice.gui.GuiListener.onClick(GuiListener.java:252) ~[?:?]
	at co.aikar.timings.TimedEventExecutor.execute(TimedEventExecutor.java:80) ~[paper-api-1.21.11-R0.1-SNAPSHOT.jar:?]
	at org.bukkit.plugin.RegisteredListener.callEvent(RegisteredListener.java:71) ~[paper-api-1.21.11-R0.1-SNAPSHOT.jar:?]
	at io.papermc.paper.plugin.manager.PaperEventManager.callEvent(PaperEventManager.java:54) ~[paper-1.21.11.jar:1.21.11-131-6d5b910]
	at io.papermc.paper.plugin.manager.PaperPluginManagerImpl.callEvent(PaperPluginManagerImpl.java:131) ~[paper-1.21.11.jar:1.21.11-131-6d5b910]
	at org.bukkit.plugin.SimplePluginManager.callEvent(SimplePluginManager.java:628) ~[paper-api-1.21.11-R0.1-SNAPSHOT.jar:?]
	at net.minecraft.server.network.ServerGamePacketListenerImpl.handleContainerClick(ServerGamePacketListenerImpl.java:3297) ~[paper-1.21.11.jar:1.21.11-131-6d5b910]
	at net.minecraft.network.protocol.game.ServerboundContainerClickPacket.handle(ServerboundContainerClickPacket.java:59) ~[paper-1.21.11.jar:1.21.11-131-6d5b910]
	at net.minecraft.network.protocol.game.ServerboundContainerClickPacket.handle(ServerboundContainerClickPacket.java:14) ~[paper-1.21.11.jar:1.21.11-131-6d5b910]
	at net.minecraft.network.PacketProcessor$ListenerAndPacket.handle(PacketProcessor.java:99) ~[paper-1.21.11.jar:1.21.11-131-6d5b910]
	at net.minecraft.network.PacketProcessor.executeSinglePacket(PacketProcessor.java:33) ~[paper-1.21.11.jar:1.21.11-131-6d5b910]
	at net.minecraft.server.MinecraftServer.pollTask(MinecraftServer.java:1499) ~[paper-1.21.11.jar:1.21.11-131-6d5b910]
	at net.minecraft.server.MinecraftServer.recordTaskExecutionTimeWhileWaiting(MinecraftServer.java:1225) ~[paper-1.21.11.jar:1.21.11-131-6d5b910]
	at net.minecraft.server.MinecraftServer.runServer(MinecraftServer.java:1341) ~[paper-1.21.11.jar:1.21.11-131-6d5b910]
	at net.minecraft.server.MinecraftServer.lambda$spin$2(MinecraftServer.java:388) ~[paper-1.21.11.jar:1.21.11-131-6d5b910]
	at java.base/java.lang.Thread.run(Thread.java:1474) ~[?:?]
[14:39:15] [Async Chat Thread - #44/INFO]: <yamanoko_> cartやったことないもん
[14:39:20] [Server thread/ERROR]: [NARENA] [Quantum] HeroBot spawn failed for profile NARENA_BOT_09afe at Location{world=CraftWorld{name=world},x=-10224.136278967266,y=250.375,z=5655.199481679251,pitch=0.0,yaw=0.0}
java.lang.UnsupportedOperationException
	at com.google.common.collect.ImmutableMultimap.put(ImmutableMultimap.java:508) ~[guava-33.5.0-jre.jar:?]
	at com.google.common.collect.ForwardingMultimap.put(ForwardingMultimap.java:102) ~[guava-33.5.0-jre.jar:?]
	at RumilancePractice-1.76.53.jar//com.rumilance.practice.herobot.HeroBotRegistry.spawn(HeroBotRegistry.java:118) ~[?:?]
	at RumilancePractice-1.76.53.jar//com.rumilance.practice.herobot.HeroBotRegistry.spawn(HeroBotRegistry.java:90) ~[?:?]
	at RumilancePractice-1.76.53.jar//com.rumilance.practice.quantum.QuantumRuntime.spawnBot(QuantumRuntime.java:710) ~[?:?]
	at RumilancePractice-1.76.53.jar//com.rumilance.practice.gui.menus.PracticeBotSelectGui.handleClick(PracticeBotSelectGui.java:220) ~[?:?]
	at RumilancePractice-1.76.53.jar//com.rumilance.practice.gui.GuiListener.clickSafely(GuiListener.java:267) ~[?:?]
	at RumilancePractice-1.76.53.jar//com.rumilance.practice.gui.GuiListener.dispatchTopClick(GuiListener.java:327) ~[?:?]
	at RumilancePractice-1.76.53.jar//com.rumilance.practice.gui.GuiListener.onClick(GuiListener.java:252) ~[?:?]
	at co.aikar.timings.TimedEventExecutor.execute(TimedEventExecutor.java:80) ~[paper-api-1.21.11-R0.1-SNAPSHOT.jar:?]
	at org.bukkit.plugin.RegisteredListener.callEvent(RegisteredListener.java:71) ~[paper-api-1.21.11-R0.1-SNAPSHOT.jar:?]
	at io.papermc.paper.plugin.manager.PaperEventManager.callEvent(PaperEventManager.java:54) ~[paper-1.21.11.jar:1.21.11-131-6d5b910]
	at io.papermc.paper.plugin.manager.PaperPluginManagerImpl.callEvent(PaperPluginManagerImpl.java:131) ~[paper-1.21.11.jar:1.21.11-131-6d5b910]
	at org.bukkit.plugin.SimplePluginManager.callEvent(SimplePluginManager.java:628) ~[paper-api-1.21.11-R0.1-SNAPSHOT.jar:?]
	at net.minecraft.server.network.ServerGamePacketListenerImpl.handleContainerClick(ServerGamePacketListenerImpl.java:3297) ~[paper-1.21.11.jar:1.21.11-131-6d5b910]
	at net.minecraft.network.protocol.game.ServerboundContainerClickPacket.handle(ServerboundContainerClickPacket.java:59) ~[paper-1.21.11.jar:1.21.11-131-6d5b910]
	at net.minecraft.network.protocol.game.ServerboundContainerClickPacket.handle(ServerboundContainerClickPacket.java:14) ~[paper-1.21.11.jar:1.21.11-131-6d5b910]
	at net.minecraft.network.PacketProcessor$ListenerAndPacket.handle(PacketProcessor.java:99) ~[paper-1.21.11.jar:1.21.11-131-6d5b910]
	at net.minecraft.network.PacketProcessor.executeSinglePacket(PacketProcessor.java:33) ~[paper-1.21.11.jar:1.21.11-131-6d5b910]
	at net.minecraft.server.MinecraftServer.pollTask(MinecraftServer.java:1499) ~[paper-1.21.11.jar:1.21.11-131-6d5b910]
	at net.minecraft.server.MinecraftServer.recordTaskExecutionTimeWhileWaiting(MinecraftServer.java:1225) ~[paper-1.21.11.jar:1.21.11-131-6d5b910]
	at net.minecraft.server.MinecraftServer.runServer(MinecraftServer.java:1341) ~[paper-1.21.11.jar:1.21.11-131-6d5b910]
	at net.minecraft.server.MinecraftServer.lambda$spin$2(MinecraftServer.java:388) ~[paper-1.21.11.jar:1.21.11-131-6d5b910]
	at java.base/java.lang.Thread.run(Thread.java:1474) ~[?:?]
[14:39:24] [Server thread/INFO]: [NARENA] [Match] TEAM kit=ht_cart players=[_qat[RED], ml_Hika15[RED], zqzf[RED], Kawasy_o0[RED], yamanoko_[RED], seyanasan[RED], buchaso[RED], Ifuto_mitai[BLUE], AsLuqz_[BLUE], RiaAkiRuka[BLUE]] result=WINNER AsLuqz_[BLUE]
[14:39:25] [Async Chat Thread - #44/INFO]: <buchaso> cartはソードね（）
[14:39:29] [Server thread/ERROR]: [NARENA] [Quantum] HeroBot spawn failed for profile NARENA_BOT_09aff at Location{world=CraftWorld{name=world},x=-10224.136278967266,y=250.375,z=5655.199481679251,pitch=0.0,yaw=0.0}
java.lang.UnsupportedOperationException
	at com.google.common.collect.ImmutableMultimap.put(ImmutableMultimap.java:508) ~[guava-33.5.0-jre.jar:?]
	at com.google.common.collect.ForwardingMultimap.put(ForwardingMultimap.java:102) ~[guava-33.5.0-jre.jar:?]
	at RumilancePractice-1.76.53.jar//com.rumilance.practice.herobot.HeroBotRegistry.spawn(HeroBotRegistry.java:118) ~[?:?]
	at RumilancePractice-1.76.53.jar//com.rumilance.practice.herobot.HeroBotRegistry.spawn(HeroBotRegistry.java:90) ~[?:?]
	at RumilancePractice-1.76.53.jar//com.rumilance.practice.quantum.QuantumRuntime.spawnBot(QuantumRuntime.java:710) ~[?:?]
	at RumilancePractice-1.76.53.jar//com.rumilance.practice.gui.menus.PracticeBotSelectGui.handleClick(PracticeBotSelectGui.java:220) ~[?:?]
	at RumilancePractice-1.76.53.jar//com.rumilance.practice.gui.GuiListener.clickSafely(GuiListener.java:267) ~[?:?]
	at RumilancePractice-1.76.53.jar//com.rumilance.practice.gui.GuiListener.dispatchTopClick(GuiListener.java:327) ~[?:?]
	at RumilancePractice-1.76.53.jar//com.rumilance.practice.gui.GuiListener.onClick(GuiListener.java:252) ~[?:?]
	at co.aikar.timings.TimedEventExecutor.execute(TimedEventExecutor.java:80) ~[paper-api-1.21.11-R0.1-SNAPSHOT.jar:?]
	at org.bukkit.plugin.RegisteredListener.callEvent(RegisteredListener.java:71) ~[paper-api-1.21.11-R0.1-SNAPSHOT.jar:?]
	at io.papermc.paper.plugin.manager.PaperEventManager.callEvent(PaperEventManager.java:54) ~[paper-1.21.11.jar:1.21.11-131-6d5b910]
	at io.papermc.paper.plugin.manager.PaperPluginManagerImpl.callEvent(PaperPluginManagerImpl.java:131) ~[paper-1.21.11.jar:1.21.11-131-6d5b910]
	at org.bukkit.plugin.SimplePluginManager.callEvent(SimplePluginManager.java:628) ~[paper-api-1.21.11-R0.1-SNAPSHOT.jar:?]
	at net.minecraft.server.network.ServerGamePacketListenerImpl.handleContainerClick(ServerGamePacketListenerImpl.java:3297) ~[paper-1.21.11.jar:1.21.11-131-6d5b910]
	at net.minecraft.network.protocol.game.ServerboundContainerClickPacket.handle(ServerboundContainerClickPacket.java:59) ~[paper-1.21.11.jar:1.21.11-131-6d5b910]
	at net.minecraft.network.protocol.game.ServerboundContainerClickPacket.handle(ServerboundContainerClickPacket.java:14) ~[paper-1.21.11.jar:1.21.11-131-6d5b910]
	at net.minecraft.network.PacketProcessor$ListenerAndPacket.handle(PacketProcessor.java:99) ~[paper-1.21.11.jar:1.21.11-131-6d5b910]
	at net.minecraft.network.PacketProcessor.executeSinglePacket(PacketProcessor.java:33) ~[paper-1.21.11.jar:1.21.11-131-6d5b910]
	at net.minecraft.server.MinecraftServer.runAllTasksAtTickStart(MinecraftServer.java:1180) ~[paper-1.21.11.jar:1.21.11-131-6d5b910]
	at net.minecraft.server.MinecraftServer.processPacketsAndTick(MinecraftServer.java:1666) ~[paper-1.21.11.jar:1.21.11-131-6d5b910]
	at net.minecraft.server.MinecraftServer.runServer(MinecraftServer.java:1335) ~[paper-1.21.11.jar:1.21.11-131-6d5b910]
	at net.minecraft.server.MinecraftServer.lambda$spin$2(MinecraftServer.java:388) ~[paper-1.21.11.jar:1.21.11-131-6d5b910]
	at java.base/java.lang.Thread.run(Thread.java:1474) ~[?:?]
[14:39:29] [luckperms-worker-2/INFO]: [NARENA] [GSit] buchaso (LOBBY): added [Owned[key=GSit.SitClick, value=true]], removed [Owned[key=GSit.SitClick, value=false]]
[14:39:29] [luckperms-worker-4/INFO]: [NARENA] [GSit] Kawasy_o0 (LOBBY): added [Owned[key=GSit.SitClick, value=true]], removed [Owned[key=GSit.SitClick, value=false]]
[14:39:29] [luckperms-worker-12/INFO]: [NARENA] [GSit] Ifuto_mitai (LOBBY): added [Owned[key=GSit.SitClick, value=true]], removed [Owned[key=GSit.SitClick, value=false]]
[14:39:29] [luckperms-worker-14/INFO]: [NARENA] [GSit] AsLuqz_ (LOBBY): added [Owned[key=GSit.SitClick, value=true]], removed [Owned[key=GSit.SitClick, value=false]]
[14:39:29] [luckperms-worker-1/INFO]: [NARENA] [GSit] _qat (LOBBY): added [Owned[key=GSit.SitClick, value=true]], removed [Owned[key=GSit.SitClick, value=false]]
[14:39:29] [luckperms-worker-3/INFO]: [NARENA] [GSit] ml_Hika15 (LOBBY): added [Owned[key=GSit.SitClick, value=true]], removed [Owned[key=GSit.SitClick, value=false]]
[14:39:29] [luckperms-worker-0/INFO]: [NARENA] [GSit] RiaAkiRuka (LOBBY): added [Owned[key=GSit.SitClick, value=true]], removed [Owned[key=GSit.SitClick, value=false]]
[14:39:29] [luckperms-worker-8/INFO]: [NARENA] [GSit] seyanasan (LOBBY): added [Owned[key=GSit.SitClick, value=true]], removed [Owned[key=GSit.SitClick, value=false]]
[14:39:29] [luckperms-worker-9/INFO]: [NARENA] [GSit] zqzf (LOBBY): added [Owned[key=GSit.SitClick, value=true]], removed [Owned[key=GSit.SitClick, value=false]]
[14:39:29] [luckperms-worker-6/INFO]: [NARENA] [GSit] yamanoko_ (LOBBY): added [Owned[key=GSit.SitClick, value=true]], removed [Owned[key=GSit.SitClick, value=false]]
[14:39:36] [Async Chat Thread - #44/INFO]: <AsLuqz_> best kit all time
[14:39:43] [Server thread/INFO]: [NARENA] Match start kit=sword RED=Ifuto_mitai,zqzf,RiaAkiRuka,seyanasan,buchaso BLUE=_qat,ml_Hika15,AsLuqz_,Kawasy_o0,yamanoko_
[14:39:44] [luckperms-worker-1/INFO]: [NARENA] [GSit] zqzf (MATCH): added [Owned[key=GSit.SitClick, value=false]], removed [Owned[key=GSit.SitClick, value=true]]
[14:39:44] [luckperms-worker-14/INFO]: [NARENA] [GSit] RiaAkiRuka (MATCH): added [Owned[key=GSit.SitClick, value=false]], removed [Owned[key=GSit.SitClick, value=true]]
[14:39:44] [luckperms-worker-9/INFO]: [NARENA] [GSit] seyanasan (MATCH): added [Owned[key=GSit.SitClick, value=false]], removed [Owned[key=GSit.SitClick, value=true]]
[14:39:44] [luckperms-worker-8/INFO]: [NARENA] [GSit] _qat (MATCH): added [Owned[key=GSit.SitClick, value=false]], removed [Owned[key=GSit.SitClick, value=true]]
[14:39:44] [luckperms-worker-4/INFO]: [NARENA] [GSit] Kawasy_o0 (MATCH): added [Owned[key=GSit.SitClick, value=false]], removed [Owned[key=GSit.SitClick, value=true]]
[14:39:44] [luckperms-worker-0/INFO]: [NARENA] [GSit] buchaso (MATCH): added [Owned[key=GSit.SitClick, value=false]], removed [Owned[key=GSit.SitClick, value=true]]
[14:39:44] [luckperms-worker-2/INFO]: [NARENA] [GSit] yamanoko_ (MATCH): added [Owned[key=GSit.SitClick, value=false]], removed [Owned[key=GSit.SitClick, value=true]]
[14:39:44] [luckperms-worker-12/INFO]: [NARENA] [GSit] AsLuqz_ (MATCH): added [Owned[key=GSit.SitClick, value=false]], removed [Owned[key=GSit.SitClick, value=true]]
[14:39:44] [luckperms-worker-3/INFO]: [NARENA] [GSit] Ifuto_mitai (MATCH): added [Owned[key=GSit.SitClick, value=false]], removed [Owned[key=GSit.SitClick, value=true]]
[14:39:44] [luckperms-worker-6/INFO]: [NARENA] [GSit] ml_Hika15 (MATCH): added [Owned[key=GSit.SitClick, value=false]], removed [Owned[key=GSit.SitClick, value=true]]
[14:39:44] [Server thread/INFO]: [NARENA] Re-pinning 3 participant(s) into arena 737bd713-b6fd-4e2b-9f83-1d906a69df7e before countdown (match b1adc598-2203-4d61-9583-ce1f1f2117a5).
[14:39:48] [luckperms-worker-6/INFO]: [NARENA] [GSit] AYATO_N (MATCH): added [Owned[key=GSit.SitClick, value=false]], removed [Owned[key=GSit.SitClick, value=true]]
[14:39:48] [Server thread/ERROR]: [NARENA] [Quantum] HeroBot spawn failed for profile NARENA_BOT_09b00 at Location{world=CraftWorld{name=world},x=-10223.223890322402,y=250.375,z=5655.401086350129,pitch=0.0,yaw=0.0}
java.lang.UnsupportedOperationException
	at com.google.common.collect.ImmutableMultimap.put(ImmutableMultimap.java:508) ~[guava-33.5.0-jre.jar:?]
	at com.google.common.collect.ForwardingMultimap.put(ForwardingMultimap.java:102) ~[guava-33.5.0-jre.jar:?]
	at RumilancePractice-1.76.53.jar//com.rumilance.practice.herobot.HeroBotRegistry.spawn(HeroBotRegistry.java:118) ~[?:?]
	at RumilancePractice-1.76.53.jar//com.rumilance.practice.herobot.HeroBotRegistry.spawn(HeroBotRegistry.java:90) ~[?:?]
	at RumilancePractice-1.76.53.jar//com.rumilance.practice.quantum.QuantumRuntime.spawnBot(QuantumRuntime.java:710) ~[?:?]
	at RumilancePractice-1.76.53.jar//com.rumilance.practice.gui.menus.PracticeBotSelectGui.handleClick(PracticeBotSelectGui.java:220) ~[?:?]
	at RumilancePractice-1.76.53.jar//com.rumilance.practice.gui.GuiListener.clickSafely(GuiListener.java:267) ~[?:?]
	at RumilancePractice-1.76.53.jar//com.rumilance.practice.gui.GuiListener.dispatchTopClick(GuiListener.java:327) ~[?:?]
	at RumilancePractice-1.76.53.jar//com.rumilance.practice.gui.GuiListener.onClick(GuiListener.java:252) ~[?:?]
	at co.aikar.timings.TimedEventExecutor.execute(TimedEventExecutor.java:80) ~[paper-api-1.21.11-R0.1-SNAPSHOT.jar:?]
	at org.bukkit.plugin.RegisteredListener.callEvent(RegisteredListener.java:71) ~[paper-api-1.21.11-R0.1-SNAPSHOT.jar:?]
	at io.papermc.paper.plugin.manager.PaperEventManager.callEvent(PaperEventManager.java:54) ~[paper-1.21.11.jar:1.21.11-131-6d5b910]
	at io.papermc.paper.plugin.manager.PaperPluginManagerImpl.callEvent(PaperPluginManagerImpl.java:131) ~[paper-1.21.11.jar:1.21.11-131-6d5b910]
	at org.bukkit.plugin.SimplePluginManager.callEvent(SimplePluginManager.java:628) ~[paper-api-1.21.11-R0.1-SNAPSHOT.jar:?]
	at net.minecraft.server.network.ServerGamePacketListenerImpl.handleContainerClick(ServerGamePacketListenerImpl.java:3297) ~[paper-1.21.11.jar:1.21.11-131-6d5b910]
	at net.minecraft.network.protocol.game.ServerboundContainerClickPacket.handle(ServerboundContainerClickPacket.java:59) ~[paper-1.21.11.jar:1.21.11-131-6d5b910]
	at net.minecraft.network.protocol.game.ServerboundContainerClickPacket.handle(ServerboundContainerClickPacket.java:14) ~[paper-1.21.11.jar:1.21.11-131-6d5b910]
	at net.minecraft.network.PacketProcessor$ListenerAndPacket.handle(PacketProcessor.java:99) ~[paper-1.21.11.jar:1.21.11-131-6d5b910]
	at net.minecraft.network.PacketProcessor.executeSinglePacket(PacketProcessor.java:33) ~[paper-1.21.11.jar:1.21.11-131-6d5b910]
	at net.minecraft.server.MinecraftServer.pollTask(MinecraftServer.java:1499) ~[paper-1.21.11.jar:1.21.11-131-6d5b910]
	at net.minecraft.server.MinecraftServer.recordTaskExecutionTimeWhileWaiting(MinecraftServer.java:1225) ~[paper-1.21.11.jar:1.21.11-131-6d5b910]
	at net.minecraft.server.MinecraftServer.runServer(MinecraftServer.java:1341) ~[paper-1.21.11.jar:1.21.11-131-6d5b910]
	at net.minecraft.server.MinecraftServer.lambda$spin$2(MinecraftServer.java:388) ~[paper-1.21.11.jar:1.21.11-131-6d5b910]
	at java.base/java.lang.Thread.run(Thread.java:1474) ~[?:?]
[14:39:56] [Server thread/INFO]: nikugyu_mc lost connection: Disconnected
[14:40:01] [Server thread/INFO]: AYATO_N lost connection: Disconnected
[14:40:25] [Async Chat Thread - #44/INFO]: <seyanasan> よおおおお
[14:40:35] [Async Chat Thread - #44/INFO]: <AsLuqz_> kb is so poop
[14:40:42] [Async Chat Thread - #44/INFO]: <Ifuto_mitai> kuka
[14:40:59] [Server thread/INFO]: [NARENA] [Match] TEAM kit=sword players=[Ifuto_mitai[RED], zqzf[RED], RiaAkiRuka[RED], seyanasan[RED], buchaso[RED], _qat[BLUE], ml_Hika15[BLUE], AsLuqz_[BLUE], Kawasy_o0[BLUE], yamanoko_[BLUE]] result=WINNER yamanoko_[BLUE]
[14:41:01] [Async Chat Thread - #44/INFO]: <Kawasy_o0> yoooo
[14:41:01] [Async Chat Thread - #44/INFO]: <seyanasan> いやあ
[14:41:02] [luckperms-worker-12/INFO]: [NARENA] [GSit] RiaAkiRuka (LOBBY): added [Owned[key=GSit.SitClick, value=true]], removed [Owned[key=GSit.SitClick, value=false]]
[14:41:02] [luckperms-worker-0/INFO]: [NARENA] [GSit] yamanoko_ (LOBBY): added [Owned[key=GSit.SitClick, value=true]], removed [Owned[key=GSit.SitClick, value=false]]
[14:41:02] [luckperms-worker-13/INFO]: [NARENA] [GSit] buchaso (LOBBY): added [Owned[key=GSit.SitClick, value=true]], removed [Owned[key=GSit.SitClick, value=false]]
[14:41:02] [luckperms-worker-1/INFO]: [NARENA] [GSit] Ifuto_mitai (LOBBY): added [Owned[key=GSit.SitClick, value=true]], removed [Owned[key=GSit.SitClick, value=false]]
[14:41:02] [luckperms-worker-6/INFO]: [NARENA] [GSit] _qat (LOBBY): added [Owned[key=GSit.SitClick, value=true]], removed [Owned[key=GSit.SitClick, value=false]]
[14:41:02] [luckperms-worker-14/INFO]: [NARENA] [GSit] seyanasan (LOBBY): added [Owned[key=GSit.SitClick, value=true]], removed [Owned[key=GSit.SitClick, value=false]]
[14:41:02] [luckperms-worker-4/INFO]: [NARENA] [GSit] Kawasy_o0 (LOBBY): added [Owned[key=GSit.SitClick, value=true]], removed [Owned[key=GSit.SitClick, value=false]]
[14:41:02] [luckperms-worker-9/INFO]: [NARENA] [GSit] zqzf (LOBBY): added [Owned[key=GSit.SitClick, value=true]], removed [Owned[key=GSit.SitClick, value=false]]
[14:41:02] [luckperms-worker-2/INFO]: [NARENA] [GSit] AsLuqz_ (LOBBY): added [Owned[key=GSit.SitClick, value=true]], removed [Owned[key=GSit.SitClick, value=false]]
[14:41:02] [luckperms-worker-8/INFO]: [NARENA] [GSit] ml_Hika15 (LOBBY): added [Owned[key=GSit.SitClick, value=true]], removed [Owned[key=GSit.SitClick, value=false]]
[14:41:09] [Server thread/INFO]: [NARENA] Match start kit=lt_vanilla RED=Ifuto_mitai,zqzf,RiaAkiRuka,seyanasan,buchaso BLUE=_qat,ml_Hika15,AsLuqz_,Kawasy_o0,yamanoko_
[14:41:09] [luckperms-worker-12/INFO]: [NARENA] [GSit] buchaso (MATCH): added [Owned[key=GSit.SitClick, value=false]], removed [Owned[key=GSit.SitClick, value=true]]
[14:41:09] [luckperms-worker-1/INFO]: [NARENA] [GSit] Ifuto_mitai (MATCH): added [Owned[key=GSit.SitClick, value=false]], removed [Owned[key=GSit.SitClick, value=true]]
[14:41:09] [luckperms-worker-0/INFO]: [NARENA] [GSit] ml_Hika15 (MATCH): added [Owned[key=GSit.SitClick, value=false]], removed [Owned[key=GSit.SitClick, value=true]]
[14:41:09] [luckperms-worker-14/INFO]: [NARENA] [GSit] zqzf (MATCH): added [Owned[key=GSit.SitClick, value=false]], removed [Owned[key=GSit.SitClick, value=true]]
[14:41:09] [luckperms-worker-9/INFO]: [NARENA] [GSit] RiaAkiRuka (MATCH): added [Owned[key=GSit.SitClick, value=false]], removed [Owned[key=GSit.SitClick, value=true]]
[14:41:09] [luckperms-worker-8/INFO]: [NARENA] [GSit] yamanoko_ (MATCH): added [Owned[key=GSit.SitClick, value=false]], removed [Owned[key=GSit.SitClick, value=true]]
[14:41:09] [luckperms-worker-13/INFO]: [NARENA] [GSit] seyanasan (MATCH): added [Owned[key=GSit.SitClick, value=false]], removed [Owned[key=GSit.SitClick, value=true]]
[14:41:09] [luckperms-worker-11/INFO]: [NARENA] [GSit] _qat (MATCH): added [Owned[key=GSit.SitClick, value=false]], removed [Owned[key=GSit.SitClick, value=true]]
[14:41:09] [luckperms-worker-6/INFO]: [NARENA] [GSit] AsLuqz_ (MATCH): added [Owned[key=GSit.SitClick, value=false]], removed [Owned[key=GSit.SitClick, value=true]]
[14:41:09] [luckperms-worker-4/INFO]: [NARENA] [GSit] Kawasy_o0 (MATCH): added [Owned[key=GSit.SitClick, value=false]], removed [Owned[key=GSit.SitClick, value=true]]
[14:41:10] [Server thread/INFO]: [NARENA] Re-pinning 7 participant(s) into arena caf97652-53af-4af2-9605-0e4cac2999c1 before countdown (match 8195ce5f-f92b-4c56-bbb9-1da8f241e3d2).
[14:41:14] [Async Chat Thread - #44/INFO]: <Ifuto_mitai> 横KB減らしてみます あとで
[14:41:53] [Async Chat Thread - #44/INFO]: <AsLuqz_> bp4
[14:41:54] [Async Chat Thread - #44/INFO]: <AsLuqz_> bro
[14:41:56] [Async Chat Thread - #44/INFO]: <AsLuqz_> so suck
[14:42:03] [Async Chat Thread - #44/INFO]: <seyanasan> え
[14:42:10] [Async Chat Thread - #45/INFO]: <seyanasan> らぐ
[14:43:24] [Async Chat Thread - #46/INFO]: <Ifuto_mitai> よく耐えてるな
[14:43:51] [Server thread/INFO]: [NARENA] [Match] TEAM kit=lt_vanilla players=[Ifuto_mitai[RED], zqzf[RED], RiaAkiRuka[RED], seyanasan[RED], buchaso[RED], _qat[BLUE], ml_Hika15[BLUE], AsLuqz_[BLUE], Kawasy_o0[BLUE], yamanoko_[BLUE]] result=WINNER ml_Hika15[BLUE]
[14:43:53] [luckperms-worker-4/INFO]: [NARENA] [GSit] _qat (LOBBY): added [Owned[key=GSit.SitClick, value=true]], removed [Owned[key=GSit.SitClick, value=false]]
[14:43:53] [luckperms-worker-8/INFO]: [NARENA] [GSit] zqzf (LOBBY): added [Owned[key=GSit.SitClick, value=true]], removed [Owned[key=GSit.SitClick, value=false]]
[14:43:53] [luckperms-worker-11/INFO]: [NARENA] [GSit] buchaso (LOBBY): added [Owned[key=GSit.SitClick, value=true]], removed [Owned[key=GSit.SitClick, value=false]]
[14:43:53] [luckperms-worker-6/INFO]: [NARENA] [GSit] Ifuto_mitai (LOBBY): added [Owned[key=GSit.SitClick, value=true]], removed [Owned[key=GSit.SitClick, value=false]]
[14:43:53] [luckperms-worker-7/INFO]: [NARENA] [GSit] RiaAkiRuka (LOBBY): added [Owned[key=GSit.SitClick, value=true]], removed [Owned[key=GSit.SitClick, value=false]]
[14:43:53] [luckperms-worker-15/INFO]: [NARENA] [GSit] AsLuqz_ (LOBBY): added [Owned[key=GSit.SitClick, value=true]], removed [Owned[key=GSit.SitClick, value=false]]
[14:43:53] [luckperms-worker-10/INFO]: [NARENA] [GSit] Kawasy_o0 (LOBBY): added [Owned[key=GSit.SitClick, value=true]], removed [Owned[key=GSit.SitClick, value=false]]
[14:43:53] [luckperms-worker-3/INFO]: [NARENA] [GSit] yamanoko_ (LOBBY): added [Owned[key=GSit.SitClick, value=true]], removed [Owned[key=GSit.SitClick, value=false]]
[14:43:53] [luckperms-worker-13/INFO]: [NARENA] [GSit] seyanasan (LOBBY): added [Owned[key=GSit.SitClick, value=true]], removed [Owned[key=GSit.SitClick, value=false]]
[14:43:53] [luckperms-worker-4/INFO]: [NARENA] [GSit] ml_Hika15 (LOBBY): added [Owned[key=GSit.SitClick, value=true]], removed [Owned[key=GSit.SitClick, value=false]]
[14:43:59] [Server thread/INFO]: [NARENA] Match start kit=creeper RED=Ifuto_mitai,RiaAkiRuka,seyanasan,buchaso,zqzf BLUE=_qat,ml_Hika15,AsLuqz_,Kawasy_o0,yamanoko_
[14:43:59] [luckperms-worker-4/INFO]: [NARENA] [GSit] _qat (MATCH): added [Owned[key=GSit.SitClick, value=false]], removed [Owned[key=GSit.SitClick, value=true]]
[14:43:59] [luckperms-worker-4/INFO]: [NARENA] [GSit] buchaso (MATCH): added [Owned[key=GSit.SitClick, value=false]], removed [Owned[key=GSit.SitClick, value=true]]
[14:43:59] [luckperms-worker-3/INFO]: [NARENA] [GSit] seyanasan (MATCH): added [Owned[key=GSit.SitClick, value=false]], removed [Owned[key=GSit.SitClick, value=true]]
[14:43:59] [luckperms-worker-9/INFO]: [NARENA] [GSit] Kawasy_o0 (MATCH): added [Owned[key=GSit.SitClick, value=false]], removed [Owned[key=GSit.SitClick, value=true]]
[14:43:59] [luckperms-worker-13/INFO]: [NARENA] [GSit] Ifuto_mitai (MATCH): added [Owned[key=GSit.SitClick, value=false]], removed [Owned[key=GSit.SitClick, value=true]]
[14:43:59] [luckperms-worker-12/INFO]: [NARENA] [GSit] ml_Hika15 (MATCH): added [Owned[key=GSit.SitClick, value=false]], removed [Owned[key=GSit.SitClick, value=true]]
[14:43:59] [luckperms-worker-1/INFO]: [NARENA] [GSit] zqzf (MATCH): added [Owned[key=GSit.SitClick, value=false]], removed [Owned[key=GSit.SitClick, value=true]]
[14:43:59] [luckperms-worker-0/INFO]: [NARENA] [GSit] RiaAkiRuka (MATCH): added [Owned[key=GSit.SitClick, value=false]], removed [Owned[key=GSit.SitClick, value=true]]
[14:43:59] [luckperms-worker-14/INFO]: [NARENA] [GSit] AsLuqz_ (MATCH): added [Owned[key=GSit.SitClick, value=false]], removed [Owned[key=GSit.SitClick, value=true]]
[14:43:59] [luckperms-worker-8/INFO]: [NARENA] [GSit] yamanoko_ (MATCH): added [Owned[key=GSit.SitClick, value=false]], removed [Owned[key=GSit.SitClick, value=true]]
[14:44:00] [Async Chat Thread - #46/INFO]: <buchaso> aaa
[14:44:00] [Server thread/INFO]: [NARENA] Re-pinning 8 participant(s) into arena 74f634db-f174-47c4-86dc-01c95b76ea8f before countdown (match b49af8b4-99fc-4668-995f-61b52e4327ef).
[14:44:34] [Async Chat Thread - #46/INFO]: <yamanoko_> これ自分のＴＮＴno
[14:44:38] [Async Chat Thread - #46/INFO]: <yamanoko_> のダメージくらわない
[14:45:42] [Server thread/INFO]: _qat lost connection: Disconnected
[14:46:37] [Server thread/INFO]: [NARENA] [Match] TEAM kit=creeper players=[Ifuto_mitai[RED], RiaAkiRuka[RED], seyanasan[RED], buchaso[RED], zqzf[RED], _qat[BLUE], ml_Hika15[BLUE], AsLuqz_[BLUE], Kawasy_o0[BLUE], yamanoko_[BLUE]] result=WINNER AsLuqz_[BLUE] (disconnect forfeit)
[14:46:42] [luckperms-worker-1/INFO]: [NARENA] [GSit] buchaso (LOBBY): added [Owned[key=GSit.SitClick, value=true]], removed [Owned[key=GSit.SitClick, value=false]]
[14:46:42] [luckperms-worker-0/INFO]: [NARENA] [GSit] RiaAkiRuka (LOBBY): added [Owned[key=GSit.SitClick, value=true]], removed [Owned[key=GSit.SitClick, value=false]]
[14:46:42] [luckperms-worker-14/INFO]: [NARENA] [GSit] seyanasan (LOBBY): added [Owned[key=GSit.SitClick, value=true]], removed [Owned[key=GSit.SitClick, value=false]]
[14:46:42] [luckperms-worker-2/INFO]: [NARENA] [GSit] ml_Hika15 (LOBBY): added [Owned[key=GSit.SitClick, value=true]], removed [Owned[key=GSit.SitClick, value=false]]
[14:46:42] [luckperms-worker-12/INFO]: [NARENA] [GSit] Ifuto_mitai (LOBBY): added [Owned[key=GSit.SitClick, value=true]], removed [Owned[key=GSit.SitClick, value=false]]
[14:46:42] [luckperms-worker-13/INFO]: [NARENA] [GSit] zqzf (LOBBY): added [Owned[key=GSit.SitClick, value=true]], removed [Owned[key=GSit.SitClick, value=false]]
[14:46:42] [luckperms-worker-11/INFO]: [NARENA] [GSit] AsLuqz_ (LOBBY): added [Owned[key=GSit.SitClick, value=true]], removed [Owned[key=GSit.SitClick, value=false]]
[14:46:42] [luckperms-worker-9/INFO]: [NARENA] [GSit] Kawasy_o0 (LOBBY): added [Owned[key=GSit.SitClick, value=true]], removed [Owned[key=GSit.SitClick, value=false]]
[14:46:42] [luckperms-worker-8/INFO]: [NARENA] [GSit] yamanoko_ (LOBBY): added [Owned[key=GSit.SitClick, value=true]], removed [Owned[key=GSit.SitClick, value=false]]
[14:47:01] [Async Chat Thread - #48/INFO]: <RiaAkiRuka> last
[14:47:10] [Async Chat Thread - #48/INFO]: <yamanoko_> elytraだよな
[14:47:12] [Notification Thread/WARN]: [com.fastasyncworldedit.core.Fawe] High memory usage detected, FAWE will attempt to slow operations to prevent a crash.
[14:47:13] [Async Chat Thread - #49/INFO]: <yamanoko_> ここは
[14:47:18] [Async Chat Thread - #49/INFO]: <seyanasan> うはし
[14:47:30] [Async Chat Thread - #49/INFO]: <yamanoko_> or dsmp
[14:47:36] [Async Chat Thread - #49/INFO]: <Kawasy_o0> kude nuketakara atarashiku tsukuranaito
[14:47:37] [Server thread/INFO]: [Ifuto_mitai: Set own game mode to Creative Mode]
[14:47:49] [Async Chat Thread - #49/INFO]: <seyanasan> くで消えたからどうする
[14:47:58] [Async Chat Thread - #49/INFO]: <buchaso> これはたわしーが悪い（）
[14:48:02] [Async Chat Thread - #49/INFO]: <seyanasan> せやな
[14:48:05] [Async Chat Thread - #49/INFO]: <zqzf> seyana
[14:48:07] [Async Chat Thread - #49/INFO]: <Ifuto_mitai> kusa
[14:48:11] [Async Chat Thread - #49/INFO]: <yamanoko_> partyのオーナーが圭太
[14:48:13] [Async Chat Thread - #49/INFO]: <yamanoko_> きえた
[14:48:19] [Server thread/INFO]: [ml_Hika15: Set own game mode to Survival Mode]
[14:48:20] [Server thread/INFO]: [seyanasan: Set own game mode to Creative Mode]
[14:48:22] [Server thread/INFO]: [ml_Hika15: Set own game mode to Creative Mode]
[14:48:28] [Async Chat Thread - #49/INFO]: <Ifuto_mitai> じゃあ作り直すか
[14:48:33] [Server thread/INFO]: yamanoko_ issued server command: /team join Kawasy_o0's Team
[14:48:33] [Server thread/INFO]: zqzf issued server command: /team join Kawasy_o0's Team
[14:48:35] [Server thread/INFO]: seyanasan issued server command: /team join Kawasy_o0's Team
[14:48:35] [Server thread/INFO]: RiaAkiRuka issued server command: /team join Kawasy_o0's Team
[14:48:35] [Server thread/INFO]: ml_Hika15 issued server command: /team join Kawasy_o0's Team
[14:48:36] [Server thread/INFO]: buchaso issued server command: /team join Kawasy_o0's Team
[14:48:36] [Server thread/INFO]: Ifuto_mitai issued server command: /team join Kawasy_o0's Team
[14:48:46] [Server thread/INFO]: [yamanoko_: Set own game mode to Creative Mode]
[14:48:47] [Server thread/INFO]: [yamanoko_: Set own game mode to Adventure Mode]
[14:48:50] [Server thread/INFO]: ml_Hika15 issued server command: /tp Ifuto_mitai
[14:48:50] [Server thread/INFO]: [ml_Hika15: Teleported ml_Hika15 to Ifuto_mitai]
[14:48:58] [Server thread/INFO]: [ml_Hika15: Set own game mode to Spectator Mode]
[14:48:58] [Server thread/INFO]: Ifuto_mitai issued server command: /deop ml_Hika15
[14:48:58] [Server thread/INFO]: [Ifuto_mitai: Made ml_Hika15 no longer a server operator]
[14:48:59] [Server thread/INFO]: seyanasan issued server command: /give @s minecraft:snowball
[14:48:59] [Server thread/INFO]: [seyanasan: Gave 1 [Snowball] to seyanasan]
[14:49:02] [Server thread/INFO]: zqzf issued server command: /team join Kawasy_o0's Team
[14:49:14] [Server thread/INFO]: [AsLuqz_: Set own game mode to Creative Mode]
[14:49:27] [Server thread/INFO]: zqzf issued server command: /tell AsLuqz_ party作ち直すから抜けてーlove
[14:49:37] [Async Chat Thread - #50/INFO]: <seyanasan> るあしゃんぱーちーぬけて
[14:49:42] [Server thread/INFO]: AsLuqz_ issued server command: /leave
[14:49:49] [Server thread/INFO]: ml_Hika15 issued server command: /gamemode creative
[14:49:49] [Server thread/INFO]: [ml_Hika15: Set own game mode to Creative Mode]
[14:49:51] [Server thread/INFO]: AsLuqz_ issued server command: /leave
[14:49:51] [Server thread/INFO]: Ifuto_mitai issued server command: /gamemode adventure ml_Hika15
[14:49:51] [Server thread/INFO]: [Ifuto_mitai: Set ml_Hika15's game mode to Adventure Mode]
[14:49:52] [Server thread/INFO]: AsLuqz_ lost connection: Disconnected
[14:49:55] [Server thread/INFO]: zqzf issued server command: /tell AsLuqz_ party作り直すから抜けてlove;;
[14:49:58] [User Authenticator #12/INFO]: UUID of player AsLuqz_ is b7d28ce6-0c4c-434e-a385-904f686b7ef4
[14:49:59] [Server thread/INFO]: AsLuqz_[/127.14.73.188:57475] logged in with entity id 13697 at ([world]-10266.699999988079, 290.6514776201656, 5639.12880002603)
[14:50:01] [Server thread/INFO]: zqzf issued server command: /tell AsLuqz_ party作り直すから抜けてlove;;
[14:50:04] [Server thread/INFO]: AsLuqz_ issued server command: /team join Kawasy_o0's Team
[14:50:05] [Server thread/INFO]: yamanoko_ issued server command: /give @s mace
[14:50:05] [Server thread/INFO]: [yamanoko_: Gave 1 [Mace] to yamanoko_]
[14:50:06] [Server thread/INFO]: AsLuqz_ issued server command: /team join Kawasy_o0's Team
[14:50:10] [Server thread/INFO]: [AsLuqz_: Set own game mode to Creative Mode]
[14:50:13] [Server thread/INFO]: yamanoko_ issued server command: /give @s minecraft:wind_charge 10
[14:50:13] [Server thread/INFO]: [yamanoko_: Gave 10 [Wind Charge] to yamanoko_]
[14:50:19] [Server thread/INFO]: Ifuto_mitai issued server command: /tp @s ~10000 ~ ~
[14:50:19] [Server thread/INFO]: [Ifuto_mitai: Teleported Ifuto_mitai to -42.540151, 154.657601, 5615.933276]
[14:50:23] [Server thread/INFO]: [NARENA] Match start kit=uhc RED=Kawasy_o0,yamanoko_,ml_Hika15,buchaso,Ifuto_mitai BLUE=seyanasan,RiaAkiRuka,zqzf,AsLuqz_
[14:50:23] [luckperms-worker-9/INFO]: [NARENA] [GSit] Kawasy_o0 (MATCH): added [Owned[key=GSit.SitClick, value=false]], removed [Owned[key=GSit.SitClick, value=true]]
[14:50:23] [luckperms-worker-6/INFO]: [NARENA] [GSit] RiaAkiRuka (MATCH): added [Owned[key=GSit.SitClick, value=false]], removed [Owned[key=GSit.SitClick, value=true]]
[14:50:23] [luckperms-worker-7/INFO]: [NARENA] [GSit] AsLuqz_ (MATCH): added [Owned[key=GSit.SitClick, value=false]], removed [Owned[key=GSit.SitClick, value=true]]
[14:50:23] [luckperms-worker-11/INFO]: [NARENA] [GSit] seyanasan (MATCH): added [Owned[key=GSit.SitClick, value=false]], removed [Owned[key=GSit.SitClick, value=true]]
[14:50:23] [luckperms-worker-2/INFO]: [NARENA] [GSit] ml_Hika15 (MATCH): added [Owned[key=GSit.SitClick, value=false]], removed [Owned[key=GSit.SitClick, value=true]]
[14:50:23] [luckperms-worker-8/INFO]: [NARENA] [GSit] buchaso (MATCH): added [Owned[key=GSit.SitClick, value=false]], removed [Owned[key=GSit.SitClick, value=true]]
[14:50:23] [luckperms-worker-13/INFO]: [NARENA] [GSit] Ifuto_mitai (MATCH): added [Owned[key=GSit.SitClick, value=false]], removed [Owned[key=GSit.SitClick, value=true]]
[14:50:23] [luckperms-worker-3/INFO]: [NARENA] [GSit] zqzf (MATCH): added [Owned[key=GSit.SitClick, value=false]], removed [Owned[key=GSit.SitClick, value=true]]
[14:50:23] [luckperms-worker-12/INFO]: [NARENA] [GSit] yamanoko_ (MATCH): added [Owned[key=GSit.SitClick, value=false]], removed [Owned[key=GSit.SitClick, value=true]]
[14:50:24] [Server thread/INFO]: [NARENA] Re-pinning 3 participant(s) into arena 99afa8be-6299-4d87-a174-37a1dcbd5b14 before countdown (match 17336a6c-ccc0-4adf-b045-c13953252603).
[14:51:36] [User Authenticator #13/INFO]: UUID of player iro16_1211 is 64c0a2dd-1c7d-4991-b6a8-70be95bcba84
[14:51:37] [Server thread/INFO]: iro16_1211[/127.16.185.109:57553] logged in with entity id 13905 at ([world]-10200.93584121137, 227.0, 5661.662369596375)
[14:51:37] [luckperms-worker-13/INFO]: [NARENA] [GSit] iro16_1211 (LOBBY): added [Owned[key=gsit.*, value=false]], removed []
[14:52:03] [User Authenticator #13/INFO]: UUID of player k01shi_Y_ is 509c9302-5ca0-4fc4-b7dc-059d2b833412
[14:52:04] [Server thread/INFO]: k01shi_Y_[/127.149.29.69:57573] logged in with entity id 13959 at ([world]8.5, 39.0, 8.5)
[14:52:04] [luckperms-worker-13/INFO]: [NARENA] [GSit] k01shi_Y_ (LOBBY): added [Owned[key=gsit.*, value=false], Owned[key=GSit.SitClick, value=true]], removed []
[14:52:12] [Server thread/INFO]: [NARENA] k01shi_Y_ keeps playing without the resource pack (declined) — text rank badges apply
[14:52:15] [Async Chat Thread - #50/INFO]: <buchaso> これは、はげちらかしーだな
[14:52:19] [Async Chat Thread - #50/INFO]: <Ifuto_mitai> seyana
[14:52:24] [Server thread/INFO]: k01shi_Y_ lost connection: Disconnected
[14:52:31] [Async Chat Thread - #50/INFO]: <Kawasy_o0> kawaiso
[14:52:37] [Server thread/INFO]: [NARENA] [Match] TEAM kit=uhc players=[Kawasy_o0[RED], yamanoko_[RED], ml_Hika15[RED], buchaso[RED], Ifuto_mitai[RED], seyanasan[BLUE], RiaAkiRuka[BLUE], zqzf[BLUE], AsLuqz_[BLUE]] result=WINNER seyanasan[BLUE]
[14:52:43] [luckperms-worker-2/INFO]: [NARENA] [GSit] ml_Hika15 (LOBBY): added [Owned[key=GSit.SitClick, value=true]], removed [Owned[key=GSit.SitClick, value=false]]
[14:52:43] [luckperms-worker-11/INFO]: [NARENA] [GSit] RiaAkiRuka (LOBBY): added [Owned[key=GSit.SitClick, value=true]], removed [Owned[key=GSit.SitClick, value=false]]
[14:52:43] [luckperms-worker-10/INFO]: [NARENA] [GSit] yamanoko_ (LOBBY): added [Owned[key=GSit.SitClick, value=true]], removed [Owned[key=GSit.SitClick, value=false]]
[14:52:43] [luckperms-worker-7/INFO]: [NARENA] [GSit] AsLuqz_ (LOBBY): added [Owned[key=GSit.SitClick, value=true]], removed [Owned[key=GSit.SitClick, value=false]]
[14:52:43] [luckperms-worker-13/INFO]: [NARENA] [GSit] Ifuto_mitai (LOBBY): added [Owned[key=GSit.SitClick, value=true]], removed [Owned[key=GSit.SitClick, value=false]]
[14:52:43] [luckperms-worker-8/INFO]: [NARENA] [GSit] seyanasan (LOBBY): added [Owned[key=GSit.SitClick, value=true]], removed [Owned[key=GSit.SitClick, value=false]]
[14:52:43] [luckperms-worker-9/INFO]: [NARENA] [GSit] Kawasy_o0 (LOBBY): added [Owned[key=GSit.SitClick, value=true]], removed [Owned[key=GSit.SitClick, value=false]]
[14:52:43] [luckperms-worker-3/INFO]: [NARENA] [GSit] buchaso (LOBBY): added [Owned[key=GSit.SitClick, value=true]], removed [Owned[key=GSit.SitClick, value=false]]
[14:52:43] [luckperms-worker-12/INFO]: [NARENA] [GSit] zqzf (LOBBY): added [Owned[key=GSit.SitClick, value=true]], removed [Owned[key=GSit.SitClick, value=false]]
[14:53:11] [Server thread/INFO]: iro16_1211 lost connection: Disconnected
[14:53:25] [Server thread/INFO]: yamanoko_ issued server command: /give @s minecraft:wind_charge 10
[14:53:25] [Server thread/INFO]: [yamanoko_: Gave 10 [Wind Charge] to yamanoko_]
[14:53:26] [Server thread/INFO]: yamanoko_ issued server command: /give @s mace
[14:53:26] [Server thread/INFO]: [yamanoko_: Gave 1 [Mace] to yamanoko_]
[14:53:27] [Async Chat Thread - #50/INFO]: <RiaAkiRuka> konndokoso last
[14:53:30] [Server thread/INFO]: ml_Hika15 issued server command: /hub
[14:53:34] [Server thread/INFO]: AsLuqz_ issued server command: /give AsLuqz_ minecraft:snowball
[14:53:34] [Server thread/INFO]: [AsLuqz_: Gave 1 [Snowball] to AsLuqz_]
[14:53:36] [Server thread/INFO]: [NARENA] Match start kit=trident RED=Kawasy_o0,seyanasan,RiaAkiRuka,buchaso,AsLuqz_ BLUE=yamanoko_,ml_Hika15,Ifuto_mitai,zqzf
[14:53:37] [luckperms-worker-7/INFO]: [NARENA] [GSit] RiaAkiRuka (MATCH): added [Owned[key=GSit.SitClick, value=false]], removed [Owned[key=GSit.SitClick, value=true]]
[14:53:37] [luckperms-worker-13/INFO]: [NARENA] [GSit] ml_Hika15 (MATCH): added [Owned[key=GSit.SitClick, value=false]], removed [Owned[key=GSit.SitClick, value=true]]
[14:53:37] [luckperms-worker-15/INFO]: [NARENA] [GSit] seyanasan (MATCH): added [Owned[key=GSit.SitClick, value=false]], removed [Owned[key=GSit.SitClick, value=true]]
[14:53:37] [luckperms-worker-2/INFO]: [NARENA] [GSit] zqzf (MATCH): added [Owned[key=GSit.SitClick, value=false]], removed [Owned[key=GSit.SitClick, value=true]]
[14:53:37] [luckperms-worker-10/INFO]: [NARENA] [GSit] Kawasy_o0 (MATCH): added [Owned[key=GSit.SitClick, value=false]], removed [Owned[key=GSit.SitClick, value=true]]
[14:53:37] [luckperms-worker-11/INFO]: [NARENA] [GSit] buchaso (MATCH): added [Owned[key=GSit.SitClick, value=false]], removed [Owned[key=GSit.SitClick, value=true]]
[14:53:37] [luckperms-worker-8/INFO]: [NARENA] [GSit] Ifuto_mitai (MATCH): added [Owned[key=GSit.SitClick, value=false]], removed [Owned[key=GSit.SitClick, value=true]]
[14:53:37] [luckperms-worker-3/INFO]: [NARENA] [GSit] AsLuqz_ (MATCH): added [Owned[key=GSit.SitClick, value=false]], removed [Owned[key=GSit.SitClick, value=true]]
[14:53:37] [luckperms-worker-9/INFO]: [NARENA] [GSit] yamanoko_ (MATCH): added [Owned[key=GSit.SitClick, value=false]], removed [Owned[key=GSit.SitClick, value=true]]
[14:53:38] [Server thread/INFO]: [NARENA] Re-pinning 4 participant(s) into arena acf0110f-acb1-4f38-9a21-01e996ce9b8c before countdown (match c0fff326-1ca6-43fe-a250-783444ec131f).
[14:53:49] [Async Chat Thread - #50/INFO]: <yamanoko_> 宅にい読んで雇用
[14:53:51] [Async Chat Thread - #50/INFO]: <Ifuto_mitai> yattakotonai ;;
[14:55:53] [Server thread/INFO]: [NARENA] [Match] TEAM kit=trident players=[Kawasy_o0[RED], seyanasan[RED], RiaAkiRuka[RED], buchaso[RED], AsLuqz_[RED], yamanoko_[BLUE], ml_Hika15[BLUE], Ifuto_mitai[BLUE], zqzf[BLUE]] result=WINNER Kawasy_o0[RED]
[14:55:54] [luckperms-worker-13/INFO]: [NARENA] [GSit] Kawasy_o0 (LOBBY): added [Owned[key=GSit.SitClick, value=true]], removed [Owned[key=GSit.SitClick, value=false]]
[14:55:54] [luckperms-worker-15/INFO]: [NARENA] [GSit] AsLuqz_ (LOBBY): added [Owned[key=GSit.SitClick, value=true]], removed [Owned[key=GSit.SitClick, value=false]]
[14:55:54] [luckperms-worker-3/INFO]: [NARENA] [GSit] buchaso (LOBBY): added [Owned[key=GSit.SitClick, value=true]], removed [Owned[key=GSit.SitClick, value=false]]
[14:55:54] [luckperms-worker-11/INFO]: [NARENA] [GSit] Ifuto_mitai (LOBBY): added [Owned[key=GSit.SitClick, value=true]], removed [Owned[key=GSit.SitClick, value=false]]
[14:55:54] [luckperms-worker-2/INFO]: [NARENA] [GSit] ml_Hika15 (LOBBY): added [Owned[key=GSit.SitClick, value=true]], removed [Owned[key=GSit.SitClick, value=false]]
[14:55:54] [luckperms-worker-9/INFO]: [NARENA] [GSit] zqzf (LOBBY): added [Owned[key=GSit.SitClick, value=true]], removed [Owned[key=GSit.SitClick, value=false]]
[14:55:54] [luckperms-worker-4/INFO]: [NARENA] [GSit] RiaAkiRuka (LOBBY): added [Owned[key=GSit.SitClick, value=true]], removed [Owned[key=GSit.SitClick, value=false]]
[14:55:54] [luckperms-worker-8/INFO]: [NARENA] [GSit] yamanoko_ (LOBBY): added [Owned[key=GSit.SitClick, value=true]], removed [Owned[key=GSit.SitClick, value=false]]
[14:55:54] [luckperms-worker-10/INFO]: [NARENA] [GSit] seyanasan (LOBBY): added [Owned[key=GSit.SitClick, value=true]], removed [Owned[key=GSit.SitClick, value=false]]
[14:55:59] [Server thread/INFO]: RiaAkiRuka lost connection: Disconnected
[14:56:18] [Server thread/INFO]: [NARENA] Match start kit=axe RED=Kawasy_o0,seyanasan,buchaso,AsLuqz_ BLUE=yamanoko_,ml_Hika15,Ifuto_mitai,zqzf
[14:56:19] [luckperms-worker-15/INFO]: [NARENA] [GSit] Ifuto_mitai (MATCH): added [Owned[key=GSit.SitClick, value=false]], removed [Owned[key=GSit.SitClick, value=true]]
[14:56:19] [luckperms-worker-11/INFO]: [NARENA] [GSit] ml_Hika15 (MATCH): added [Owned[key=GSit.SitClick, value=false]], removed [Owned[key=GSit.SitClick, value=true]]
[14:56:19] [luckperms-worker-4/INFO]: [NARENA] [GSit] yamanoko_ (MATCH): added [Owned[key=GSit.SitClick, value=false]], removed [Owned[key=GSit.SitClick, value=true]]
[14:56:19] [luckperms-worker-13/INFO]: [NARENA] [GSit] buchaso (MATCH): added [Owned[key=GSit.SitClick, value=false]], removed [Owned[key=GSit.SitClick, value=true]]
[14:56:19] [luckperms-worker-9/INFO]: [NARENA] [GSit] zqzf (MATCH): added [Owned[key=GSit.SitClick, value=false]], removed [Owned[key=GSit.SitClick, value=true]]
[14:56:19] [luckperms-worker-8/INFO]: [NARENA] [GSit] AsLuqz_ (MATCH): added [Owned[key=GSit.SitClick, value=false]], removed [Owned[key=GSit.SitClick, value=true]]
[14:56:19] [luckperms-worker-3/INFO]: [NARENA] [GSit] seyanasan (MATCH): added [Owned[key=GSit.SitClick, value=false]], removed [Owned[key=GSit.SitClick, value=true]]
[14:56:19] [luckperms-worker-2/INFO]: [NARENA] [GSit] Kawasy_o0 (MATCH): added [Owned[key=GSit.SitClick, value=false]], removed [Owned[key=GSit.SitClick, value=true]]
[14:57:13] [Server thread/INFO]: [NARENA] [Match] TEAM kit=axe players=[Kawasy_o0[RED], seyanasan[RED], buchaso[RED], AsLuqz_[RED], yamanoko_[BLUE], ml_Hika15[BLUE], Ifuto_mitai[BLUE], zqzf[BLUE]] result=WINNER buchaso[RED]
[14:57:16] [luckperms-worker-4/INFO]: [NARENA] [GSit] Ifuto_mitai (LOBBY): added [Owned[key=GSit.SitClick, value=true]], removed [Owned[key=GSit.SitClick, value=false]]
[14:57:16] [luckperms-worker-8/INFO]: [NARENA] [GSit] buchaso (LOBBY): added [Owned[key=GSit.SitClick, value=true]], removed [Owned[key=GSit.SitClick, value=false]]
[14:57:16] [luckperms-worker-3/INFO]: [NARENA] [GSit] seyanasan (LOBBY): added [Owned[key=GSit.SitClick, value=true]], removed [Owned[key=GSit.SitClick, value=false]]
[14:57:16] [luckperms-worker-0/INFO]: [NARENA] [GSit] AsLuqz_ (LOBBY): added [Owned[key=GSit.SitClick, value=true]], removed [Owned[key=GSit.SitClick, value=false]]
[14:57:16] [luckperms-worker-12/INFO]: [NARENA] [GSit] Kawasy_o0 (LOBBY): added [Owned[key=GSit.SitClick, value=true]], removed [Owned[key=GSit.SitClick, value=false]]
[14:57:16] [luckperms-worker-9/INFO]: [NARENA] [GSit] zqzf (LOBBY): added [Owned[key=GSit.SitClick, value=true]], removed [Owned[key=GSit.SitClick, value=false]]
[14:57:16] [luckperms-worker-11/INFO]: [NARENA] [GSit] ml_Hika15 (LOBBY): added [Owned[key=GSit.SitClick, value=true]], removed [Owned[key=GSit.SitClick, value=false]]
[14:57:16] [luckperms-worker-1/INFO]: [NARENA] [GSit] yamanoko_ (LOBBY): added [Owned[key=GSit.SitClick, value=true]], removed [Owned[key=GSit.SitClick, value=false]]
[14:57:19] [Server thread/INFO]: [NARENA] Match start kit=sword RED=Kawasy_o0,seyanasan,buchaso,AsLuqz_ BLUE=yamanoko_,ml_Hika15,Ifuto_mitai,zqzf
[14:57:20] [luckperms-worker-9/INFO]: [NARENA] [GSit] buchaso (MATCH): added [Owned[key=GSit.SitClick, value=false]], removed [Owned[key=GSit.SitClick, value=true]]
[14:57:20] [luckperms-worker-11/INFO]: [NARENA] [GSit] Ifuto_mitai (MATCH): added [Owned[key=GSit.SitClick, value=false]], removed [Owned[key=GSit.SitClick, value=true]]
[14:57:20] [luckperms-worker-6/INFO]: [NARENA] [GSit] AsLuqz_ (MATCH): added [Owned[key=GSit.SitClick, value=false]], removed [Owned[key=GSit.SitClick, value=true]]
[14:57:20] [luckperms-worker-1/INFO]: [NARENA] [GSit] seyanasan (MATCH): added [Owned[key=GSit.SitClick, value=false]], removed [Owned[key=GSit.SitClick, value=true]]
[14:57:20] [luckperms-worker-12/INFO]: [NARENA] [GSit] ml_Hika15 (MATCH): added [Owned[key=GSit.SitClick, value=false]], removed [Owned[key=GSit.SitClick, value=true]]
[14:57:20] [luckperms-worker-3/INFO]: [NARENA] [GSit] Kawasy_o0 (MATCH): added [Owned[key=GSit.SitClick, value=false]], removed [Owned[key=GSit.SitClick, value=true]]
[14:57:20] [luckperms-worker-8/INFO]: [NARENA] [GSit] yamanoko_ (MATCH): added [Owned[key=GSit.SitClick, value=false]], removed [Owned[key=GSit.SitClick, value=true]]
[14:57:20] [luckperms-worker-0/INFO]: [NARENA] [GSit] zqzf (MATCH): added [Owned[key=GSit.SitClick, value=false]], removed [Owned[key=GSit.SitClick, value=true]]
[14:57:20] [Server thread/INFO]: [NARENA] Re-pinning 1 participant(s) into arena f203089f-436c-4394-bcd4-410ce508df63 before countdown (match 9097c557-8610-4e6d-8b70-757d91fa1da7).
[14:57:40] [User Authenticator #14/INFO]: UUID of player PhantoomMC is 6f47fa20-bb0d-4aaa-b10c-1814aa62d52b
[14:57:41] [Server thread/INFO]: PhantoomMC[/127.100.192.237:57807] logged in with entity id 14412 at ([world]-10240.856906529307, 270.0, 5645.782187776211)
[14:58:20] [Async Chat Thread - #53/INFO]: <yamanoko_> 1vs1
[14:58:28] [Server thread/INFO]: [NARENA] [Match] TEAM kit=sword players=[Kawasy_o0[RED], seyanasan[RED], buchaso[RED], AsLuqz_[RED], yamanoko_[BLUE], ml_Hika15[BLUE], Ifuto_mitai[BLUE], zqzf[BLUE]] result=WINNER seyanasan[RED]
[14:58:30] [luckperms-worker-4/INFO]: [NARENA] [GSit] ml_Hika15 (LOBBY): added [Owned[key=GSit.SitClick, value=true]], removed [Owned[key=GSit.SitClick, value=false]]
[14:58:30] [luckperms-worker-3/INFO]: [NARENA] [GSit] Kawasy_o0 (LOBBY): added [Owned[key=GSit.SitClick, value=true]], removed [Owned[key=GSit.SitClick, value=false]]
[14:58:30] [luckperms-worker-6/INFO]: [NARENA] [GSit] Ifuto_mitai (LOBBY): added [Owned[key=GSit.SitClick, value=true]], removed [Owned[key=GSit.SitClick, value=false]]
[14:58:30] [luckperms-worker-1/INFO]: [NARENA] [GSit] yamanoko_ (LOBBY): added [Owned[key=GSit.SitClick, value=true]], removed [Owned[key=GSit.SitClick, value=false]]
[14:58:30] [luckperms-worker-9/INFO]: [NARENA] [GSit] buchaso (LOBBY): added [Owned[key=GSit.SitClick, value=true]], removed [Owned[key=GSit.SitClick, value=false]]
[14:58:30] [luckperms-worker-12/INFO]: [NARENA] [GSit] zqzf (LOBBY): added [Owned[key=GSit.SitClick, value=true]], removed [Owned[key=GSit.SitClick, value=false]]
[14:58:30] [luckperms-worker-7/INFO]: [NARENA] [GSit] AsLuqz_ (LOBBY): added [Owned[key=GSit.SitClick, value=true]], removed [Owned[key=GSit.SitClick, value=false]]
[14:58:30] [luckperms-worker-11/INFO]: [NARENA] [GSit] seyanasan (LOBBY): added [Owned[key=GSit.SitClick, value=true]], removed [Owned[key=GSit.SitClick, value=false]]
[14:58:49] [Server thread/INFO]: seyanasan lost connection: Disconnected
[14:58:59] [Server thread/INFO]: Kawasy_o0 lost connection: Disconnected
[14:59:22] [Async Chat Thread - #55/INFO]: <yamanoko_> じゃあこのままsmpさばでlua vs allやるか
[14:59:27] [Async Chat Thread - #55/INFO]: <zqzf> wwww
[14:59:29] [Async Chat Thread - #55/INFO]: <AsLuqz_> oh
[14:59:43] [Server thread/INFO]: Ifuto_mitai issued server command: /say /afkc
[14:59:43] [Async Chat Thread - #55/INFO]: [Ifuto_mitai] /afkc
[14:59:44] [Async Chat Thread - #55/INFO]: <yamanoko_> riaakirukaが抜けた後に言うという
[14:59:45] [Async Chat Thread - #55/INFO]: <buchaso> It`s good((
[14:59:49] [Server thread/INFO]: [Ifuto_mitai: Set own game mode to Creative Mode]
[14:59:57] [Server thread/INFO]: [Ifuto_mitai: Set own game mode to Survival Mode]
[15:00:00] [Server thread/INFO]: [Ifuto_mitai: Set own game mode to Adventure Mode]
[15:00:01] [Server thread/INFO]: yamanoko_ issued server command: /duel AsLuqz_
[15:00:03] [Server thread/INFO]: [Ifuto_mitai: Set own game mode to Survival Mode]
[15:00:05] [Server thread/INFO]: [Ifuto_mitai: Set own game mode to Creative Mode]
[15:00:05] [Server thread/INFO]: yamanoko_ issued server command: /duel AsLuqz_
[15:00:27] [Server thread/INFO]: AsLuqz_ issued server command: /rpaccept yamanoko_
[15:00:27] [Server thread/INFO]: [NARENA] Match start kit=axe yamanoko_ vs AsLuqz_
[15:00:27] [luckperms-worker-6/INFO]: [NARENA] [GSit] yamanoko_ (MATCH): added [Owned[key=GSit.SitClick, value=false]], removed [Owned[key=GSit.SitClick, value=true]]
[15:00:27] [luckperms-worker-3/INFO]: [NARENA] [GSit] AsLuqz_ (MATCH): added [Owned[key=GSit.SitClick, value=false]], removed [Owned[key=GSit.SitClick, value=true]]
[15:00:29] [Server thread/INFO]: [NARENA] Re-pinning 2 participant(s) into arena 66ce9f0b-7cd3-47d5-aa9c-f110c73e21bf before countdown (match 18dbedda-ed6a-46a6-a2e5-77417ee79570).
[15:00:40] [Server thread/INFO]: zqzf issued server command: /duel PhantoomMC
[15:00:41] [Server thread/INFO]: [Ifuto_mitai: Set own game mode to Adventure Mode]
[15:00:48] [Server thread/INFO]: zqzf issued server command: /duel PhantoomMC mace
[15:00:48] [Server thread/INFO]: Ifuto_mitai issued server command: /kit
[15:01:06] [Server thread/INFO]: [NARENA] [Match] RANKED kit=axe players=[yamanoko_, AsLuqz_] result=WINNER AsLuqz_
[15:01:07] [Server thread/INFO]: ml_Hika15 issued server command: /gamemode creative
[15:01:07] [Server thread/INFO]: [ml_Hika15: Set own game mode to Creative Mode]
[15:01:09] [Server thread/INFO]: [NARENA] Match start kit=axe yamanoko_ vs AsLuqz_
[15:01:10] [Server thread/INFO]: PhantoomMC issued server command: /rpaccept zqzf
[15:01:10] [Server thread/INFO]: [NARENA] Match start kit=mace zqzf vs PhantoomMC
[15:01:10] [luckperms-worker-3/INFO]: [NARENA] [GSit] PhantoomMC (MATCH): added [Owned[key=GSit.SitClick, value=false]], removed [Owned[key=GSit.SitClick, value=true]]
[15:01:10] [luckperms-worker-1/INFO]: [NARENA] [GSit] zqzf (MATCH): added [Owned[key=GSit.SitClick, value=false]], removed [Owned[key=GSit.SitClick, value=true]]
[15:01:11] [Server thread/INFO]: [NARENA] Re-pinning 2 participant(s) into arena 3c588222-27e5-45db-9085-53e09d54eba6 before countdown (match c4bc04d2-89f4-44e3-b538-9c6ff6971237).
[15:01:27] [Async Chat Thread - #57/INFO]: <PhantoomMC> インベントリ整理させて
[15:01:33] [Server thread/INFO]: buchaso issued server command: /rpaccept ml_Hika15
[15:01:33] [Server thread/INFO]: [NARENA] Match start kit=sword ml_Hika15 vs buchaso
[15:01:33] [luckperms-worker-1/INFO]: [NARENA] [GSit] ml_Hika15 (MATCH): added [Owned[key=GSit.SitClick, value=false]], removed [Owned[key=GSit.SitClick, value=true]]
[15:01:33] [luckperms-worker-2/INFO]: [NARENA] [GSit] buchaso (MATCH): added [Owned[key=GSit.SitClick, value=false]], removed [Owned[key=GSit.SitClick, value=true]]
[15:01:35] [Server thread/INFO]: [NARENA] Re-pinning 1 participant(s) into arena 1dea4991-ee03-43c8-b710-ad343a04858f before countdown (match bf6d5270-07bd-4acf-b09a-eb7a97a04e3a).
[15:01:44] [Server thread/INFO]: [NARENA] [Match] RANKED kit=axe players=[yamanoko_, AsLuqz_] result=WINNER AsLuqz_
[15:01:44] [Async Chat Thread - #57/INFO]: <zqzf> st
[15:01:45] [Notification Thread/WARN]: [com.fastasyncworldedit.core.Fawe] High memory usage detected, FAWE will attempt to slow operations to prevent a crash.
[15:01:49] [Server thread/INFO]: [NARENA] Match start kit=axe yamanoko_ vs AsLuqz_
[15:01:49] [Server thread/INFO]: Ifuto_mitai issued server command: /kit
[15:01:50] [Server thread/INFO]: [NARENA] Re-pinning 1 participant(s) into arena cc76c013-f4c0-49e4-8c7f-6a14dfc00306 before countdown (match 3cc37502-7e6e-4803-92ef-df585944106f).
[15:02:06] [Server thread/INFO]: [NARENA] [Match] UNRANKED kit=sword players=[ml_Hika15, buchaso] result=WINNER buchaso
[15:02:08] [Server thread/INFO]: [NARENA] Match start kit=sword ml_Hika15 vs buchaso
[15:02:12] [Server thread/INFO]: Ifuto_mitai issued server command: /setting
[15:02:14] [Netty NIO IO #0/WARN]: Failed to update secure chat state for ml_Hika15: 'Chat disabled due to missing profile public key. Please try reconnecting.'
[15:02:19] [Server thread/INFO]: [NARENA] [Match] RANKED kit=axe players=[yamanoko_, AsLuqz_] result=WINNER AsLuqz_
[15:02:23] [Server thread/INFO]: [NARENA] Match start kit=axe yamanoko_ vs AsLuqz_
[15:02:25] [Server thread/INFO]: [NARENA] Re-pinning 1 participant(s) into arena a523bf84-30a7-4e3a-a72a-598ffb1fb7e8 before countdown (match ea4697fa-03ae-42ef-9b39-96e33e3b7bd4).
[15:02:27] [Server thread/INFO]: [yamanoko_: Set own game mode to Spectator Mode]
[15:02:28] [Server thread/INFO]: [yamanoko_: Set own game mode to Survival Mode]
[15:02:42] [Server thread/INFO]: [NARENA] [Match] UNRANKED kit=sword players=[ml_Hika15, buchaso] result=WINNER ml_Hika15
[15:02:43] [Server thread/INFO]: [NARENA] Match start kit=sword ml_Hika15 vs buchaso
[15:02:45] [Server thread/INFO]: [NARENA] Re-pinning 1 participant(s) into arena 43555b52-6e3c-40fc-88ae-b59ac2ade4be before countdown (match 390c1dc9-588d-4925-a10f-e396b19fe4ad).
[15:02:49] [Notification Thread/WARN]: [com.fastasyncworldedit.core.Fawe] High memory usage detected, FAWE will attempt to slow operations to prevent a crash.
[15:03:14] [Server thread/INFO]: [NARENA] [Match] RANKED kit=axe players=[yamanoko_, AsLuqz_] result=WINNER AsLuqz_
[15:03:16] [Notification Thread/WARN]: [com.fastasyncworldedit.core.Fawe] High memory usage detected, FAWE will attempt to slow operations to prevent a crash.
[15:03:18] [Server thread/INFO]: [NARENA] Match start kit=axe yamanoko_ vs AsLuqz_
[15:03:24] [Async Chat Thread - #59/INFO]: <PhantoomMC> lag
[15:03:25] [Server thread/INFO]: [NARENA] [Match] UNRANKED kit=sword players=[ml_Hika15, buchaso] result=WINNER buchaso
[15:03:27] [Server thread/INFO]: [NARENA] Match start kit=sword ml_Hika15 vs buchaso
[15:03:29] [Server thread/INFO]: yamanoko_ issued server command: /give @s minecraft:totem_of_undying
[15:03:29] [Server thread/INFO]: [yamanoko_: Gave 1 [Totem of Undying] to yamanoko_]
[15:03:37] [Server thread/INFO]: [Ifuto_mitai: Set own game mode to Spectator Mode]
[15:03:38] [Server thread/INFO]: Ifuto_mitai issued server command: /tp yamanoko_
[15:03:38] [Server thread/INFO]: [Ifuto_mitai: Teleported Ifuto_mitai to yamanoko_]
[15:03:59] [Server thread/INFO]: [NARENA] [Match] RANKED kit=axe players=[yamanoko_, AsLuqz_] result=WINNER AsLuqz_
[15:04:02] [Server thread/INFO]: [NARENA] [Match] UNRANKED kit=sword players=[ml_Hika15, buchaso] result=WINNER ml_Hika15
[15:04:02] [Server thread/INFO]: [NARENA] Match start kit=axe yamanoko_ vs AsLuqz_
[15:04:04] [Server thread/INFO]: [NARENA] Match start kit=sword ml_Hika15 vs buchaso
[15:04:04] [Server thread/INFO]: [NARENA] Re-pinning 1 participant(s) into arena ad13ef21-3e39-47e9-9550-ab0552fc3493 before countdown (match b930a738-f8a8-4a58-a62b-38ae44dd87cb).
[15:04:05] [Server thread/INFO]: [NARENA] Re-pinning 2 participant(s) into arena a66f0233-14dd-481d-aabf-6ea59a6fa139 before countdown (match 88e6b60f-db79-4ee3-a1ba-63adc2e25bbc).
[15:04:11] [Notification Thread/WARN]: [com.fastasyncworldedit.core.Fawe] High memory usage detected, FAWE will attempt to slow operations to prevent a crash.
[15:04:15] [Server thread/INFO]: Ifuto_mitai issued server command: /tp yamanoko_
[15:04:15] [Server thread/INFO]: [Ifuto_mitai: Teleported Ifuto_mitai to yamanoko_]
[15:04:20] [Server thread/INFO]: Ifuto_mitai issued server command: /hub
[15:04:25] [User Authenticator #15/INFO]: UUID of player _3rio is 7cf0af73-a6a7-4f5d-b2f9-2fbf55ef27ac
[15:04:25] [luckperms-worker-2/INFO]: [NARENA] [GSit] _3rio (LOBBY): added [Owned[key=gsit.*, value=false]], removed []
[15:04:25] [Server thread/INFO]: _3rio[/127.76.47.95:58006] logged in with entity id 14734 at ([world]-10258.768551208279, 282.0, 5641.205683168605)
[15:04:29] [luckperms-worker-2/INFO]: [NARENA] [GSit] Ifuto_mitai (MATCH): added [Owned[key=GSit.SitClick, value=false]], removed [Owned[key=GSit.SitClick, value=true]]
[15:04:32] [Server thread/INFO]: Ifuto_mitai issued server command: /hub
[15:04:33] [luckperms-worker-2/INFO]: [NARENA] [GSit] Ifuto_mitai (LOBBY): added [Owned[key=GSit.SitClick, value=true]], removed [Owned[key=GSit.SitClick, value=false]]
[15:04:36] [luckperms-worker-2/INFO]: [NARENA] [GSit] Ifuto_mitai (MATCH): added [Owned[key=GSit.SitClick, value=false]], removed [Owned[key=GSit.SitClick, value=true]]
[15:04:37] [Server thread/INFO]: [NARENA] [Match] UNRANKED kit=sword players=[ml_Hika15, buchaso] result=WINNER ml_Hika15
[15:04:39] [luckperms-worker-6/INFO]: [NARENA] [GSit] ml_Hika15 (LOBBY): added [Owned[key=GSit.SitClick, value=true]], removed [Owned[key=GSit.SitClick, value=false]]
[15:04:39] [luckperms-worker-2/INFO]: [NARENA] [GSit] buchaso (LOBBY): added [Owned[key=GSit.SitClick, value=true]], removed [Owned[key=GSit.SitClick, value=false]]
[15:04:45] [Async Chat Thread - #61/INFO]: <buchaso> gg
[15:04:46] [Server thread/INFO]: buchaso lost connection: Disconnected
[15:04:47] [Netty NIO IO #0/WARN]: Failed to update secure chat state for ml_Hika15: 'Chat disabled due to missing profile public key. Please try reconnecting.'
[15:04:48] [Async Chat Thread - #62/INFO]: <_3rio> saba nihairenaino?
[15:04:59] [Server thread/INFO]: ml_Hika15 issued server command: /tell _3rio 今閉じてるって
[15:05:03] [Async Chat Thread - #61/INFO]: <_3rio> a-ne
[15:05:03] [Server thread/INFO]: ml_Hika15 issued server command: /tell _3rio rashii
[15:05:09] [Server thread/INFO]: [NARENA] [Match] RANKED kit=axe players=[yamanoko_, AsLuqz_] result=WINNER AsLuqz_
[15:05:13] [Server thread/INFO]: [NARENA] Match start kit=axe yamanoko_ vs AsLuqz_
[15:05:13] [Server thread/ERROR]: [NARENA] [Quantum] HeroBot spawn failed for profile NARENA_BOT_09b01 at Location{world=CraftWorld{name=world},x=-10246.83935761017,y=274.0,z=5649.129888123492,pitch=0.0,yaw=0.0}
java.lang.UnsupportedOperationException
	at com.google.common.collect.ImmutableMultimap.put(ImmutableMultimap.java:508) ~[guava-33.5.0-jre.jar:?]
	at com.google.common.collect.ForwardingMultimap.put(ForwardingMultimap.java:102) ~[guava-33.5.0-jre.jar:?]
	at RumilancePractice-1.76.53.jar//com.rumilance.practice.herobot.HeroBotRegistry.spawn(HeroBotRegistry.java:118) ~[?:?]
	at RumilancePractice-1.76.53.jar//com.rumilance.practice.herobot.HeroBotRegistry.spawn(HeroBotRegistry.java:90) ~[?:?]
	at RumilancePractice-1.76.53.jar//com.rumilance.practice.quantum.QuantumRuntime.spawnBot(QuantumRuntime.java:710) ~[?:?]
	at RumilancePractice-1.76.53.jar//com.rumilance.practice.gui.menus.PracticeBotSelectGui.handleClick(PracticeBotSelectGui.java:220) ~[?:?]
	at RumilancePractice-1.76.53.jar//com.rumilance.practice.gui.GuiListener.clickSafely(GuiListener.java:267) ~[?:?]
	at RumilancePractice-1.76.53.jar//com.rumilance.practice.gui.GuiListener.dispatchTopClick(GuiListener.java:327) ~[?:?]
	at RumilancePractice-1.76.53.jar//com.rumilance.practice.gui.GuiListener.onClick(GuiListener.java:252) ~[?:?]
	at co.aikar.timings.TimedEventExecutor.execute(TimedEventExecutor.java:80) ~[paper-api-1.21.11-R0.1-SNAPSHOT.jar:?]
	at org.bukkit.plugin.RegisteredListener.callEvent(RegisteredListener.java:71) ~[paper-api-1.21.11-R0.1-SNAPSHOT.jar:?]
	at io.papermc.paper.plugin.manager.PaperEventManager.callEvent(PaperEventManager.java:54) ~[paper-1.21.11.jar:1.21.11-131-6d5b910]
	at io.papermc.paper.plugin.manager.PaperPluginManagerImpl.callEvent(PaperPluginManagerImpl.java:131) ~[paper-1.21.11.jar:1.21.11-131-6d5b910]
	at org.bukkit.plugin.SimplePluginManager.callEvent(SimplePluginManager.java:628) ~[paper-api-1.21.11-R0.1-SNAPSHOT.jar:?]
	at net.minecraft.server.network.ServerGamePacketListenerImpl.handleContainerClick(ServerGamePacketListenerImpl.java:3297) ~[paper-1.21.11.jar:1.21.11-131-6d5b910]
	at net.minecraft.network.protocol.game.ServerboundContainerClickPacket.handle(ServerboundContainerClickPacket.java:59) ~[paper-1.21.11.jar:1.21.11-131-6d5b910]
	at net.minecraft.network.protocol.game.ServerboundContainerClickPacket.handle(ServerboundContainerClickPacket.java:14) ~[paper-1.21.11.jar:1.21.11-131-6d5b910]
	at net.minecraft.network.PacketProcessor$ListenerAndPacket.handle(PacketProcessor.java:99) ~[paper-1.21.11.jar:1.21.11-131-6d5b910]
	at net.minecraft.network.PacketProcessor.executeSinglePacket(PacketProcessor.java:33) ~[paper-1.21.11.jar:1.21.11-131-6d5b910]
	at net.minecraft.server.MinecraftServer.pollTask(MinecraftServer.java:1499) ~[paper-1.21.11.jar:1.21.11-131-6d5b910]
	at net.minecraft.server.MinecraftServer.recordTaskExecutionTimeWhileWaiting(MinecraftServer.java:1225) ~[paper-1.21.11.jar:1.21.11-131-6d5b910]
	at net.minecraft.server.MinecraftServer.runServer(MinecraftServer.java:1341) ~[paper-1.21.11.jar:1.21.11-131-6d5b910]
	at net.minecraft.server.MinecraftServer.lambda$spin$2(MinecraftServer.java:388) ~[paper-1.21.11.jar:1.21.11-131-6d5b910]
	at java.base/java.lang.Thread.run(Thread.java:1474) ~[?:?]
[15:05:25] [Server thread/INFO]: ml_Hika15 issued server command: /hub
[15:05:49] [Server thread/INFO]: Ifuto_mitai issued server command: /hub
[15:05:49] [luckperms-worker-3/INFO]: [NARENA] [GSit] Ifuto_mitai (LOBBY): added [Owned[key=GSit.SitClick, value=true]], removed [Owned[key=GSit.SitClick, value=false]]
[15:05:49] [Server thread/INFO]: [NARENA] [Match] UNRANKED kit=mace players=[zqzf, PhantoomMC] result=WINNER PhantoomMC
[15:05:54] [Server thread/INFO]: [NARENA] [Match] RANKED kit=axe players=[yamanoko_, AsLuqz_] result=WINNER AsLuqz_
[15:05:55] [luckperms-worker-3/INFO]: [NARENA] [GSit] PhantoomMC (LOBBY): added [Owned[key=GSit.SitClick, value=true]], removed [Owned[key=GSit.SitClick, value=false]]
[15:05:55] [luckperms-worker-2/INFO]: [NARENA] [GSit] zqzf (LOBBY): added [Owned[key=GSit.SitClick, value=true]], removed [Owned[key=GSit.SitClick, value=false]]
[15:05:57] [Server thread/INFO]: [NARENA] Match start kit=axe yamanoko_ vs AsLuqz_
[15:05:58] [Server thread/INFO]: [NARENA] Re-pinning 1 participant(s) into arena e9583b45-de2f-4326-9757-d1879758f65d before countdown (match fe5407bc-5fb2-4180-bf22-ad5834194c8d).
[15:06:08] [Server thread/INFO]: ml_Hika15 issued server command: /setting
[15:06:24] [Server thread/INFO]: PhantoomMC issued server command: /msg _3rio qatに裏切られたみんな
[15:06:26] [Server thread/INFO]: zqzf lost connection: Disconnected
[15:06:30] [Async Chat Thread - #63/INFO]: <_3rio> ele
[15:06:36] [Server thread/INFO]: PhantoomMC issued server command: /msg _3rio きおつけて
[15:06:41] [Async Chat Thread - #63/INFO]: <_3rio> ok
[15:06:43] [Server thread/INFO]: [NARENA] [Match] RANKED kit=axe players=[yamanoko_, AsLuqz_] result=WINNER AsLuqz_
[15:06:45] [Server thread/INFO]: [NARENA] Match start kit=axe yamanoko_ vs AsLuqz_
[15:06:47] [Server thread/INFO]: [NARENA] Re-pinning 2 participant(s) into arena 542dd711-7f9d-492e-8e95-056c38e11a82 before countdown (match 0d45b23c-cd15-4d29-bfcb-0f0e644b1b23).
[15:06:48] [Server thread/INFO]: PhantoomMC lost connection: Disconnected
[15:06:53] [Server thread/INFO]: ml_Hika15 issued server command: /rpaccept Ifuto_mitai
[15:06:53] [Server thread/INFO]: [NARENA] Match start kit=lt_vanilla Ifuto_mitai vs ml_Hika15
[15:06:53] [luckperms-worker-2/INFO]: [NARENA] [GSit] Ifuto_mitai (MATCH): added [Owned[key=GSit.SitClick, value=false]], removed [Owned[key=GSit.SitClick, value=true]]
[15:06:53] [luckperms-worker-15/INFO]: [NARENA] [GSit] ml_Hika15 (MATCH): added [Owned[key=GSit.SitClick, value=false]], removed [Owned[key=GSit.SitClick, value=true]]
[15:06:55] [Server thread/INFO]: [NARENA] Re-pinning 1 participant(s) into arena a9269606-ba8c-469a-9b84-3633265d92d1 before countdown (match 5d8e06ed-0ac0-4ee5-a0ad-ec768b2695fa).
[15:06:58] [Notification Thread/WARN]: [com.fastasyncworldedit.core.Fawe] High memory usage detected, FAWE will attempt to slow operations to prevent a crash.
[15:07:19] [Async Chat Thread - #63/INFO]: <_3rio> dareka pvp sinai?
[15:07:19] [Server thread/INFO]: [NARENA] [Match] RANKED kit=axe players=[yamanoko_, AsLuqz_] result=WINNER AsLuqz_
[15:07:21] [Server thread/INFO]: [NARENA] Match start kit=axe yamanoko_ vs AsLuqz_
[15:07:26] [Notification Thread/WARN]: [com.fastasyncworldedit.core.Fawe] High memory usage detected, FAWE will attempt to slow operations to prevent a crash.
[15:07:31] [Async Chat Thread - #63/INFO]: <yamanoko_> lag
[15:07:36] [luckperms-worker-11/INFO]: [NARENA] [GSit] _3rio (MATCH): added [Owned[key=GSit.SitClick, value=false]], removed [Owned[key=GSit.SitClick, value=true]]
[15:07:45] [Server thread/INFO]: _3rio issued server command: /lk
[15:07:47] [Server thread/INFO]: _3rio issued server command: /k
[15:08:15] [Server thread/INFO]: [NARENA] [Match] RANKED kit=axe players=[yamanoko_, AsLuqz_] result=WINNER AsLuqz_
[15:08:19] [luckperms-worker-11/INFO]: [NARENA] [GSit] yamanoko_ (LOBBY): added [Owned[key=GSit.SitClick, value=true]], removed [Owned[key=GSit.SitClick, value=false]]
[15:08:19] [luckperms-worker-7/INFO]: [NARENA] [GSit] AsLuqz_ (LOBBY): added [Owned[key=GSit.SitClick, value=true]], removed [Owned[key=GSit.SitClick, value=false]]
[15:08:31] [Async Chat Thread - #65/INFO]: <yamanoko_> bye
[15:08:35] [Server thread/WARN]: [NARENA] [N Arena][DeathBridge] revive hook failed for Ifuto_mitai
java.lang.NullPointerException
	at java.base/java.util.concurrent.ConcurrentHashMap.putVal(ConcurrentHashMap.java:1023) ~[?:?]
	at java.base/java.util.concurrent.ConcurrentHashMap.put(ConcurrentHashMap.java:1018) ~[?:?]
	at RumilancePractice-1.76.53.jar//com.rumilance.practice.match.MatchService.handleLethal(MatchService.java:1563) ~[?:?]
	at RumilancePractice-1.76.53.jar//com.rumilance.practice.match.MatchListener.lambda$onDeath$0(MatchListener.java:218) ~[?:?]
	at RumilancePractice-1.76.53.jar//com.rumilance.practice.combat.DeathBridge.runRuling(DeathBridge.java:148) ~[?:?]
	at RumilancePractice-1.76.53.jar//com.rumilance.practice.combat.DeathBridge.revivePlanned(DeathBridge.java:118) ~[?:?]
	at RumilancePractice-1.76.53.jar//com.rumilance.practice.combat.DeathBridge.lambda$onDeath$0(DeathBridge.java:91) ~[?:?]
	at org.bukkit.craftbukkit.scheduler.CraftTask.run(CraftTask.java:78) ~[paper-1.21.11.jar:1.21.11-131-6d5b910]
	at org.bukkit.craftbukkit.scheduler.CraftScheduler.mainThreadHeartbeat(CraftScheduler.java:474) ~[paper-1.21.11.jar:1.21.11-131-6d5b910]
	at net.minecraft.server.MinecraftServer.tickChildren(MinecraftServer.java:1756) ~[paper-1.21.11.jar:1.21.11-131-6d5b910]
	at net.minecraft.server.MinecraftServer.tickServer(MinecraftServer.java:1611) ~[paper-1.21.11.jar:1.21.11-131-6d5b910]
	at net.minecraft.server.dedicated.DedicatedServer.tickServer(DedicatedServer.java:427) ~[paper-1.21.11.jar:1.21.11-131-6d5b910]
	at net.minecraft.server.MinecraftServer.processPacketsAndTick(MinecraftServer.java:1667) ~[paper-1.21.11.jar:1.21.11-131-6d5b910]
	at net.minecraft.server.MinecraftServer.runServer(MinecraftServer.java:1335) ~[paper-1.21.11.jar:1.21.11-131-6d5b910]
	at net.minecraft.server.MinecraftServer.lambda$spin$2(MinecraftServer.java:388) ~[paper-1.21.11.jar:1.21.11-131-6d5b910]
	at java.base/java.lang.Thread.run(Thread.java:1474) ~[?:?]
[15:08:35] [Server thread/INFO]: yamanoko_ lost connection: Disconnected
[15:08:36] [Server thread/INFO]: AsLuqz_ lost connection: Disconnected
[15:08:39] [luckperms-worker-11/INFO]: [NARENA] [GSit] _3rio (LOBBY): added [Owned[key=GSit.SitClick, value=true]], removed [Owned[key=GSit.SitClick, value=false]]
[15:09:04] [Server thread/WARN]: [NARENA] [N Arena][DeathBridge] revive hook failed for ml_Hika15
java.lang.NullPointerException
	at java.base/java.util.concurrent.ConcurrentHashMap.putVal(ConcurrentHashMap.java:1023) ~[?:?]
	at java.base/java.util.concurrent.ConcurrentHashMap.put(ConcurrentHashMap.java:1018) ~[?:?]
	at RumilancePractice-1.76.53.jar//com.rumilance.practice.match.MatchService.handleLethal(MatchService.java:1563) ~[?:?]
	at RumilancePractice-1.76.53.jar//com.rumilance.practice.match.MatchListener.lambda$onDeath$0(MatchListener.java:218) ~[?:?]
	at RumilancePractice-1.76.53.jar//com.rumilance.practice.combat.DeathBridge.runRuling(DeathBridge.java:148) ~[?:?]
	at RumilancePractice-1.76.53.jar//com.rumilance.practice.combat.DeathBridge.revivePlanned(DeathBridge.java:118) ~[?:?]
	at RumilancePractice-1.76.53.jar//com.rumilance.practice.combat.DeathBridge.lambda$onDeath$0(DeathBridge.java:91) ~[?:?]
	at org.bukkit.craftbukkit.scheduler.CraftTask.run(CraftTask.java:78) ~[paper-1.21.11.jar:1.21.11-131-6d5b910]
	at org.bukkit.craftbukkit.scheduler.CraftScheduler.mainThreadHeartbeat(CraftScheduler.java:474) ~[paper-1.21.11.jar:1.21.11-131-6d5b910]
	at net.minecraft.server.MinecraftServer.tickChildren(MinecraftServer.java:1756) ~[paper-1.21.11.jar:1.21.11-131-6d5b910]
	at net.minecraft.server.MinecraftServer.tickServer(MinecraftServer.java:1611) ~[paper-1.21.11.jar:1.21.11-131-6d5b910]
	at net.minecraft.server.dedicated.DedicatedServer.tickServer(DedicatedServer.java:427) ~[paper-1.21.11.jar:1.21.11-131-6d5b910]
	at net.minecraft.server.MinecraftServer.processPacketsAndTick(MinecraftServer.java:1667) ~[paper-1.21.11.jar:1.21.11-131-6d5b910]
	at net.minecraft.server.MinecraftServer.runServer(MinecraftServer.java:1335) ~[paper-1.21.11.jar:1.21.11-131-6d5b910]
	at net.minecraft.server.MinecraftServer.lambda$spin$2(MinecraftServer.java:388) ~[paper-1.21.11.jar:1.21.11-131-6d5b910]
	at java.base/java.lang.Thread.run(Thread.java:1474) ~[?:?]
[15:09:08] [Server thread/ERROR]: [NARENA] [Quantum] HeroBot spawn failed for profile NARENA_BOT_09b02 at Location{world=CraftWorld{name=world},x=-10251.468223167712,y=281.125,z=5640.097326655938,pitch=0.0,yaw=0.0}
java.lang.UnsupportedOperationException
	at com.google.common.collect.ImmutableMultimap.put(ImmutableMultimap.java:508) ~[guava-33.5.0-jre.jar:?]
	at com.google.common.collect.ForwardingMultimap.put(ForwardingMultimap.java:102) ~[guava-33.5.0-jre.jar:?]
	at RumilancePractice-1.76.53.jar//com.rumilance.practice.herobot.HeroBotRegistry.spawn(HeroBotRegistry.java:118) ~[?:?]
	at RumilancePractice-1.76.53.jar//com.rumilance.practice.herobot.HeroBotRegistry.spawn(HeroBotRegistry.java:90) ~[?:?]
	at RumilancePractice-1.76.53.jar//com.rumilance.practice.quantum.QuantumRuntime.spawnBot(QuantumRuntime.java:710) ~[?:?]
	at RumilancePractice-1.76.53.jar//com.rumilance.practice.gui.menus.PracticeBotSelectGui.handleClick(PracticeBotSelectGui.java:220) ~[?:?]
	at RumilancePractice-1.76.53.jar//com.rumilance.practice.gui.GuiListener.clickSafely(GuiListener.java:267) ~[?:?]
	at RumilancePractice-1.76.53.jar//com.rumilance.practice.gui.GuiListener.dispatchTopClick(GuiListener.java:327) ~[?:?]
	at RumilancePractice-1.76.53.jar//com.rumilance.practice.gui.GuiListener.onClick(GuiListener.java:252) ~[?:?]
	at co.aikar.timings.TimedEventExecutor.execute(TimedEventExecutor.java:80) ~[paper-api-1.21.11-R0.1-SNAPSHOT.jar:?]
	at org.bukkit.plugin.RegisteredListener.callEvent(RegisteredListener.java:71) ~[paper-api-1.21.11-R0.1-SNAPSHOT.jar:?]
	at io.papermc.paper.plugin.manager.PaperEventManager.callEvent(PaperEventManager.java:54) ~[paper-1.21.11.jar:1.21.11-131-6d5b910]
	at io.papermc.paper.plugin.manager.PaperPluginManagerImpl.callEvent(PaperPluginManagerImpl.java:131) ~[paper-1.21.11.jar:1.21.11-131-6d5b910]
	at org.bukkit.plugin.SimplePluginManager.callEvent(SimplePluginManager.java:628) ~[paper-api-1.21.11-R0.1-SNAPSHOT.jar:?]
	at net.minecraft.server.network.ServerGamePacketListenerImpl.handleContainerClick(ServerGamePacketListenerImpl.java:3297) ~[paper-1.21.11.jar:1.21.11-131-6d5b910]
	at net.minecraft.network.protocol.game.ServerboundContainerClickPacket.handle(ServerboundContainerClickPacket.java:59) ~[paper-1.21.11.jar:1.21.11-131-6d5b910]
	at net.minecraft.network.protocol.game.ServerboundContainerClickPacket.handle(ServerboundContainerClickPacket.java:14) ~[paper-1.21.11.jar:1.21.11-131-6d5b910]
	at net.minecraft.network.PacketProcessor$ListenerAndPacket.handle(PacketProcessor.java:99) ~[paper-1.21.11.jar:1.21.11-131-6d5b910]
	at net.minecraft.network.PacketProcessor.executeSinglePacket(PacketProcessor.java:33) ~[paper-1.21.11.jar:1.21.11-131-6d5b910]
	at net.minecraft.server.MinecraftServer.pollTask(MinecraftServer.java:1499) ~[paper-1.21.11.jar:1.21.11-131-6d5b910]
	at net.minecraft.server.MinecraftServer.recordTaskExecutionTimeWhileWaiting(MinecraftServer.java:1225) ~[paper-1.21.11.jar:1.21.11-131-6d5b910]
	at net.minecraft.server.MinecraftServer.runServer(MinecraftServer.java:1341) ~[paper-1.21.11.jar:1.21.11-131-6d5b910]
	at net.minecraft.server.MinecraftServer.lambda$spin$2(MinecraftServer.java:388) ~[paper-1.21.11.jar:1.21.11-131-6d5b910]
	at java.base/java.lang.Thread.run(Thread.java:1474) ~[?:?]
[15:09:17] [Notification Thread/WARN]: [com.fastasyncworldedit.core.Fawe] High memory usage detected, FAWE will attempt to slow operations to prevent a crash.
[15:09:29] [Async Chat Thread - #65/INFO]: <_3rio> dareka tatakao?
[15:09:30] [User Authenticator #16/INFO]: UUID of player Nkoinoko is 34390b2c-15fd-48fb-9fe1-a2f8e74ea63f
[15:09:30] [luckperms-worker-0/INFO]: [NARENA] [GSit] Nkoinoko (LOBBY): added [Owned[key=gsit.*, value=false]], removed []
[15:09:30] [Server thread/INFO]: Nkoinoko[/127.243.20.198:58172] logged in with entity id 15214 at ([world]-10235.499643882698, 257.3513191894221, 5649.8596723282735)
[15:09:41] [Async Chat Thread - #65/INFO]: <Nkoinoko> hi
[15:09:48] [Server thread/INFO]: Ifuto_mitai issued server command: /hub
[15:09:49] [Server thread/INFO]: ml_Hika15 issued server command: /huib
[15:09:50] [Server thread/INFO]: Nkoinoko issued server command: /rpaccept _3rio
[15:09:50] [Server thread/INFO]: [NARENA] Match start kit=sword _3rio vs Nkoinoko
[15:09:50] [luckperms-worker-0/INFO]: [NARENA] [GSit] Nkoinoko (MATCH): added [Owned[key=GSit.SitClick, value=false]], removed [Owned[key=GSit.SitClick, value=true]]
[15:09:50] [luckperms-worker-15/INFO]: [NARENA] [GSit] _3rio (MATCH): added [Owned[key=GSit.SitClick, value=false]], removed [Owned[key=GSit.SitClick, value=true]]
[15:09:51] [Server thread/INFO]: ml_Hika15 issued server command: /hub
[15:09:52] [Server thread/INFO]: [NARENA] Re-pinning 1 participant(s) into arena fcdb95a5-0397-472c-8081-4ba06a8c9527 before countdown (match c3cd5a48-e55f-4f9f-bf4f-0769e40a2abf).
[15:09:53] [Server thread/INFO]: Ifuto_mitai issued server command: /forceend Ifuto_mitai
[15:09:53] [Server thread/INFO]: [NARENA] [Match] UNRANKED kit=lt_vanilla players=[Ifuto_mitai, ml_Hika15] result=DRAW
[15:09:55] [luckperms-worker-0/INFO]: [NARENA] [GSit] ml_Hika15 (LOBBY): added [Owned[key=GSit.SitClick, value=true]], removed [Owned[key=GSit.SitClick, value=false]]
[15:09:55] [luckperms-worker-15/INFO]: [NARENA] [GSit] Ifuto_mitai (LOBBY): added [Owned[key=GSit.SitClick, value=true]], removed [Owned[key=GSit.SitClick, value=false]]
[15:09:57] [Async Chat Thread - #65/INFO]: <Ifuto_mitai> faa-
[15:09:59] [luckperms-worker-15/INFO]: [NARENA] [GSit] ml_Hika15 (MATCH): added [Owned[key=GSit.SitClick, value=false]], removed [Owned[key=GSit.SitClick, value=true]]
[15:10:00] [Async Chat Thread - #65/INFO]: <Nkoinoko> waho-w
[15:10:01] [luckperms-worker-15/INFO]: [NARENA] [GSit] Ifuto_mitai (MATCH): added [Owned[key=GSit.SitClick, value=false]], removed [Owned[key=GSit.SitClick, value=true]]
[15:10:06] [Server thread/INFO]: Ifuto_mitai issued server command: /k1
[15:10:12] [luckperms-worker-15/INFO]: [NARENA] [GSit] ml_Hika15 (LOBBY): added [Owned[key=GSit.SitClick, value=true]], removed [Owned[key=GSit.SitClick, value=false]]
[15:10:15] [luckperms-worker-15/INFO]: [NARENA] [GSit] ml_Hika15 (MATCH): added [Owned[key=GSit.SitClick, value=false]], removed [Owned[key=GSit.SitClick, value=true]]
[15:10:17] [Server thread/INFO]: [NARENA] [Match] RANKED kit=sword players=[_3rio, Nkoinoko] result=WINNER Nkoinoko
[15:10:18] [Server thread/INFO]: ml_Hika15 issued server command: /k
[15:10:21] [Notification Thread/WARN]: [com.fastasyncworldedit.core.Fawe] High memory usage detected, FAWE will attempt to slow operations to prevent a crash.
[15:10:23] [luckperms-worker-14/INFO]: [NARENA] [GSit] Nkoinoko (LOBBY): added [Owned[key=GSit.SitClick, value=true]], removed [Owned[key=GSit.SitClick, value=false]]
[15:10:23] [luckperms-worker-13/INFO]: [NARENA] [GSit] _3rio (LOBBY): added [Owned[key=GSit.SitClick, value=true]], removed [Owned[key=GSit.SitClick, value=false]]
[15:10:29] [Server thread/INFO]: Ifuto_mitai issued server command: /tpa ml_Hika15
[15:10:30] [Async Chat Thread - #65/INFO]: <Nkoinoko> 俺は今1時間ソードした後で強いんだ
[15:10:31] [Async Chat Thread - #65/INFO]: <_3rio> uma
[15:10:36] [Async Chat Thread - #65/INFO]: <Nkoinoko> ty
[15:10:37] [Server thread/INFO]: ml_Hika15 issued server command: /tpaccept
[15:10:43] [Async Chat Thread - #65/INFO]: <_3rio> sugosi hetanahitogaiiiii
[15:10:50] [Async Chat Thread - #65/INFO]: <Nkoinoko> wwwww
[15:10:54] [Async Chat Thread - #65/INFO]: <Nkoinoko> ifuto()
[15:10:55] [Async Chat Thread - #65/INFO]: <_3rio> mouse nokando ikutu?
[15:11:08] [Async Chat Thread - #65/INFO]: <Nkoinoko> まって
[15:11:11] [Async Chat Thread - #65/INFO]: <_3rio> oke
[15:11:24] [Async Chat Thread - #65/INFO]: <_3rio> ifuto sa-ba- akete()
[15:11:27] [luckperms-worker-6/INFO]: [NARENA] [GSit] _3rio (MATCH): added [Owned[key=GSit.SitClick, value=false]], removed [Owned[key=GSit.SitClick, value=true]]
[15:11:31] [Server thread/INFO]: _3rio issued server command: /k
[15:11:33] [Async Chat Thread - #65/INFO]: <Nkoinoko> 1600 4000hz 67
[15:11:42] [luckperms-worker-14/INFO]: [NARENA] [GSit] Nkoinoko (MATCH): added [Owned[key=GSit.SitClick, value=false]], removed [Owned[key=GSit.SitClick, value=true]]
[15:11:44] [Async Chat Thread - #65/INFO]: <_3rio> ?
[15:11:47] [Async Chat Thread - #65/INFO]: <Nkoinoko> おおたたかってる
[15:11:58] [luckperms-worker-13/INFO]: [NARENA] [GSit] ml_Hika15 (LOBBY): added [Owned[key=GSit.SitClick, value=true]], removed [Owned[key=GSit.SitClick, value=false]]
[15:12:03] [User Authenticator #17/INFO]: UUID of player zqzf is 1f3eae68-6bbd-45c4-9c95-67eb13981402
[15:12:04] [Server thread/INFO]: Ifuto_mitai issued server command: /k1
[15:12:04] [Server thread/INFO]: zqzf[/127.176.188.22:58256] logged in with entity id 15391 at ([world]-10258.699999988079, 282.125, 5639.591181078183)
[15:12:05] [Server thread/INFO]: [NARENA] zqzf keeps playing without the resource pack (declined) — text rank badges apply
[15:12:05] [Async Chat Thread - #65/INFO]: <Nkoinoko> ifutoつよくなってる？！
[15:12:12] [luckperms-worker-14/INFO]: [NARENA] [GSit] _3rio (LOBBY): added [Owned[key=GSit.SitClick, value=true]], removed [Owned[key=GSit.SitClick, value=false]]
[15:12:13] [Server thread/INFO]: Nkoinoko issued server command: /ffa
[15:12:16] [Async Chat Thread - #66/INFO]: <Ifuto_mitai> ?
[15:12:24] [Server thread/INFO]: Nkoinoko issued server command: /spawn
[15:12:24] [Server thread/INFO]: zqzf issued server command: /rpaccept _3rio
[15:12:24] [Server thread/INFO]: [NARENA] Match start kit=sword _3rio vs zqzf
[15:12:24] [luckperms-worker-13/INFO]: [NARENA] [GSit] _3rio (MATCH): added [Owned[key=GSit.SitClick, value=false]], removed [Owned[key=GSit.SitClick, value=true]]
[15:12:24] [luckperms-worker-14/INFO]: [NARENA] [GSit] Nkoinoko (LOBBY): added [Owned[key=GSit.SitClick, value=true]], removed [Owned[key=GSit.SitClick, value=false]]
[15:12:24] [luckperms-worker-2/INFO]: [NARENA] [GSit] zqzf (MATCH): added [Owned[key=GSit.SitClick, value=false]], removed [Owned[key=GSit.SitClick, value=true]]
[15:12:25] [Server thread/INFO]: [NARENA] Re-pinning 2 participant(s) into arena 21ad0492-4b83-4bf9-b541-c30858102c93 before countdown (match 8c77b05c-f2f4-45bc-8590-419c0e215381).
[15:12:28] [Server thread/ERROR]: [NARENA] [Quantum] HeroBot spawn failed for profile NARENA_BOT_09b03 at Location{world=CraftWorld{name=world},x=-10249.621051629116,y=276.5,z=5645.77612325743,pitch=0.0,yaw=0.0}
java.lang.UnsupportedOperationException
	at com.google.common.collect.ImmutableMultimap.put(ImmutableMultimap.java:508) ~[guava-33.5.0-jre.jar:?]
	at com.google.common.collect.ForwardingMultimap.put(ForwardingMultimap.java:102) ~[guava-33.5.0-jre.jar:?]
	at RumilancePractice-1.76.53.jar//com.rumilance.practice.herobot.HeroBotRegistry.spawn(HeroBotRegistry.java:118) ~[?:?]
	at RumilancePractice-1.76.53.jar//com.rumilance.practice.herobot.HeroBotRegistry.spawn(HeroBotRegistry.java:90) ~[?:?]
	at RumilancePractice-1.76.53.jar//com.rumilance.practice.quantum.QuantumRuntime.spawnBot(QuantumRuntime.java:710) ~[?:?]
	at RumilancePractice-1.76.53.jar//com.rumilance.practice.gui.menus.PracticeBotSelectGui.handleClick(PracticeBotSelectGui.java:220) ~[?:?]
	at RumilancePractice-1.76.53.jar//com.rumilance.practice.gui.GuiListener.clickSafely(GuiListener.java:267) ~[?:?]
	at RumilancePractice-1.76.53.jar//com.rumilance.practice.gui.GuiListener.dispatchTopClick(GuiListener.java:327) ~[?:?]
	at RumilancePractice-1.76.53.jar//com.rumilance.practice.gui.GuiListener.onClick(GuiListener.java:252) ~[?:?]
	at co.aikar.timings.TimedEventExecutor.execute(TimedEventExecutor.java:80) ~[paper-api-1.21.11-R0.1-SNAPSHOT.jar:?]
	at org.bukkit.plugin.RegisteredListener.callEvent(RegisteredListener.java:71) ~[paper-api-1.21.11-R0.1-SNAPSHOT.jar:?]
	at io.papermc.paper.plugin.manager.PaperEventManager.callEvent(PaperEventManager.java:54) ~[paper-1.21.11.jar:1.21.11-131-6d5b910]
	at io.papermc.paper.plugin.manager.PaperPluginManagerImpl.callEvent(PaperPluginManagerImpl.java:131) ~[paper-1.21.11.jar:1.21.11-131-6d5b910]
	at org.bukkit.plugin.SimplePluginManager.callEvent(SimplePluginManager.java:628) ~[paper-api-1.21.11-R0.1-SNAPSHOT.jar:?]
	at net.minecraft.server.network.ServerGamePacketListenerImpl.handleContainerClick(ServerGamePacketListenerImpl.java:3297) ~[paper-1.21.11.jar:1.21.11-131-6d5b910]
	at net.minecraft.network.protocol.game.ServerboundContainerClickPacket.handle(ServerboundContainerClickPacket.java:59) ~[paper-1.21.11.jar:1.21.11-131-6d5b910]
	at net.minecraft.network.protocol.game.ServerboundContainerClickPacket.handle(ServerboundContainerClickPacket.java:14) ~[paper-1.21.11.jar:1.21.11-131-6d5b910]
	at net.minecraft.network.PacketProcessor$ListenerAndPacket.handle(PacketProcessor.java:99) ~[paper-1.21.11.jar:1.21.11-131-6d5b910]
	at net.minecraft.network.PacketProcessor.executeSinglePacket(PacketProcessor.java:33) ~[paper-1.21.11.jar:1.21.11-131-6d5b910]
	at net.minecraft.server.MinecraftServer.pollTask(MinecraftServer.java:1499) ~[paper-1.21.11.jar:1.21.11-131-6d5b910]
	at net.minecraft.server.MinecraftServer.recordTaskExecutionTimeWhileWaiting(MinecraftServer.java:1225) ~[paper-1.21.11.jar:1.21.11-131-6d5b910]
	at net.minecraft.server.MinecraftServer.runServer(MinecraftServer.java:1341) ~[paper-1.21.11.jar:1.21.11-131-6d5b910]
	at net.minecraft.server.MinecraftServer.lambda$spin$2(MinecraftServer.java:388) ~[paper-1.21.11.jar:1.21.11-131-6d5b910]
	at java.base/java.lang.Thread.run(Thread.java:1474) ~[?:?]
[15:12:29] [luckperms-worker-6/INFO]: [NARENA] [GSit] _3rio (LOBBY): added [Owned[key=GSit.SitClick, value=true]], removed [Owned[key=GSit.SitClick, value=false]]
[15:12:29] [luckperms-worker-13/INFO]: [NARENA] [GSit] zqzf (LOBBY): added [Owned[key=GSit.SitClick, value=true]], removed [Owned[key=GSit.SitClick, value=false]]
[15:12:31] [Async Chat Thread - #66/INFO]: <_3rio> a
[15:12:32] [Async Chat Thread - #66/INFO]: <_3rio> misutta
[15:12:36] [Async Chat Thread - #66/INFO]: <Nkoinoko> quantambotでてない？
[15:12:36] [Async Chat Thread - #66/INFO]: <zqzf> ha
[15:12:40] [Async Chat Thread - #66/INFO]: <_3rio> gomen
[15:12:41] [Async Chat Thread - #66/INFO]: <Ifuto_mitai> でてるけど
[15:12:44] [Async Chat Thread - #66/INFO]: <Ifuto_mitai> 多少バグってる
[15:12:46] [Server thread/INFO]: Ifuto_mitai issued server command: /hub
[15:12:46] [luckperms-worker-2/INFO]: [NARENA] [GSit] Ifuto_mitai (LOBBY): added [Owned[key=GSit.SitClick, value=true]], removed [Owned[key=GSit.SitClick, value=false]]
[15:12:47] [Server thread/INFO]: Ifuto_mitai issued server command: /bot
[15:12:47] [Server thread/ERROR]: [NARENA] [Quantum] HeroBot spawn failed for profile NARENA_BOT_09b04 at Location{world=CraftWorld{name=world},x=-10259.06404942214,y=280.0,z=5644.602452802072,pitch=0.0,yaw=0.0}
java.lang.UnsupportedOperationException
	at com.google.common.collect.ImmutableMultimap.put(ImmutableMultimap.java:508) ~[guava-33.5.0-jre.jar:?]
	at com.google.common.collect.ForwardingMultimap.put(ForwardingMultimap.java:102) ~[guava-33.5.0-jre.jar:?]
	at RumilancePractice-1.76.53.jar//com.rumilance.practice.herobot.HeroBotRegistry.spawn(HeroBotRegistry.java:118) ~[?:?]
	at RumilancePractice-1.76.53.jar//com.rumilance.practice.herobot.HeroBotRegistry.spawn(HeroBotRegistry.java:90) ~[?:?]
	at RumilancePractice-1.76.53.jar//com.rumilance.practice.quantum.QuantumRuntime.spawnBot(QuantumRuntime.java:710) ~[?:?]
	at RumilancePractice-1.76.53.jar//com.rumilance.practice.practice.BotGuiCommand.onCommand(BotGuiCommand.java:45) ~[?:?]
	at org.bukkit.command.PluginCommand.execute(PluginCommand.java:45) ~[paper-api-1.21.11-R0.1-SNAPSHOT.jar:?]
	at io.papermc.paper.command.brigadier.bukkit.BukkitCommandNode$BukkitBrigCommand.run(BukkitCommandNode.java:83) ~[paper-1.21.11.jar:1.21.11-131-6d5b910]
	at com.mojang.brigadier.context.ContextChain.runExecutable(ContextChain.java:73) ~[brigadier-1.3.10.jar:?]
	at net.minecraft.commands.execution.tasks.ExecuteCommand.execute(ExecuteCommand.java:30) ~[paper-1.21.11.jar:1.21.11-131-6d5b910]
	at net.minecraft.commands.execution.tasks.ExecuteCommand.execute(ExecuteCommand.java:13) ~[paper-1.21.11.jar:1.21.11-131-6d5b910]
	at net.minecraft.commands.execution.UnboundEntryAction.lambda$bind$0(UnboundEntryAction.java:8) ~[paper-1.21.11.jar:1.21.11-131-6d5b910]
	at net.minecraft.commands.execution.CommandQueueEntry.execute(CommandQueueEntry.java:5) ~[paper-1.21.11.jar:1.21.11-131-6d5b910]
	at net.minecraft.commands.execution.ExecutionContext.runCommandQueue(ExecutionContext.java:104) ~[paper-1.21.11.jar:1.21.11-131-6d5b910]
	at net.minecraft.commands.Commands.executeCommandInContext(Commands.java:469) ~[paper-1.21.11.jar:1.21.11-131-6d5b910]
	at net.minecraft.commands.Commands.performCommand(Commands.java:374) ~[paper-1.21.11.jar:1.21.11-131-6d5b910]
	at net.minecraft.commands.Commands.performCommand(Commands.java:362) ~[paper-1.21.11.jar:1.21.11-131-6d5b910]
	at net.minecraft.server.network.ServerGamePacketListenerImpl.performUnsignedChatCommand(ServerGamePacketListenerImpl.java:2375) ~[paper-1.21.11.jar:1.21.11-131-6d5b910]
	at net.minecraft.server.network.ServerGamePacketListenerImpl.lambda$handleChatCommand$12(ServerGamePacketListenerImpl.java:2348) ~[paper-1.21.11.jar:1.21.11-131-6d5b910]
	at net.minecraft.server.TickTask.run(TickTask.java:18) ~[paper-1.21.11.jar:1.21.11-131-6d5b910]
	at net.minecraft.util.thread.BlockableEventLoop.doRunTask(BlockableEventLoop.java:177) ~[paper-1.21.11.jar:1.21.11-131-6d5b910]
	at net.minecraft.util.thread.ReentrantBlockableEventLoop.doRunTask(ReentrantBlockableEventLoop.java:24) ~[paper-1.21.11.jar:1.21.11-131-6d5b910]
	at net.minecraft.server.MinecraftServer.doRunTask(MinecraftServer.java:1525) ~[paper-1.21.11.jar:1.21.11-131-6d5b910]
	at net.minecraft.server.MinecraftServer.doRunTask(MinecraftServer.java:188) ~[paper-1.21.11.jar:1.21.11-131-6d5b910]
	at net.minecraft.util.thread.BlockableEventLoop.pollTask(BlockableEventLoop.java:151) ~[paper-1.21.11.jar:1.21.11-131-6d5b910]
	at net.minecraft.server.MinecraftServer.pollTaskInternal(MinecraftServer.java:1505) ~[paper-1.21.11.jar:1.21.11-131-6d5b910]
	at net.minecraft.server.MinecraftServer.pollTask(MinecraftServer.java:1499) ~[paper-1.21.11.jar:1.21.11-131-6d5b910]
	at net.minecraft.server.MinecraftServer.recordTaskExecutionTimeWhileWaiting(MinecraftServer.java:1225) ~[paper-1.21.11.jar:1.21.11-131-6d5b910]
	at net.minecraft.server.MinecraftServer.runServer(MinecraftServer.java:1341) ~[paper-1.21.11.jar:1.21.11-131-6d5b910]
	at net.minecraft.server.MinecraftServer.lambda$spin$2(MinecraftServer.java:388) ~[paper-1.21.11.jar:1.21.11-131-6d5b910]
	at java.base/java.lang.Thread.run(Thread.java:1474) ~[?:?]
[15:12:47] [Async Chat Thread - #66/INFO]: <Nkoinoko> ane
[15:12:57] [Server thread/INFO]: zqzf issued server command: /rpaccept _3rio
[15:12:57] [Server thread/INFO]: [NARENA] Match start kit=sword _3rio vs zqzf
[15:12:58] [Server thread/INFO]: Ifuto_mitai issued server command: /quantum bots
[15:12:58] [luckperms-worker-6/INFO]: [NARENA] [GSit] _3rio (MATCH): added [Owned[key=GSit.SitClick, value=false]], removed [Owned[key=GSit.SitClick, value=true]]
[15:12:58] [luckperms-worker-14/INFO]: [NARENA] [GSit] zqzf (MATCH): added [Owned[key=GSit.SitClick, value=false]], removed [Owned[key=GSit.SitClick, value=true]]
[15:12:59] [Server thread/INFO]: [NARENA] Re-pinning 1 participant(s) into arena a70064f8-04b5-4082-b59e-11908c5b03d3 before countdown (match 10e747b8-dc04-46fd-a491-f85fe8dee9b7).
[15:13:04] [Server thread/INFO]: Ifuto_mitai issued server command: /quantum spawnbot
[15:13:04] [Server thread/ERROR]: [NARENA] [Quantum] HeroBot spawn failed for profile NARENA_BOT_09b05 at Location{world=CraftWorld{name=world},x=-10245.909026814825,y=278.125,z=5640.503115181796,pitch=0.0,yaw=0.0}
java.lang.UnsupportedOperationException
	at com.google.common.collect.ImmutableMultimap.put(ImmutableMultimap.java:508) ~[guava-33.5.0-jre.jar:?]
	at com.google.common.collect.ForwardingMultimap.put(ForwardingMultimap.java:102) ~[guava-33.5.0-jre.jar:?]
	at RumilancePractice-1.76.53.jar//com.rumilance.practice.herobot.HeroBotRegistry.spawn(HeroBotRegistry.java:118) ~[?:?]
	at RumilancePractice-1.76.53.jar//com.rumilance.practice.herobot.HeroBotRegistry.spawn(HeroBotRegistry.java:90) ~[?:?]
	at RumilancePractice-1.76.53.jar//com.rumilance.practice.quantum.QuantumRuntime.spawnBot(QuantumRuntime.java:710) ~[?:?]
	at RumilancePractice-1.76.53.jar//com.rumilance.practice.quantum.QuantumCommand.onCommand(QuantumCommand.java:114) ~[?:?]
	at org.bukkit.command.PluginCommand.execute(PluginCommand.java:45) ~[paper-api-1.21.11-R0.1-SNAPSHOT.jar:?]
	at io.papermc.paper.command.brigadier.bukkit.BukkitCommandNode$BukkitBrigCommand.run(BukkitCommandNode.java:83) ~[paper-1.21.11.jar:1.21.11-131-6d5b910]
	at com.mojang.brigadier.context.ContextChain.runExecutable(ContextChain.java:73) ~[brigadier-1.3.10.jar:?]
	at net.minecraft.commands.execution.tasks.ExecuteCommand.execute(ExecuteCommand.java:30) ~[paper-1.21.11.jar:1.21.11-131-6d5b910]
	at net.minecraft.commands.execution.tasks.ExecuteCommand.execute(ExecuteCommand.java:13) ~[paper-1.21.11.jar:1.21.11-131-6d5b910]
	at net.minecraft.commands.execution.UnboundEntryAction.lambda$bind$0(UnboundEntryAction.java:8) ~[paper-1.21.11.jar:1.21.11-131-6d5b910]
	at net.minecraft.commands.execution.CommandQueueEntry.execute(CommandQueueEntry.java:5) ~[paper-1.21.11.jar:1.21.11-131-6d5b910]
	at net.minecraft.commands.execution.ExecutionContext.runCommandQueue(ExecutionContext.java:104) ~[paper-1.21.11.jar:1.21.11-131-6d5b910]
	at net.minecraft.commands.Commands.executeCommandInContext(Commands.java:469) ~[paper-1.21.11.jar:1.21.11-131-6d5b910]
	at net.minecraft.commands.Commands.performCommand(Commands.java:374) ~[paper-1.21.11.jar:1.21.11-131-6d5b910]
	at net.minecraft.commands.Commands.performCommand(Commands.java:362) ~[paper-1.21.11.jar:1.21.11-131-6d5b910]
	at net.minecraft.server.network.ServerGamePacketListenerImpl.performUnsignedChatCommand(ServerGamePacketListenerImpl.java:2375) ~[paper-1.21.11.jar:1.21.11-131-6d5b910]
	at net.minecraft.server.network.ServerGamePacketListenerImpl.lambda$handleChatCommand$12(ServerGamePacketListenerImpl.java:2348) ~[paper-1.21.11.jar:1.21.11-131-6d5b910]
	at net.minecraft.server.TickTask.run(TickTask.java:18) ~[paper-1.21.11.jar:1.21.11-131-6d5b910]
	at net.minecraft.util.thread.BlockableEventLoop.doRunTask(BlockableEventLoop.java:177) ~[paper-1.21.11.jar:1.21.11-131-6d5b910]
	at net.minecraft.util.thread.ReentrantBlockableEventLoop.doRunTask(ReentrantBlockableEventLoop.java:24) ~[paper-1.21.11.jar:1.21.11-131-6d5b910]
	at net.minecraft.server.MinecraftServer.doRunTask(MinecraftServer.java:1525) ~[paper-1.21.11.jar:1.21.11-131-6d5b910]
	at net.minecraft.server.MinecraftServer.doRunTask(MinecraftServer.java:188) ~[paper-1.21.11.jar:1.21.11-131-6d5b910]
	at net.minecraft.util.thread.BlockableEventLoop.pollTask(BlockableEventLoop.java:151) ~[paper-1.21.11.jar:1.21.11-131-6d5b910]
	at net.minecraft.server.MinecraftServer.pollTaskInternal(MinecraftServer.java:1505) ~[paper-1.21.11.jar:1.21.11-131-6d5b910]
	at net.minecraft.server.MinecraftServer.pollTask(MinecraftServer.java:1499) ~[paper-1.21.11.jar:1.21.11-131-6d5b910]
	at net.minecraft.server.MinecraftServer.recordTaskExecutionTimeWhileWaiting(MinecraftServer.java:1225) ~[paper-1.21.11.jar:1.21.11-131-6d5b910]
	at net.minecraft.server.MinecraftServer.runServer(MinecraftServer.java:1341) ~[paper-1.21.11.jar:1.21.11-131-6d5b910]
	at net.minecraft.server.MinecraftServer.lambda$spin$2(MinecraftServer.java:388) ~[paper-1.21.11.jar:1.21.11-131-6d5b910]
	at java.base/java.lang.Thread.run(Thread.java:1474) ~[?:?]
[15:13:04] [Server thread/ERROR]: Command exception: /quantum spawnbot
org.bukkit.command.CommandException: Unhandled exception executing command 'quantum' in plugin NARENA v1.76.53
	at org.bukkit.command.PluginCommand.execute(PluginCommand.java:47) ~[paper-api-1.21.11-R0.1-SNAPSHOT.jar:?]
	at io.papermc.paper.command.brigadier.bukkit.BukkitCommandNode$BukkitBrigCommand.run(BukkitCommandNode.java:83) ~[paper-1.21.11.jar:1.21.11-131-6d5b910]
	at com.mojang.brigadier.context.ContextChain.runExecutable(ContextChain.java:73) ~[brigadier-1.3.10.jar:?]
	at net.minecraft.commands.execution.tasks.ExecuteCommand.execute(ExecuteCommand.java:30) ~[paper-1.21.11.jar:1.21.11-131-6d5b910]
	at net.minecraft.commands.execution.tasks.ExecuteCommand.execute(ExecuteCommand.java:13) ~[paper-1.21.11.jar:1.21.11-131-6d5b910]
	at net.minecraft.commands.execution.UnboundEntryAction.lambda$bind$0(UnboundEntryAction.java:8) ~[paper-1.21.11.jar:1.21.11-131-6d5b910]
	at net.minecraft.commands.execution.CommandQueueEntry.execute(CommandQueueEntry.java:5) ~[paper-1.21.11.jar:1.21.11-131-6d5b910]
	at net.minecraft.commands.execution.ExecutionContext.runCommandQueue(ExecutionContext.java:104) ~[paper-1.21.11.jar:1.21.11-131-6d5b910]
	at net.minecraft.commands.Commands.executeCommandInContext(Commands.java:469) ~[paper-1.21.11.jar:1.21.11-131-6d5b910]
	at net.minecraft.commands.Commands.performCommand(Commands.java:374) ~[paper-1.21.11.jar:1.21.11-131-6d5b910]
	at net.minecraft.commands.Commands.performCommand(Commands.java:362) ~[paper-1.21.11.jar:1.21.11-131-6d5b910]
	at net.minecraft.server.network.ServerGamePacketListenerImpl.performUnsignedChatCommand(ServerGamePacketListenerImpl.java:2375) ~[paper-1.21.11.jar:1.21.11-131-6d5b910]
	at net.minecraft.server.network.ServerGamePacketListenerImpl.lambda$handleChatCommand$12(ServerGamePacketListenerImpl.java:2348) ~[paper-1.21.11.jar:1.21.11-131-6d5b910]
	at net.minecraft.server.TickTask.run(TickTask.java:18) ~[paper-1.21.11.jar:1.21.11-131-6d5b910]
	at net.minecraft.util.thread.BlockableEventLoop.doRunTask(BlockableEventLoop.java:177) ~[paper-1.21.11.jar:1.21.11-131-6d5b910]
	at net.minecraft.util.thread.ReentrantBlockableEventLoop.doRunTask(ReentrantBlockableEventLoop.java:24) ~[paper-1.21.11.jar:1.21.11-131-6d5b910]
	at net.minecraft.server.MinecraftServer.doRunTask(MinecraftServer.java:1525) ~[paper-1.21.11.jar:1.21.11-131-6d5b910]
	at net.minecraft.server.MinecraftServer.doRunTask(MinecraftServer.java:188) ~[paper-1.21.11.jar:1.21.11-131-6d5b910]
	at net.minecraft.util.thread.BlockableEventLoop.pollTask(BlockableEventLoop.java:151) ~[paper-1.21.11.jar:1.21.11-131-6d5b910]
	at net.minecraft.server.MinecraftServer.pollTaskInternal(MinecraftServer.java:1505) ~[paper-1.21.11.jar:1.21.11-131-6d5b910]
	at net.minecraft.server.MinecraftServer.pollTask(MinecraftServer.java:1499) ~[paper-1.21.11.jar:1.21.11-131-6d5b910]
	at net.minecraft.server.MinecraftServer.recordTaskExecutionTimeWhileWaiting(MinecraftServer.java:1225) ~[paper-1.21.11.jar:1.21.11-131-6d5b910]
	at net.minecraft.server.MinecraftServer.runServer(MinecraftServer.java:1341) ~[paper-1.21.11.jar:1.21.11-131-6d5b910]
	at net.minecraft.server.MinecraftServer.lambda$spin$2(MinecraftServer.java:388) ~[paper-1.21.11.jar:1.21.11-131-6d5b910]
	at java.base/java.lang.Thread.run(Thread.java:1474) ~[?:?]
Caused by: java.lang.IllegalStateException: HeroBot spawn failed: UnsupportedOperationException
	at RumilancePractice-1.76.53.jar//com.rumilance.practice.quantum.QuantumRuntime.spawnBot(QuantumRuntime.java:724) ~[?:?]
	at RumilancePractice-1.76.53.jar//com.rumilance.practice.quantum.QuantumCommand.onCommand(QuantumCommand.java:114) ~[?:?]
	at org.bukkit.command.PluginCommand.execute(PluginCommand.java:45) ~[paper-api-1.21.11-R0.1-SNAPSHOT.jar:?]
	... 24 more
Caused by: java.lang.UnsupportedOperationException
	at com.google.common.collect.ImmutableMultimap.put(ImmutableMultimap.java:508) ~[guava-33.5.0-jre.jar:?]
	at com.google.common.collect.ForwardingMultimap.put(ForwardingMultimap.java:102) ~[guava-33.5.0-jre.jar:?]
	at RumilancePractice-1.76.53.jar//com.rumilance.practice.herobot.HeroBotRegistry.spawn(HeroBotRegistry.java:118) ~[?:?]
	at RumilancePractice-1.76.53.jar//com.rumilance.practice.herobot.HeroBotRegistry.spawn(HeroBotRegistry.java:90) ~[?:?]
	at RumilancePractice-1.76.53.jar//com.rumilance.practice.quantum.QuantumRuntime.spawnBot(QuantumRuntime.java:710) ~[?:?]
	... 26 more
[15:13:19] [luckperms-worker-6/INFO]: [NARENA] [GSit] Ifuto_mitai (MATCH): added [Owned[key=GSit.SitClick, value=false]], removed [Owned[key=GSit.SitClick, value=true]]
[15:13:20] [Server thread/INFO]: Ifuto_mitai issued server command: /hub
[15:13:21] [luckperms-worker-6/INFO]: [NARENA] [GSit] Ifuto_mitai (LOBBY): added [Owned[key=GSit.SitClick, value=true]], removed [Owned[key=GSit.SitClick, value=false]]
[15:13:28] [Server thread/INFO]: Nkoinoko issued server command: /rpaccept Ifuto_mitai
[15:13:28] [Server thread/INFO]: [NARENA] Match start kit=sword Ifuto_mitai vs Nkoinoko
[15:13:29] [luckperms-worker-14/INFO]: [NARENA] [GSit] Nkoinoko (MATCH): added [Owned[key=GSit.SitClick, value=false]], removed [Owned[key=GSit.SitClick, value=true]]
[15:13:29] [luckperms-worker-11/INFO]: [NARENA] [GSit] Ifuto_mitai (MATCH): added [Owned[key=GSit.SitClick, value=false]], removed [Owned[key=GSit.SitClick, value=true]]
[15:13:32] [Server thread/INFO]: [NARENA] [Match] RANKED kit=sword players=[_3rio, zqzf] result=WINNER zqzf
[15:13:34] [Server thread/INFO]: [NARENA] Match start kit=sword _3rio vs zqzf
[15:13:36] [Server thread/INFO]: [NARENA] Re-pinning 2 participant(s) into arena 804ec663-b53e-4522-96c5-4e3570b1f360 before countdown (match 0cf0a624-cf15-4e17-aa50-42bdd2264e93).
[15:13:47] [Async Chat Thread - #66/INFO]: <Ifuto_mitai> lagg
[15:13:47] [Async Chat Thread - #66/INFO]: <Nkoinoko> smpひらいた？
[15:13:57] [Server thread/INFO]: ml_Hika15 lost connection: Disconnected
[15:14:00] [Async Chat Thread - #66/INFO]: <zqzf> lag
[15:14:05] [Async Chat Thread - #66/INFO]: <Nkoinoko> laggg
[15:14:11] [User Authenticator #18/INFO]: UUID of player ml_Hika15 is d49952df-7216-4882-92e3-3d0fa7075af5
[15:14:12] [Server thread/INFO]: ml_Hika15[/172.16.42.210:58399] logged in with entity id 15473 at ([world]-10258.33995691691, 279.5, 5645.11341561563)
[15:14:20] [Async Chat Thread - #66/INFO]: <Nkoinoko> www
[15:14:21] [User Authenticator #18/INFO]: UUID of player Kawasy_o0 is e8a63fe1-b011-4149-8074-5303370c2922
[15:14:22] [Server thread/INFO]: Kawasy_o0[/127.84.219.133:58413] logged in with entity id 15476 at ([world]-10260.446974468958, 287.125, 5636.835762184141)
[15:14:22] [Async Chat Thread - #66/INFO]: <Ifuto_mitai> lagggggg
[15:14:32] [Server thread/INFO]: [NARENA] [Match] UNRANKED kit=sword players=[Ifuto_mitai, Nkoinoko] result=WINNER Nkoinoko
[15:14:33] [Server thread/INFO]: [NARENA] Match start kit=sword Ifuto_mitai vs Nkoinoko
[15:14:35] [Async Chat Thread - #66/INFO]: <Nkoinoko> ooo
[15:14:37] [Async Chat Thread - #66/INFO]: <Nkoinoko> umakunatteru
[15:14:37] [Server thread/INFO]: [NARENA] [Match] RANKED kit=sword players=[_3rio, zqzf] result=WINNER zqzf
[15:14:39] [luckperms-worker-1/INFO]: [NARENA] [GSit] zqzf (LOBBY): added [Owned[key=GSit.SitClick, value=true]], removed [Owned[key=GSit.SitClick, value=false]]
[15:14:39] [luckperms-worker-8/INFO]: [NARENA] [GSit] _3rio (LOBBY): added [Owned[key=GSit.SitClick, value=true]], removed [Owned[key=GSit.SitClick, value=false]]
[15:14:46] [Async Chat Thread - #66/INFO]: <_3rio> ore hetada..
[15:14:47] [Server thread/INFO]: Kawasy_o0 issued server command: /rpaccept ml_Hika15
[15:14:47] [Server thread/INFO]: [NARENA] Match start kit=mace ml_Hika15 vs Kawasy_o0
[15:14:47] [luckperms-worker-0/INFO]: [NARENA] [GSit] Kawasy_o0 (MATCH): added [Owned[key=GSit.SitClick, value=false]], removed [Owned[key=GSit.SitClick, value=true]]
[15:14:47] [luckperms-worker-8/INFO]: [NARENA] [GSit] ml_Hika15 (MATCH): added [Owned[key=GSit.SitClick, value=false]], removed [Owned[key=GSit.SitClick, value=true]]
[15:14:58] [Async Chat Thread - #66/INFO]: <Nkoinoko> lag
[15:14:58] [Netty NIO IO #1/WARN]: Failed to update secure chat state for ml_Hika15: 'Chat disabled due to missing profile public key. Please try reconnecting.'
[15:15:03] [Notification Thread/WARN]: [com.fastasyncworldedit.core.Fawe] High memory usage detected, FAWE will attempt to slow operations to prevent a crash.
[15:15:14] [Paper Watchdog Thread/ERROR]: --- DO NOT REPORT THIS TO PAPER - THIS IS NOT A BUG OR A CRASH  - 1.21.11-131-6d5b910 (MC: 1.21.11) ---
[15:15:14] [Paper Watchdog Thread/ERROR]: The server has not responded for -1 seconds! Creating thread dump
[15:15:14] [Paper Watchdog Thread/ERROR]: ------------------------------
[15:15:14] [Paper Watchdog Thread/ERROR]: Server thread dump (Look for plugins here before reporting to Paper!):
[15:15:14] [Paper Watchdog Thread/ERROR]: ------------------------------
[15:15:14] [Paper Watchdog Thread/ERROR]: Current Thread: Server thread
[15:15:14] [Paper Watchdog Thread/ERROR]: 	PID: 55 | Suspended: false | Native: false | State: RUNNABLE
[15:15:14] [Paper Watchdog Thread/ERROR]: 	Stack:
[15:15:14] [Paper Watchdog Thread/ERROR]: 		java.base@25.0.2/java.util.Objects.equals(Objects.java:62)
[15:15:14] [Paper Watchdog Thread/ERROR]: 		com.mojang.serialization.Codec.lambda$optionalFieldOf$12(Codec.java:306)
[15:15:14] [Paper Watchdog Thread/ERROR]: 		com.mojang.serialization.Codec$$Lambda/0x00000000181eea10.apply(Unknown Source)
[15:15:14] [Paper Watchdog Thread/ERROR]: 		com.mojang.serialization.MapEncoder$1.encode(MapEncoder.java:26)
[15:15:14] [Paper Watchdog Thread/ERROR]: 		com.mojang.serialization.MapCodec$2.encode(MapCodec.java:83)
[15:15:14] [Paper Watchdog Thread/ERROR]: 		com.mojang.serialization.codecs.RecordCodecBuilder$Instance$6.encode(RecordCodecBuilder.java:297)
[15:15:14] [Paper Watchdog Thread/ERROR]: 		com.mojang.serialization.codecs.RecordCodecBuilder$2.encode(RecordCodecBuilder.java:112)
[15:15:14] [Paper Watchdog Thread/ERROR]: 		com.mojang.serialization.MapCodec$MapCodecCodec.encode(MapCodec.java:164)
[15:15:14] [Paper Watchdog Thread/ERROR]: 		com.mojang.serialization.codecs.EitherCodec.lambda$encode$4(EitherCodec.java:35)
[15:15:14] [Paper Watchdog Thread/ERROR]: 		com.mojang.serialization.codecs.EitherCodec$$Lambda/0x0000000019a08790.apply(Unknown Source)
[15:15:14] [Paper Watchdog Thread/ERROR]: 		com.mojang.datafixers.util.Either$Right.map(Either.java:99)
[15:15:14] [Paper Watchdog Thread/ERROR]: 		com.mojang.serialization.codecs.EitherCodec.encode(EitherCodec.java:33)
[15:15:14] [Paper Watchdog Thread/ERROR]: 		com.mojang.serialization.codecs.EitherCodec.encode(EitherCodec.java:11)
[15:15:14] [Paper Watchdog Thread/ERROR]: 		com.mojang.serialization.Encoder$1.encode(Encoder.java:25)
[15:15:14] [Paper Watchdog Thread/ERROR]: 		com.mojang.serialization.Codec$2.encode(Codec.java:79)
[15:15:14] [Paper Watchdog Thread/ERROR]: 		com.mojang.serialization.Codec$RecursiveCodec.encode(Codec.java:224)
[15:15:14] [Paper Watchdog Thread/ERROR]: 		com.mojang.serialization.Encoder.encodeStart(Encoder.java:14)
[15:15:14] [Paper Watchdog Thread/ERROR]: 		io.papermc.paper.adventure.WrapperAwareSerializer.serialize(WrapperAwareSerializer.java:37)
[15:15:14] [Paper Watchdog Thread/ERROR]: 		io.papermc.paper.adventure.WrapperAwareSerializer.serialize(WrapperAwareSerializer.java:13)
[15:15:14] [Paper Watchdog Thread/ERROR]: 		io.papermc.paper.adventure.AdventureComponent.deepConverted(AdventureComponent.java:26)
[15:15:14] [Paper Watchdog Thread/ERROR]: 		io.papermc.paper.adventure.AdventureComponent.copy(AdventureComponent.java:67)
[15:15:14] [Paper Watchdog Thread/ERROR]: 		net.minecraft.world.scores.Objective.createFormattedDisplayName(Objective.java:79)
[15:15:14] [Paper Watchdog Thread/ERROR]: 		net.minecraft.world.scores.Objective.setDisplayName(Objective.java:89)
[15:15:14] [Paper Watchdog Thread/ERROR]: 		org.bukkit.craftbukkit.scoreboard.CraftObjective.displayName(CraftObjective.java:47)
[15:15:14] [Paper Watchdog Thread/ERROR]: 		RumilancePractice-1.76.53.jar//com.rumilance.practice.scoreboard.ScoreboardService.apply(ScoreboardService.java:768)
[15:15:14] [Paper Watchdog Thread/ERROR]: 		RumilancePractice-1.76.53.jar//com.rumilance.practice.scoreboard.ScoreboardService.update(ScoreboardService.java:510)
[15:15:14] [Paper Watchdog Thread/ERROR]: 		RumilancePractice-1.76.53.jar//com.rumilance.practice.scoreboard.ScoreboardService.tick(ScoreboardService.java:242)
[15:15:14] [Paper Watchdog Thread/ERROR]: 		RumilancePractice-1.76.53.jar//com.rumilance.practice.scoreboard.ScoreboardService$$Lambda/0x0000000019e27458.run(Unknown Source)
[15:15:14] [Paper Watchdog Thread/ERROR]: 		org.bukkit.craftbukkit.scheduler.CraftTask.run(CraftTask.java:78)
[15:15:14] [Paper Watchdog Thread/ERROR]: 		org.bukkit.craftbukkit.scheduler.CraftScheduler.mainThreadHeartbeat(CraftScheduler.java:474)
[15:15:14] [Paper Watchdog Thread/ERROR]: 		net.minecraft.server.MinecraftServer.tickChildren(MinecraftServer.java:1756)
[15:15:14] [Paper Watchdog Thread/ERROR]: 		net.minecraft.server.MinecraftServer.tickServer(MinecraftServer.java:1611)
[15:15:14] [Paper Watchdog Thread/ERROR]: 		net.minecraft.server.dedicated.DedicatedServer.tickServer(DedicatedServer.java:427)
[15:15:14] [Paper Watchdog Thread/ERROR]: 		net.minecraft.server.MinecraftServer.processPacketsAndTick(MinecraftServer.java:1667)
[15:15:14] [Paper Watchdog Thread/ERROR]: 		net.minecraft.server.MinecraftServer.runServer(MinecraftServer.java:1335)
[15:15:14] [Paper Watchdog Thread/ERROR]: 		net.minecraft.server.MinecraftServer.lambda$spin$2(MinecraftServer.java:388)
[15:15:14] [Paper Watchdog Thread/ERROR]: 		net.minecraft.server.MinecraftServer$$Lambda/0x0000000019057200.run(Unknown Source)
[15:15:14] [Paper Watchdog Thread/ERROR]: 		java.base@25.0.2/java.lang.Thread.runWith(Thread.java:1487)
[15:15:14] [Paper Watchdog Thread/ERROR]: 		java.base@25.0.2/java.lang.Thread.run(Thread.java:1474)
[15:15:14] [Paper Watchdog Thread/ERROR]: ------------------------------
[15:15:14] [Paper Watchdog Thread/ERROR]: --- DO NOT REPORT THIS TO PAPER - THIS IS NOT A BUG OR A CRASH ---
[15:15:14] [Paper Watchdog Thread/ERROR]: ------------------------------
[15:15:14] [Async Chat Thread - #66/INFO]: <Nkoinoko> kawasy999mswww
[15:15:18] [Server thread/INFO]: zqzf issued server command: /rpaccept _3rio
[15:15:18] [Server thread/INFO]: [NARENA] Match start kit=ht_vanilla _3rio vs zqzf
[15:15:18] [Server thread/INFO]: zqzf issued server command: /rpaccept _3rio
[15:15:19] [luckperms-worker-12/INFO]: [NARENA] [GSit] _3rio (MATCH): added [Owned[key=GSit.SitClick, value=false]], removed [Owned[key=GSit.SitClick, value=true]]
[15:15:19] [luckperms-worker-2/INFO]: [NARENA] [GSit] zqzf (MATCH): added [Owned[key=GSit.SitClick, value=false]], removed [Owned[key=GSit.SitClick, value=true]]
[15:15:21] [Server thread/INFO]: [NARENA] Re-pinning 1 participant(s) into arena 347738ef-482e-4d72-9f13-4835a3d78cf5 before countdown (match 809dd63b-6adf-4ced-96e5-8f4361689b53).
[15:15:34] [Server thread/INFO]: [NARENA] [Match] UNRANKED kit=sword players=[Ifuto_mitai, Nkoinoko] result=WINNER Nkoinoko
[15:15:35] [Server thread/INFO]: [NARENA] Match start kit=sword Ifuto_mitai vs Nkoinoko
[15:15:37] [Async Chat Thread - #66/INFO]: <Nkoinoko> lagggg
[15:15:59] [Server thread/INFO]: [NARENA] [Match] RANKED kit=ht_vanilla players=[_3rio, zqzf] result=WINNER zqzf
[15:15:59] [Server thread/INFO]: [NARENA] Match start kit=ht_vanilla _3rio vs zqzf
[15:16:01] [Notification Thread/WARN]: [com.fastasyncworldedit.core.Fawe] High memory usage detected, FAWE will attempt to slow operations to prevent a crash.
[15:16:12] [Server thread/INFO]: [NARENA] [Match] UNRANKED kit=sword players=[Ifuto_mitai, Nkoinoko] result=WINNER Nkoinoko
[15:16:15] [Server thread/INFO]: [NARENA] Match start kit=sword Ifuto_mitai vs Nkoinoko
[15:16:23] [Async Chat Thread - #66/INFO]: <Nkoinoko> imano tatakaikata kimokunakatta?
[15:16:31] [Async Chat Thread - #66/INFO]: <Ifuto_mitai> wakaran
[15:16:37] [Server thread/WARN]: [NARENA] [N Arena][DeathBridge] revive hook failed for _3rio
java.lang.NullPointerException
	at java.base/java.util.concurrent.ConcurrentHashMap.putVal(ConcurrentHashMap.java:1023) ~[?:?]
	at java.base/java.util.concurrent.ConcurrentHashMap.put(ConcurrentHashMap.java:1018) ~[?:?]
	at RumilancePractice-1.76.53.jar//com.rumilance.practice.match.MatchService.handleLethal(MatchService.java:1563) ~[?:?]
	at RumilancePractice-1.76.53.jar//com.rumilance.practice.match.MatchListener.lambda$onDeath$0(MatchListener.java:218) ~[?:?]
	at RumilancePractice-1.76.53.jar//com.rumilance.practice.combat.DeathBridge.runRuling(DeathBridge.java:148) ~[?:?]
	at RumilancePractice-1.76.53.jar//com.rumilance.practice.combat.DeathBridge.revivePlanned(DeathBridge.java:118) ~[?:?]
	at RumilancePractice-1.76.53.jar//com.rumilance.practice.combat.DeathBridge.lambda$onDeath$0(DeathBridge.java:91) ~[?:?]
	at org.bukkit.craftbukkit.scheduler.CraftTask.run(CraftTask.java:78) ~[paper-1.21.11.jar:1.21.11-131-6d5b910]
	at org.bukkit.craftbukkit.scheduler.CraftScheduler.mainThreadHeartbeat(CraftScheduler.java:474) ~[paper-1.21.11.jar:1.21.11-131-6d5b910]
	at net.minecraft.server.MinecraftServer.tickChildren(MinecraftServer.java:1756) ~[paper-1.21.11.jar:1.21.11-131-6d5b910]
	at net.minecraft.server.MinecraftServer.tickServer(MinecraftServer.java:1611) ~[paper-1.21.11.jar:1.21.11-131-6d5b910]
	at net.minecraft.server.dedicated.DedicatedServer.tickServer(DedicatedServer.java:427) ~[paper-1.21.11.jar:1.21.11-131-6d5b910]
	at net.minecraft.server.MinecraftServer.processPacketsAndTick(MinecraftServer.java:1667) ~[paper-1.21.11.jar:1.21.11-131-6d5b910]
	at net.minecraft.server.MinecraftServer.runServer(MinecraftServer.java:1335) ~[paper-1.21.11.jar:1.21.11-131-6d5b910]
	at net.minecraft.server.MinecraftServer.lambda$spin$2(MinecraftServer.java:388) ~[paper-1.21.11.jar:1.21.11-131-6d5b910]
	at java.base/java.lang.Thread.run(Thread.java:1474) ~[?:?]
[15:16:49] [Server thread/INFO]: [NARENA] [Match] UNRANKED kit=sword players=[Ifuto_mitai, Nkoinoko] result=WINNER Nkoinoko
[15:16:52] [Server thread/INFO]: [NARENA] Match start kit=sword Ifuto_mitai vs Nkoinoko
[15:16:53] [Server thread/INFO]: [NARENA] Re-pinning 1 participant(s) into arena 4490b182-95a8-44d3-929e-e4c1bfb75b4c before countdown (match eb7f53c4-2033-4550-9330-934f143e2c72).
[15:16:55] [Async Chat Thread - #66/INFO]: <Nkoinoko> うまくなってる
[15:16:59] [Async Chat Thread - #66/INFO]: <Nkoinoko> maeyori
[15:17:03] [Notification Thread/WARN]: [com.fastasyncworldedit.core.Fawe] High memory usage detected, FAWE will attempt to slow operations to prevent a crash.
[15:17:22] [Server thread/INFO]: [NARENA] [Match] UNRANKED kit=sword players=[Ifuto_mitai, Nkoinoko] result=WINNER Nkoinoko
[15:17:24] [Server thread/INFO]: [NARENA] Match start kit=sword Ifuto_mitai vs Nkoinoko
[15:17:25] [Server thread/INFO]: [NARENA] Re-pinning 1 participant(s) into arena 6db021f2-9aba-414b-bcda-23445d09768a before countdown (match a51751ba-5ea2-43de-b352-9dac06629872).
[15:17:28] [Async Chat Thread - #66/INFO]: <Nkoinoko> ft8
[15:17:37] [Async Chat Thread - #66/INFO]: <Nkoinoko> axeそのあとやろ
[15:17:48] [Server thread/INFO]: Kawasy_o0 lost connection: Disconnected
[15:17:49] [Server thread/INFO]: [NARENA] [Match] UNRANKED kit=mace players=[ml_Hika15, Kawasy_o0] result=WINNER ml_Hika15 (disconnect forfeit)
[15:17:49] [Server thread/INFO]: [NARENA] Disconnect forfeit recorded for e8a63fe1-b011-4149-8074-5303370c2922 in match c097d257-6437-4f4f-aac0-bdcdce1a4701
[15:17:54] [luckperms-worker-3/INFO]: [NARENA] [GSit] ml_Hika15 (LOBBY): added [Owned[key=GSit.SitClick, value=true]], removed [Owned[key=GSit.SitClick, value=false]]
[15:17:56] [Server thread/INFO]: [NARENA] [Match] UNRANKED kit=sword players=[Ifuto_mitai, Nkoinoko] result=WINNER Nkoinoko
[15:18:00] [Server thread/INFO]: [NARENA] Match start kit=sword Ifuto_mitai vs Nkoinoko
[15:18:04] [User Authenticator #19/INFO]: UUID of player PhantoomMC is 6f47fa20-bb0d-4aaa-b10c-1814aa62d52b
[15:18:05] [Server thread/INFO]: PhantoomMC[/127.100.192.237:58660] logged in with entity id 16006 at ([world]-10255.825598488542, 281.125, 5640.734459155151)
[15:18:10] [Async Chat Thread - #65/INFO]: <Ifuto_mitai> emelald to ready
[15:18:15] [Async Chat Thread - #65/INFO]: <Nkoinoko> やってる
[15:18:18] [Async Chat Thread - #65/INFO]: <Nkoinoko> まいかい
[15:18:18] [Async Chat Thread - #65/INFO]: <Ifuto_mitai> ane
[15:18:20] [Server thread/INFO]: PhantoomMC issued server command: /rpaccept ml_Hika15
[15:18:20] [Server thread/INFO]: [NARENA] Match start kit=sword ml_Hika15 vs PhantoomMC
[15:18:21] [luckperms-worker-15/INFO]: [NARENA] [GSit] PhantoomMC (MATCH): added [Owned[key=GSit.SitClick, value=false]], removed [Owned[key=GSit.SitClick, value=true]]
[15:18:21] [luckperms-worker-13/INFO]: [NARENA] [GSit] ml_Hika15 (MATCH): added [Owned[key=GSit.SitClick, value=false]], removed [Owned[key=GSit.SitClick, value=true]]
[15:18:22] [Server thread/INFO]: [NARENA] Re-pinning 1 participant(s) into arena 1cd88b07-c530-4720-bf25-7f7312462241 before countdown (match 8cb81b98-c429-4187-a32d-30491f5ca792).
[15:18:24] [Notification Thread/WARN]: [com.fastasyncworldedit.core.Fawe] High memory usage detected, FAWE will attempt to slow operations to prevent a crash.
[15:18:43] [Server thread/INFO]: [NARENA] [Match] UNRANKED kit=sword players=[Ifuto_mitai, Nkoinoko] result=WINNER Nkoinoko
[15:18:46] [Server thread/INFO]: [NARENA] Match start kit=sword Ifuto_mitai vs Nkoinoko
[15:18:53] [Notification Thread/WARN]: [com.fastasyncworldedit.core.Fawe] High memory usage detected, FAWE will attempt to slow operations to prevent a crash.
[15:18:58] [Server thread/INFO]: [NARENA] [Match] UNRANKED kit=sword players=[ml_Hika15, PhantoomMC] result=WINNER ml_Hika15
[15:19:01] [luckperms-worker-0/INFO]: [NARENA] [GSit] ml_Hika15 (LOBBY): added [Owned[key=GSit.SitClick, value=true]], removed [Owned[key=GSit.SitClick, value=false]]
[15:19:01] [luckperms-worker-10/INFO]: [NARENA] [GSit] PhantoomMC (LOBBY): added [Owned[key=GSit.SitClick, value=true]], removed [Owned[key=GSit.SitClick, value=false]]
[15:19:06] [Async Chat Thread - #65/INFO]: <PhantoomMC> laggg
[15:19:10] [Server thread/INFO]: PhantoomMC lost connection: Disconnected
[15:19:10] [Netty NIO IO #1/WARN]: Failed to update secure chat state for ml_Hika15: 'Chat disabled due to missing profile public key. Please try reconnecting.'
[15:19:15] [Server thread/INFO]: [NARENA] [Match] UNRANKED kit=sword players=[Ifuto_mitai, Nkoinoko] result=WINNER Nkoinoko
[15:19:17] [luckperms-worker-8/INFO]: [NARENA] [GSit] Nkoinoko (LOBBY): added [Owned[key=GSit.SitClick, value=true]], removed [Owned[key=GSit.SitClick, value=false]]
[15:19:17] [luckperms-worker-10/INFO]: [NARENA] [GSit] Ifuto_mitai (LOBBY): added [Owned[key=GSit.SitClick, value=true]], removed [Owned[key=GSit.SitClick, value=false]]
[15:19:20] [User Authenticator #20/INFO]: UUID of player yamanoko_ is 40bec237-1792-4786-bc17-e15192f3d7cb
[15:19:20] [Server thread/INFO]: yamanoko_[/127.101.188.117:58726] logged in with entity id 16661 at ([world]-10257.699999988079, 279.0, 5643.9333303991825)
[15:19:29] [Server thread/INFO]: ml_Hika15 issued server command: /hub
[15:19:30] [Async Chat Thread - #65/INFO]: <Nkoinoko> yamanokodaa
[15:19:31] [Async Chat Thread - #65/INFO]: <Ifuto_mitai> 11人集まると軽くなり 6ン人になるとラグくなる鯖
[15:19:32] [Server thread/INFO]: [NARENA] [Match] RANKED kit=ht_vanilla players=[_3rio, zqzf] result=WINNER _3rio
[15:19:34] [Async Chat Thread - #65/INFO]: <Nkoinoko> swordあとでやってみたい
[15:19:35] [Server thread/INFO]: [NARENA] Match start kit=ht_vanilla _3rio vs zqzf
[15:19:36] [Async Chat Thread - #65/INFO]: <Ifuto_mitai> それがnarena
[15:19:37] [Server thread/INFO]: [NARENA] Re-pinning 1 participant(s) into arena 2a28d455-0675-43fc-867a-504e1bde1f5f before countdown (match 26a965b2-ce82-4d75-a641-c22dbb0d3a5b).
[15:19:38] [Async Chat Thread - #65/INFO]: <Nkoinoko> kusa
[15:19:40] [Async Chat Thread - #65/INFO]: <_3rio> eritora suki
[15:19:47] [Server thread/INFO]: Ifuto_mitai issued server command: /rpaccept Nkoinoko
[15:19:47] [Server thread/INFO]: [NARENA] Match start kit=axe Nkoinoko vs Ifuto_mitai
[15:19:47] [luckperms-worker-10/INFO]: [NARENA] [GSit] Nkoinoko (MATCH): added [Owned[key=GSit.SitClick, value=false]], removed [Owned[key=GSit.SitClick, value=true]]
[15:19:47] [luckperms-worker-8/INFO]: [NARENA] [GSit] Ifuto_mitai (MATCH): added [Owned[key=GSit.SitClick, value=false]], removed [Owned[key=GSit.SitClick, value=true]]
[15:19:49] [Server thread/INFO]: [NARENA] Re-pinning 1 participant(s) into arena 8ebe5562-80a4-4446-9cf7-b060aafa35a5 before countdown (match 5514091a-bca3-4a99-b9fa-f03dfbe61edb).
[15:20:15] [Server thread/INFO]: [NARENA] [Match] RANKED kit=axe players=[Nkoinoko, Ifuto_mitai] result=WINNER Nkoinoko
[15:20:17] [luckperms-worker-8/INFO]: [NARENA] [GSit] Nkoinoko (LOBBY): added [Owned[key=GSit.SitClick, value=true]], removed [Owned[key=GSit.SitClick, value=false]]
[15:20:17] [luckperms-worker-10/INFO]: [NARENA] [GSit] Ifuto_mitai (LOBBY): added [Owned[key=GSit.SitClick, value=true]], removed [Owned[key=GSit.SitClick, value=false]]
[15:20:20] [Async Chat Thread - #65/INFO]: <Ifuto_mitai> oyakita
[15:20:21] [Server thread/INFO]: Ifuto_mitai lost connection: Disconnected
[15:20:25] [Async Chat Thread - #65/INFO]: <Nkoinoko> arara
[15:20:36] [Server thread/INFO]: ml_Hika15 lost connection: Disconnected
[15:20:44] [Async Chat Thread - #65/INFO]: <_3rio> ww
[15:21:05] [Server thread/INFO]: [NARENA] [Match] RANKED kit=ht_vanilla players=[_3rio, zqzf] result=WINNER zqzf
[15:21:07] [Async Chat Thread - #65/INFO]: <_3rio> a
[15:21:08] [Server thread/INFO]: [NARENA] Match start kit=ht_vanilla _3rio vs zqzf
[15:21:09] [Server thread/INFO]: [NARENA] Re-pinning 1 participant(s) into arena 5f8f031c-a885-49b7-8a26-7a2c4dd484f6 before countdown (match be7cda20-6f1b-446e-a357-dd878dc3aad6).
[15:21:10] [Async Chat Thread - #65/INFO]: <zqzf> unti
[15:21:13] [Async Chat Thread - #65/INFO]: <_3rio> tyanto yaru
[15:21:43] [Server thread/INFO]: yamanoko_ issued server command: /rpaccept Nkoinoko
[15:21:54] [Server thread/INFO]: yamanoko_ issued server command: /rpaccept Nkoinoko
[15:21:54] [Server thread/INFO]: [NARENA] Match start kit=sword Nkoinoko vs yamanoko_
[15:21:54] [luckperms-worker-13/INFO]: [NARENA] [GSit] Nkoinoko (MATCH): added [Owned[key=GSit.SitClick, value=false]], removed [Owned[key=GSit.SitClick, value=true]]
[15:21:54] [luckperms-worker-10/INFO]: [NARENA] [GSit] yamanoko_ (MATCH): added [Owned[key=GSit.SitClick, value=false]], removed [Owned[key=GSit.SitClick, value=true]]
[15:22:18] [Server thread/INFO]: [NARENA] [Match] RANKED kit=sword players=[Nkoinoko, yamanoko_] result=WINNER yamanoko_
[15:22:19] [luckperms-worker-10/INFO]: [NARENA] [GSit] Nkoinoko (LOBBY): added [Owned[key=GSit.SitClick, value=true]], removed [Owned[key=GSit.SitClick, value=false]]
[15:22:19] [luckperms-worker-6/INFO]: [NARENA] [GSit] yamanoko_ (LOBBY): added [Owned[key=GSit.SitClick, value=true]], removed [Owned[key=GSit.SitClick, value=false]]
[15:22:21] [Async Chat Thread - #67/INFO]: <Nkoinoko> ww
[15:22:24] [Async Chat Thread - #67/INFO]: <Nkoinoko> maketaaa
[15:22:27] [Server thread/INFO]: yamanoko_ lost connection: Disconnected
[15:22:35] [Server thread/ERROR]: [NARENA] [Quantum] HeroBot spawn failed for profile NARENA_BOT_09b06 at Location{world=CraftWorld{name=world},x=-10250.319800152134,y=277.0,z=5648.311406928638,pitch=0.0,yaw=0.0}
java.lang.UnsupportedOperationException
	at com.google.common.collect.ImmutableMultimap.put(ImmutableMultimap.java:508) ~[guava-33.5.0-jre.jar:?]
	at com.google.common.collect.ForwardingMultimap.put(ForwardingMultimap.java:102) ~[guava-33.5.0-jre.jar:?]
	at RumilancePractice-1.76.53.jar//com.rumilance.practice.herobot.HeroBotRegistry.spawn(HeroBotRegistry.java:118) ~[?:?]
	at RumilancePractice-1.76.53.jar//com.rumilance.practice.herobot.HeroBotRegistry.spawn(HeroBotRegistry.java:90) ~[?:?]
	at RumilancePractice-1.76.53.jar//com.rumilance.practice.quantum.QuantumRuntime.spawnBot(QuantumRuntime.java:710) ~[?:?]
	at RumilancePractice-1.76.53.jar//com.rumilance.practice.gui.menus.PracticeBotSelectGui.handleClick(PracticeBotSelectGui.java:220) ~[?:?]
	at RumilancePractice-1.76.53.jar//com.rumilance.practice.gui.GuiListener.clickSafely(GuiListener.java:267) ~[?:?]
	at RumilancePractice-1.76.53.jar//com.rumilance.practice.gui.GuiListener.dispatchTopClick(GuiListener.java:327) ~[?:?]
	at RumilancePractice-1.76.53.jar//com.rumilance.practice.gui.GuiListener.onClick(GuiListener.java:252) ~[?:?]
	at co.aikar.timings.TimedEventExecutor.execute(TimedEventExecutor.java:80) ~[paper-api-1.21.11-R0.1-SNAPSHOT.jar:?]
	at org.bukkit.plugin.RegisteredListener.callEvent(RegisteredListener.java:71) ~[paper-api-1.21.11-R0.1-SNAPSHOT.jar:?]
	at io.papermc.paper.plugin.manager.PaperEventManager.callEvent(PaperEventManager.java:54) ~[paper-1.21.11.jar:1.21.11-131-6d5b910]
	at io.papermc.paper.plugin.manager.PaperPluginManagerImpl.callEvent(PaperPluginManagerImpl.java:131) ~[paper-1.21.11.jar:1.21.11-131-6d5b910]
	at org.bukkit.plugin.SimplePluginManager.callEvent(SimplePluginManager.java:628) ~[paper-api-1.21.11-R0.1-SNAPSHOT.jar:?]
	at net.minecraft.server.network.ServerGamePacketListenerImpl.handleContainerClick(ServerGamePacketListenerImpl.java:3297) ~[paper-1.21.11.jar:1.21.11-131-6d5b910]
	at net.minecraft.network.protocol.game.ServerboundContainerClickPacket.handle(ServerboundContainerClickPacket.java:59) ~[paper-1.21.11.jar:1.21.11-131-6d5b910]
	at net.minecraft.network.protocol.game.ServerboundContainerClickPacket.handle(ServerboundContainerClickPacket.java:14) ~[paper-1.21.11.jar:1.21.11-131-6d5b910]
	at net.minecraft.network.PacketProcessor$ListenerAndPacket.handle(PacketProcessor.java:99) ~[paper-1.21.11.jar:1.21.11-131-6d5b910]
	at net.minecraft.network.PacketProcessor.executeSinglePacket(PacketProcessor.java:33) ~[paper-1.21.11.jar:1.21.11-131-6d5b910]
	at net.minecraft.server.MinecraftServer.pollTask(MinecraftServer.java:1499) ~[paper-1.21.11.jar:1.21.11-131-6d5b910]
	at net.minecraft.server.MinecraftServer.recordTaskExecutionTimeWhileWaiting(MinecraftServer.java:1225) ~[paper-1.21.11.jar:1.21.11-131-6d5b910]
	at net.minecraft.server.MinecraftServer.runServer(MinecraftServer.java:1341) ~[paper-1.21.11.jar:1.21.11-131-6d5b910]
	at net.minecraft.server.MinecraftServer.lambda$spin$2(MinecraftServer.java:388) ~[paper-1.21.11.jar:1.21.11-131-6d5b910]
	at java.base/java.lang.Thread.run(Thread.java:1474) ~[?:?]
[15:22:45] [luckperms-worker-6/INFO]: [NARENA] [GSit] Nkoinoko (MATCH): added [Owned[key=GSit.SitClick, value=false]], removed [Owned[key=GSit.SitClick, value=true]]
[15:22:59] [Server thread/INFO]: Nkoinoko lost connection: Disconnected
[15:23:22] [Server thread/INFO]: [NARENA] [Match] RANKED kit=ht_vanilla players=[_3rio, zqzf] result=WINNER zqzf
[15:23:23] [Async Chat Thread - #67/INFO]: <_3rio> a
[15:23:28] [luckperms-worker-6/INFO]: [NARENA] [GSit] zqzf (LOBBY): added [Owned[key=GSit.SitClick, value=true]], removed [Owned[key=GSit.SitClick, value=false]]
[15:23:28] [luckperms-worker-8/INFO]: [NARENA] [GSit] _3rio (LOBBY): added [Owned[key=GSit.SitClick, value=true]], removed [Owned[key=GSit.SitClick, value=false]]
[15:23:58] [Server thread/INFO]: zqzf issued server command: /rpaccept _3rio
[15:23:58] [Server thread/INFO]: [NARENA] Match start kit=uhc _3rio vs zqzf
[15:23:59] [luckperms-worker-8/INFO]: [NARENA] [GSit] _3rio (MATCH): added [Owned[key=GSit.SitClick, value=false]], removed [Owned[key=GSit.SitClick, value=true]]
[15:23:59] [luckperms-worker-6/INFO]: [NARENA] [GSit] zqzf (MATCH): added [Owned[key=GSit.SitClick, value=false]], removed [Owned[key=GSit.SitClick, value=true]]
[15:23:59] [Server thread/INFO]: [NARENA] Re-pinning 2 participant(s) into arena 4925bd94-bb8f-4ed5-9c9b-7116c13bfda5 before countdown (match 4734a630-48e3-4825-aedd-108570768f5d).
[15:25:01] [Async Chat Thread - #69/INFO]: <_3rio> a
[15:25:08] [User Authenticator #21/INFO]: UUID of player seyanasan is d87fc5ad-ced5-4161-924c-8348c92b201a
[15:25:09] [Server thread/INFO]: seyanasan[/127.123.9.238:59016] logged in with entity id 16997 at ([world]-10272.029888461104, 302.0, 5635.1850950012185)
[15:25:22] [luckperms-worker-8/INFO]: [NARENA] [GSit] seyanasan (MATCH): added [Owned[key=GSit.SitClick, value=false]], removed [Owned[key=GSit.SitClick, value=true]]
[15:26:03] [Server thread/INFO]: [NARENA] [Match] RANKED kit=uhc players=[_3rio, zqzf] result=WINNER zqzf
[15:26:04] [luckperms-worker-8/INFO]: [NARENA] [GSit] seyanasan (LOBBY): added [Owned[key=GSit.SitClick, value=true]], removed [Owned[key=GSit.SitClick, value=false]]
[15:26:04] [luckperms-worker-6/INFO]: [NARENA] [GSit] _3rio (LOBBY): added [Owned[key=GSit.SitClick, value=true]], removed [Owned[key=GSit.SitClick, value=false]]
[15:26:04] [luckperms-worker-10/INFO]: [NARENA] [GSit] zqzf (LOBBY): added [Owned[key=GSit.SitClick, value=true]], removed [Owned[key=GSit.SitClick, value=false]]
[15:26:05] [Async Chat Thread - #69/INFO]: <_3rio> waaaa
[15:26:15] [Async Chat Thread - #69/INFO]: <_3rio> oreyowaiyo..
[15:26:19] [Server thread/INFO]: _3rio issued server command: /rpaccept seyanasan
[15:26:19] [Server thread/INFO]: [NARENA] Match start kit=sword seyanasan vs _3rio
[15:26:20] [luckperms-worker-13/INFO]: [NARENA] [GSit] seyanasan (MATCH): added [Owned[key=GSit.SitClick, value=false]], removed [Owned[key=GSit.SitClick, value=true]]
[15:26:20] [luckperms-worker-6/INFO]: [NARENA] [GSit] _3rio (MATCH): added [Owned[key=GSit.SitClick, value=false]], removed [Owned[key=GSit.SitClick, value=true]]
[15:26:20] [Async Chat Thread - #69/INFO]: <_3rio> w
[15:26:21] [Server thread/INFO]: [NARENA] Re-pinning 1 participant(s) into arena 12d5bb96-e5c1-4b6c-b484-c5e9f999d137 before countdown (match 2b8783fc-63d3-4981-a5ee-32173c5784ab).
[15:26:23] [Async Chat Thread - #69/INFO]: <_3rio> mazideyowaiyo
[15:26:26] [luckperms-worker-13/INFO]: [NARENA] [GSit] zqzf (MATCH): added [Owned[key=GSit.SitClick, value=false]], removed [Owned[key=GSit.SitClick, value=true]]
[15:26:38] [Server thread/INFO]: [Not Secure] [Server] RGun作ってみるか
[15:26:47] [Async Chat Thread - #69/INFO]: <zqzf> smp立てないの？
[15:26:58] [Server thread/INFO]: [Not Secure] [Server] たてるか
[15:27:01] [Server thread/INFO]: [NARENA] [Match] UNRANKED kit=sword players=[seyanasan, _3rio] result=WINNER seyanasan
[15:27:03] [Async Chat Thread - #69/INFO]: <zqzf> nice!
[15:27:04] [Async Chat Thread - #69/INFO]: <_3rio> aa
[15:27:04] [luckperms-worker-10/INFO]: [NARENA] [GSit] _3rio (LOBBY): added [Owned[key=GSit.SitClick, value=true]], removed [Owned[key=GSit.SitClick, value=false]]
[15:27:04] [luckperms-worker-13/INFO]: [NARENA] [GSit] seyanasan (LOBBY): added [Owned[key=GSit.SitClick, value=true]], removed [Owned[key=GSit.SitClick, value=false]]
[15:27:04] [luckperms-worker-6/INFO]: [NARENA] [GSit] zqzf (LOBBY): added [Owned[key=GSit.SitClick, value=true]], removed [Owned[key=GSit.SitClick, value=false]]
[15:27:13] [Server thread/INFO]: _3rio issued server command: /rpaccept seyanasan
[15:27:13] [Server thread/INFO]: [NARENA] Match start kit=uhc seyanasan vs _3rio
[15:27:14] [luckperms-worker-8/INFO]: [NARENA] [GSit] seyanasan (MATCH): added [Owned[key=GSit.SitClick, value=false]], removed [Owned[key=GSit.SitClick, value=true]]
[15:27:14] [luckperms-worker-7/INFO]: [NARENA] [GSit] _3rio (MATCH): added [Owned[key=GSit.SitClick, value=false]], removed [Owned[key=GSit.SitClick, value=true]]
[15:27:17] [luckperms-worker-7/INFO]: [NARENA] [GSit] zqzf (MATCH): added [Owned[key=GSit.SitClick, value=false]], removed [Owned[key=GSit.SitClick, value=true]]
[15:27:50] [Server thread/INFO]: [NARENA] [Match] UNRANKED kit=uhc players=[seyanasan, _3rio] result=WINNER seyanasan
[15:27:51] [Server thread/INFO]: [NARENA] Match start kit=uhc seyanasan vs _3rio
[15:27:53] [Server thread/INFO]: [NARENA] Re-pinning 1 participant(s) into arena be193463-f46c-471e-8b91-11000d815472 before countdown (match e1595bb2-d9e9-4aaa-a475-46bf54b77566).
[15:28:03] [Async Chat Thread - #69/INFO]: <zqzf> 3rio 誰team?
[15:28:17] [Async Chat Thread - #69/INFO]: <_3rio> haittenai
[15:29:02] [Server thread/INFO]: [NARENA] [Match] UNRANKED kit=uhc players=[seyanasan, _3rio] result=WINNER seyanasan
[15:29:05] [Async Chat Thread - #71/INFO]: <_3rio> aaaa
[15:29:05] [Server thread/INFO]: [NARENA] Match start kit=uhc seyanasan vs _3rio
[15:29:07] [Async Chat Thread - #71/INFO]: <_3rio> kumo uma
[15:29:16] [Async Chat Thread - #71/INFO]: <seyanasan> sennkyu
[15:29:51] [Async Chat Thread - #71/INFO]: <seyanasan> ragu
[15:29:56] [Async Chat Thread - #71/INFO]: <_3rio> sorena
[15:29:57] [Server thread/INFO]: [Not Secure] [Server] tojimasu 入りなおすとSMPいける
[15:30:06] [Server thread/INFO]: [Not Secure] [Server] SMPつけたからlagui
[15:30:26] [Server thread/INFO]: zqzf lost connection: Disconnected
[15:30:28] [Async Chat Thread - #71/INFO]: <_3rio> mate
[15:30:35] [Async Chat Thread - #69/INFO]: <_3rio> iewo tateyou
[15:30:40] [Server thread/INFO]: [Not Secure] [Server] owatteii?
[15:30:41] [Async Chat Thread - #69/INFO]: <seyanasan> ha?
[15:30:55] [Server thread/INFO]: [Not Secure] [Server] smp ni kaeru
[15:31:06] [User Authenticator #22/INFO]: UUID of player zqzf is 1f3eae68-6bbd-45c4-9c95-67eb13981402
[15:31:07] [Server thread/INFO]: zqzf[/127.176.188.22:59319] logged in with entity id 17043 at ([world]-54319.64993940579, -10.344277366437195, 35601.61831685755)
[15:31:07] [luckperms-worker-11/INFO]: [NARENA] [GSit] zqzf (LOBBY): added [Owned[key=GSit.SitClick, value=true]], removed [Owned[key=GSit.SitClick, value=false]]
[15:31:07] [Server thread/INFO]: [NARENA] zqzf keeps playing without the resource pack (declined) — text rank badges apply
[15:31:23] [Server thread/INFO]: [NARENA] [Match] UNRANKED kit=uhc players=[seyanasan, _3rio] result=WINNER seyanasan
[15:31:25] [Async Chat Thread - #69/INFO]: <_3rio> aaa
[15:31:26] [luckperms-worker-13/INFO]: [NARENA] [GSit] seyanasan (LOBBY): added [Owned[key=GSit.SitClick, value=true]], removed [Owned[key=GSit.SitClick, value=false]]
[15:31:26] [luckperms-worker-11/INFO]: [NARENA] [GSit] _3rio (LOBBY): added [Owned[key=GSit.SitClick, value=true]], removed [Owned[key=GSit.SitClick, value=false]]
[15:31:31] [Async Chat Thread - #69/INFO]: <_3rio> baketunainatta
[15:31:44] [Async Chat Thread - #71/INFO]: <seyanasan> seyana
[15:31:48] [Async Chat Thread - #71/INFO]: <_3rio> douyatte smp ikuno?>
[15:31:55] [Server thread/INFO]: [Not Secure] [Server] 抜けて入りなおすか
[15:31:57] [Async Chat Thread - #71/INFO]: <seyanasan> ./server smp
[15:31:58] [Server thread/INFO]: [Not Secure] [Server] /server smp
[15:32:06] [Async Chat Thread - #71/INFO]: <_3rio> arigatou
[15:32:15] [Server thread/INFO]: seyanasan lost connection: Disconnected
[15:32:19] [Server thread/INFO]: _3rio issued server command: /
[15:32:23] [Async Chat Thread - #71/INFO]: <zqzf> smp
[15:32:24] [Async Chat Thread - #71/INFO]: <zqzf> iku
[15:32:26] [Async Chat Thread - #71/INFO]: <_3rio> qde ti-mu?
[15:32:35] [Server thread/INFO]: [Not Secure] [Server] tojirune
[15:32:35] [Async Chat Thread - #71/INFO]: <zqzf> 銅だと思う？
[15:32:38] [Server thread/INFO]: _3rio lost connection: Disconnected
[15:32:39] [Async Chat Thread - #71/INFO]: <zqzf> ok
[15:32:40] [Server thread/INFO]: Stopping the server
[15:32:40] [Server thread/INFO]: Stopping server
[15:32:40] [Server thread/INFO]: [GooseSync] Disabling GooseSync v26.1.2
[15:32:40] [Server thread/INFO]: [GooseSync] GooseSync has been disabled!
[15:32:40] [Server thread/INFO]: [InvSee++] Disabling InvSeePlusPlus v0.31.10
[15:32:40] [Server thread/INFO]: [KnockbackSync] Disabling KnockbackSync v1.3.6-dev-b138
[15:32:40] [Server thread/INFO]: [Maintenance] Disabling Maintenance v5.0.0
[15:32:40] [Server thread/INFO]: [FasterCrystals] Disabling FasterCrystals v2.2.1
[15:32:40] [Server thread/INFO]: [packetevents] Disabling packetevents v2.13.0
[15:32:40] [Server thread/INFO]: [NARENA] Disabling NARENA v1.76.53
[15:32:40] [Server thread/INFO]: [com.rumilance.practice.libs.hikari.HikariDataSource] RumilancePracticePool - Shutdown initiated...
[15:32:40] [Server thread/INFO]: [com.rumilance.practice.libs.hikari.HikariDataSource] RumilancePracticePool - Shutdown completed.
[15:32:40] [Server thread/INFO]: [NARENA] NARENA has been disabled.
[15:32:40] [Server thread/INFO]: [LuckPerms] Disabling LuckPerms v5.5.42
[15:32:40] [Server thread/INFO]: [LuckPerms] Starting shutdown process...
[15:32:40] [Server thread/INFO]: [LuckPerms] Closing storage...
[15:32:41] [Server thread/INFO]: [LuckPerms] Goodbye!
[15:32:41] [Server thread/INFO]: [GSit] Disabling GSit v3.5.1
[15:32:41] [Server thread/INFO]: [GSit] The plugin was successfully disabled.
[15:32:41] [Server thread/INFO]: [ProtocolLib] Disabling ProtocolLib v5.4.0
[15:32:41] [Server thread/INFO]: [FastAsyncWorldEdit] Disabling FastAsyncWorldEdit v2.15.0+59372c5
[15:32:41] [Server thread/INFO]: Unregistering com.sk89q.worldedit.bukkit.BukkitServerInterface from WorldEdit
[15:32:41] [Server thread/INFO]: [PlaceholderAPI] Disabling PlaceholderAPI v2.12.2
[15:32:41] [Server thread/INFO]: Saving players
[15:32:42] [Server thread/INFO]: zqzf lost connection: Server closed
[15:32:42] [Server thread/INFO]: zqzf left the game
[15:32:43] [Server thread/INFO]: Saving worlds
[15:32:43] [Server thread/INFO]: Saving chunks for level 'ServerLevel[world]'/minecraft:overworld
[15:32:45] [spark-java-sampler-0-4/WARN]: [spark] Timed out waiting for world statistics
[15:32:45] [Server thread/INFO]: [ChunkHolderManager] Waiting 60s for chunk system to halt for world 'world'
[15:32:45] [Server thread/INFO]: [ChunkHolderManager] Halted chunk system for world 'world'
[15:32:45] [Server thread/INFO]: [ChunkHolderManager] Saving all chunkholders for world 'world'
[15:32:50] [Server thread/INFO]: [ChunkHolderManager] Saved 1833 block chunks, 1833 entity chunks, 0 poi chunks in world 'world' in 4.92s
[15:32:50] [Server thread/INFO]: [ChunkHolderManager] Waiting 60s for chunk I/O to halt for world 'world'
[15:32:50] [Server thread/INFO]: [ChunkHolderManager] Halted I/O scheduler for world 'world'
[15:32:51] [Server thread/INFO]: Saving chunks for level 'ServerLevel[world_nether]'/minecraft:the_nether
[15:32:51] [Server thread/INFO]: [ChunkHolderManager] Waiting 60s for chunk system to halt for world 'world_nether'
[15:32:51] [Server thread/INFO]: [ChunkHolderManager] Halted chunk system for world 'world_nether'
[15:32:51] [Server thread/INFO]: [ChunkHolderManager] Saving all chunkholders for world 'world_nether'
[15:32:51] [Server thread/INFO]: [ChunkHolderManager] Saved 0 block chunks, 0 entity chunks, 0 poi chunks in world 'world_nether' in 0.00s
[15:32:51] [Server thread/INFO]: [ChunkHolderManager] Waiting 60s for chunk I/O to halt for world 'world_nether'
[15:32:51] [Server thread/INFO]: [ChunkHolderManager] Halted I/O scheduler for world 'world_nether'
[15:32:51] [Server thread/INFO]: Saving chunks for level 'ServerLevel[world_the_end]'/minecraft:the_end
[15:32:51] [Server thread/INFO]: [ChunkHolderManager] Waiting 60s for chunk system to halt for world 'world_the_end'
[15:32:51] [Server thread/INFO]: [ChunkHolderManager] Halted chunk system for world 'world_the_end'
[15:32:51] [Server thread/INFO]: [ChunkHolderManager] Saving all chunkholders for world 'world_the_end'
[15:32:51] [Server thread/INFO]: [ChunkHolderManager] Saved 0 block chunks, 0 entity chunks, 0 poi chunks in world 'world_the_end' in 0.00s
[15:32:51] [Server thread/INFO]: [ChunkHolderManager] Waiting 60s for chunk I/O to halt for world 'world_the_end'
[15:32:51] [Server thread/INFO]: [ChunkHolderManager] Halted I/O scheduler for world 'world_the_end'
[15:32:51] [Server thread/INFO]: ThreadedAnvilChunkStorage (world): All chunks are saved
[15:32:51] [Server thread/INFO]: ThreadedAnvilChunkStorage (DIM-1): All chunks are saved
[15:32:51] [Server thread/INFO]: ThreadedAnvilChunkStorage (DIM1): All chunks are saved
[15:32:51] [Server thread/INFO]: ThreadedAnvilChunkStorage: All dimensions are saved
[15:32:51] [Server thread/INFO]: Waiting for all RegionFile I/O tasks to complete...
[15:32:51] [Server thread/INFO]: All RegionFile I/O tasks to complete
[15:32:51] [Server thread/INFO]: [MoonriseCommon] Awaiting termination of worker pool for up to 60s...
[15:32:51] [Server thread/INFO]: [MoonriseCommon] Awaiting termination of I/O pool for up to 60s...
